Question_id,Question,Question_entity,CompMix_answer_label,CompMix_answer_id,GRASP_SPARQL_answer,Consistency_score,Inconsistency_category,LLM_result
97,What is the name of the movie in which Gregory Peck played the character of a lawyer which is based on the novel written by author Harper Lee?,Q108366,To Kill a Mockingbird,Q177922,,,Incomplete schema,False
8573,"What was the name of The X-Files spin-off that started that featured the X-Files characters Melvin Frohike, John Fitzgerald Byers, and Richard Langly?",Q2744,The Lone Gunmen,Q1218201,The Lone Gunmen,1.0000001192092896,,True
9400,What is the name of the team that was played against in which Rafael Pereira da Silva committed a foul and Fábio Pereira da Silva was booked?,Q189184,Barnsley F.C.,Q19442,,,Incomplete schema,False
8812,Which novel introduced the character George Smiley who also appeared in The Spy Who Came in from the Cold and A Murder of Quality?,Q2335880,Call for the Dead,Q652350,Call for the Dead,1.0,,True
741,Who is the actress playing the character of one of the broke girls other than the role played by Kat Dennings in 2 Broke Girls?,Q231751,Beth Behrs,Q264306,Beth Behrs,1.0000001192092896,,False
8810,What was the name of a main character that appears in both The Spy Who Came in from the Cold and A Murder of Quality?,Q468071,George Smiley,Q2335880,John le Carré,0.4024257063865661,inconsistent,False
6614,"How many goals did Ellen White, Alex Morgan, and Megan Rapinoe each score at the 2019 FIFA Women's World Cup?",Q4630361,6,6,,,Incomplete schema,False
1837,Is the actor who played the FBI agent Carl Hanratty in Catch Me If You Can younger or older than Leonardo DiCaprio?,Q38111,Older,Q2214293,,,Incomplete schema,False
734,What is the name of the album by The Police that won a Grammy award as well as a Juno award?,Q178095,Synchronicity,Q1064318,,,Incomplete schema,False
2150,What is the name of the actor who portrayed the bumbling anchorman on the situation comedy The Mary Tyler Moore Show?,Q7692997,Ted Knight,Q1277943,Ted Knight,1.0,,True
8811,For which organization did George Smiley work in The Spy Who Came in from the Cold and A Murder of Quality?,Q2335880,Secret Intelligence Service,Q184560,Secret Intelligence Service,1.0,,True
2288,What is the name of the actress that played Lisbeth Salander in 2011 film The Girl with the Dragon Tattoo?,Q1191282,Rooney Mara,Q228766,,,Incomplete schema,True
8565,When was the song I Saved the World Today from the album Peace by the Eurythmics released as a single?,Q935372,4 October 1999,1999-10-04T00:00:00Z,,,Incomplete schema,True
8815,How many John le Carré novels featured the character George Smiley after The Spy Who Came in from the Cold?,Q209641,6,6,,,Incomplete schema,False
8572,"What was the name of the song by Moby that was featured in the episode ""all things"" on The X-Files?",Q14045,The Sky Is Broken,The Sky Is Broken,,,Incomplete schema,False
1448,What is the name of the actor who plays the character of Luke Skywalker in the film Star Wars: The Last Jedi?,Q18486021,Mark Hamill,Q210447,,,Incomplete schema,False
3534,In 2006 which team did the former San Jose Earthquakes head coach Dominic Kinnear joined after the team went on a hiatus?,Q978882,Houston Dynamo FC,Q328313,San Jose Earthquakes,0.2845796942710876,inconsistent,False
2780,What is the actor's name from the TV series The Big Bang Theory who also starred in the movie School for Scoundrels?,Q8539,Jim Parsons,Q190972,,,Incomplete schema,True
6320,What is the title of the short story that F. Scott Fitzgerald considered to be the first draft for The Great Gatsby?,Q93354,Winter Dreams,Q14008449,Tender Is the Night,0.244937777519226,inconsistent,False
6897,What is the name of the actor who won the Academy Award for Best Actor for his performance in The King's Speech?,Q160060,Colin Firth,Q162492,,,Incomplete schema,False
2897,Name the Los Angeles rock and roll band known for hits like November Rain and Sweet Child o' Mine which came together in 1985.,Q11399,Guns N\u2019 Roses,Q11895,,,Incomplete schema,False
2147,What beloved TV character was played by Mary Tyler Moore after she starred in The Dick Van Dyke Show?,Q615944,Mary Richards,Q6780602,,,Incomplete schema,True
7722,How many goals did Pat Healey make in the 2008 season when he was playing for Crystal Palace Baltimore?,Q7143535,8,8,,,Incomplete schema,False
1209,What is the name of the actor in the movie Jumanji: Welcome to the Jungle who is also a WWE star?,Q20762680,Dwayne Johnson,Q10738,,,Incomplete schema,False
3798,What was Bob Bradley's previous job before he took the job as the head coach of the United States men's national soccer team?,Q442325,C.D. Chivas USA,Q642433,,,Incomplete schema,True
738,What is the name of the actress playing the role of Max Black in the TV series 2 Broke Girls?,Q32488,Kat Dennings,Q231751,,,Incomplete schema,True
1353,"Which empire did Miguel de Cervantes, the author of Don Quixote, lived in at the time of the book's publication?",Q5682,Habsburg Spain,Q600093,Crown of Castile,0.4361327290534973,inconsistent,False
4908,What is the name of the author of The Eye of the World from the Wheel of Time book series?,Q477994,Robert Jordan,Q166351,Robert Jordan,1.0,,True
1828,Which player was awarded the most number of Man of the match titles in the FIFA world cup of 2006?,Q37285,Andrea Pirlo,Q43926,,,Incomplete schema,False
5046,What was the name of the actor who played the role of Silvio Dante on the TV series The Sopranos?,Q23628,Steven Van Zandt,Q354181,Steven Van Zandt,1.0000001192092896,,False
5368,What is the name of the actress who featured in both the movies The Breakfast Club and Pretty in Pink?,Q499152,Molly Ringwald,Q231460,Molly Ringwald,1.0,,True
8561,What was the title of the seventh track on the album Sweet Dreams (Are Made of This) by the Eurythmics?,Q1069455,Love Is a Stranger,Q596054,,,Incomplete schema,True
199,What is the name of the actress who plays the role of Jay Pritchett's second wife in the TV series Modern Family?,Q16756,Sof\u00EDa Vergara,Q231911,Julie Bowen,0.1235164999961853,inconsistent,True
2892,What LA-based hard rock band formed in 1985 and is known for songs such as Sweet Child o' Mine and November Rain?,Q11399,Guns N\u2019 Roses,Q11895,,,Incomplete schema,False
6328,Which girl band formed in 1980 had 30 singles reach the Top 50 of the UK Singles Chart between 1982 and 2009?,Q193259,Bananarama,Q725926,,,Incomplete schema,False
9109,"Where is the location of the photo on the album cover, where the 4 members of the Beatles walk across the road?",Q1299,Abbey Road,Q173643,United Kingdom,0.3269577622413635,inconsistent,True
6427,What was the first movie that Mila Kunis who played Jackie on That '70s Show act in?,Q208072,Santa with Muscles,Q1631700,,,Incomplete schema,False
9313,What film did James L. Brooks direct that starred Jack Nicholson besides As Good as It Gets?,Q95125,Terms of Endearment,Q185071,Terms of Endearment,0.9999998807907104,,False
1835,Who is the author of the semi-autobiographical book that the movie Catch Me If You Can is based on?,Q208108,Frank Abagnale,Q116774,Frank Abagnale,1.0000001192092896,,True
202,What is the name of the TV series played by Joe Manganiello where his character was called Alcide Herveaux?,Q470005,True Blood,Q186219,The Southern Vampire Mysteries,0.3117117285728454,inconsistent,False
3706,What is the name of the actor playing the character of Bill Compton in the TV series True Blood?,Q186219,Stephen Moyer,Q316622,,,Incomplete schema,True
2525,What is the character's name that was the love interest of the character Jack Dawson in the film Titanic?,Q3805567,Rose DeWitt Bukater,Q4892194,Rose DeWitt Bukater,1.0000001192092896,,True
2138,"Who was the author of the novel Airport, the source material for the 1970 film of the same name?",Q409022,Arthur Hailey,Q249544,Arthur Hailey,1.0,,False
948,What is the name of the actor playing the character role of Harvey Specter in the TV series Suits?,Q18509256,Gabriel Macht,Q320651,,,Incomplete schema,False
1853,How many appearance did the American goalkeeper Sean Johnson make with the US men's national soccer team in 2011?,Q2458826,1,1,,,Incomplete schema,False
3799,Did the United States men's national team coached by Bob Bradley made it to the World Cup knockout stage?,Q164134,Yes,Yes,,,Incomplete schema,False
3703,What is the name of the role played by Michael C. Hall in the TV show Six Feet Under?,Q203268,David Fisher,Q5233661,,,Incomplete schema,False
1598,What is the name of the film in the Bridget Jones series that was not directed by Sharon Maguire?,Q27657001,Bridget Jones: The Edge of Reason,Q843612,,,Incomplete schema,True
4643,What is the running time of the first movie of The Hobbit series - The Hobbit: An Unexpected Journey?,Q74331,169 minutes,169 minutes,169.0,0.4552576243877411,inconsistent,True
6440,"What is the name of the ghostwriter of the first book in the Hardy Boys series, The Tower Treasure?",Q1471089,Leslie McFarlane,Q14767574,Leslie McFarlane,1.0000001192092896,,False
6343,What is the total number of appearances made by Marco Reus as of 2021 for the club Borussia Dortmund?,Q152377,332,332,Paulo Sousa,0.212803304195404,inconsistent,False
5778,What is the name of the book that comes after the book Killing Floor in the Jack Reacher series?,Q911224,Die Trying,Q5274452,,,Incomplete schema,True
5618,Does the show Would I Lie To You have the comedian Lee Mack as a captain of a team?,Q655817,Yes,Yes,,,Incomplete schema,False
6065,What is the name of the actress who plays the role of Blair Waldorf in the show Gossip girl?,Q199853,Leighton Meester,Q199931,Leighton Meester,1.0,,True
6611,As of 2020 how many FIFA Women's World Cup wins does the United States women's national soccer team have?,Q19323,4,4,,,Incomplete schema,False
6168,"What year was it on Earth in the last novel of The Chronicles of Narnia series, The Last Battle?",Q483412,1949,1949-01-01T00:00:00Z,,,Incomplete schema,False
6837,Is the 2019 movie Little Women an adaptation of novel of the same name written by Louisa May Alcott?,Q56881140,Yes,Yes,,,Incomplete schema,True
8844,Which actor returned in the 1980s TV version of Mission: Impossible who was also in the original Mission: Impossible?,Q715107,Peter Graves,Q156532,,,Incomplete schema,True
7924,What is the name of the actress playing the role of Hugh Bonneville's character's eldest daughter in Downton Abbey?,Q155775,Michelle Dockery,Q259760,,,Incomplete schema,False
7116,Which 2009 first person shooter game did Lance Henriksen who was Frank Black in Millennium did voice work for?,Q312077,Call of Duty: Modern Warfare 2,Q486351,,,Incomplete schema,False
6893,What is the name of the actress who played the role of Colin Firth's wife in The King's Speech?,Q160060,Helena Bonham Carter,Q170428,,,Incomplete schema,False
575,Who is the director of the first part The Curse of the Black Pearl  in the flim Pirates of the Caribbean?,Q194318,Gore Verbinski,Q295463,Gore Verbinski,1.0,,True
9402,What is the name of the football player who won the player of the season title in 2021 for Barnsley F.C?,Q19442,Micha\u0142 Helik,Q16236772,,,Incomplete schema,False
2148,In what city did the character of Mary Richards reside on The Mary Tyler Moore Show?,Q6780602,Minneapolis,Q36091,,,Incomplete schema,False
8576,"Besides The X-Files, what other show by Chris Carter did Mark Snow compose the music for?",Q534413,Millennium,Q1477859,Millennium,1.0,,False
4744,What is the name of the character played by actress Anna Paquin in the TV series True Blood?,Q199884,Sookie Stackhouse,Q2624424,,,Incomplete schema,False
314,Who Was the Oops!... I Did It Again song on the Britney Spears album Baby One More Time?,Q733931,Yes,Yes,,,Incomplete schema,False
4579,What is the Publication date of the second book of the novel series Little House on the Prairie?,Q5400672,1 October 1993,1993-10-01T00:00:00Z,Little House on the Prairie,,,False
729,What is the name of the 2012 movie that fetched Meryl Streep an Oscar for the best actress?,Q873,The Iron Lady,Q269810,,,Incomplete schema,False
1228,What is the name of the person who replaced Tony Waddington as the manager of Stoke City F.C.?,Q18736,George Eastham,Q709041,Mark Robins,0.2418572902679443,inconsistent,False
3380,What team did the United States men's national soccer team faced in the 2009 FIFA Confederations Cup final?,Q183674,Brazil national football team,Q83459,Brazil men's national football team,0.8681268692016602,,True
2338,"What is the publication date of the second book ""The Subtle Knife"" of the series His Dark Materials?",Q129240,22 July 1997,1997-07-22T00:00:00Z,1997-01-01T00:00:00Z,0.5,inconsistent,True
112,What Emmy award did the actress Anna Gunn get for her role in the TV show Breaking Bad?,Q271050,Primetime Emmy Award for Outstanding Supporting Actress in a Drama Series,Q1285504,Primetime Emmy Award for Outstanding Supporting Actress in a Drama Series,1.0,,True
187,What was the name of the character played by the actress Lindsay Lohan in the movie Mean Girls?,Q44903,Cady Heron,Q51596897,,,Incomplete schema,True
3178,What is the name of the captain for the football club Chelsea in the 2012 Champions League final?,Q9616,Frank Lampard,Q41533,,,Incomplete schema,False
2782,What is the name of the character Jim Parsons plays in the TV series The Big Bang Theory?,Q190972,Sheldon Cooper,Q629583,Sheldon Cooper,1.0,,True
2930,What is the name of the actor playing the character of Professor in the TV series Money Heist?,Q29647346,\u00C1lvaro Morte,Q17566714,,,Incomplete schema,True
4682,What is the name of the renowned singer who was part of the bands Aerosmith and Chain Reaction?,Q126826,Steven Tyler,Q194045,,,Incomplete schema,True
94,"What pseudonym did Charlotte Brontë use for her book The Green Dwarf, A Tale of the Perfect Tense?",Q127332,Lord Charles Albert Florian Wellesley,Lord Charles Albert Florian Wellesley,Lord Charles Wellesley,0.797411322593689,,False
1858,The American goalkeeper Sean Johnson played how many game for the US men's national soccer team in 2011?,Q2458826,1,1,,,Incomplete schema,False
6194,Did Olympique Lyonnais retained their league title when Megan Rapinoe was on their roster from 2013 to 2014?,Q260725,Yes,Yes,,,Incomplete schema,False
6192,Who took the penalty kick that Alex Morgan won in the 2019 Women's World Cup final against Netherland?,Q64831570,Megan Rapinoe,Q260725,KALRN,0.2258805334568023,inconsistent,True
7120,What year did Tim Howard play his first game for the senior United Stated men's national soccer team?,Q200785,2002,2002-01-01T00:00:00Z,,,Incomplete schema,False
9397,What are the names of the other writers who won the Emmy Award with Gideon Raff in 2012?,Q123737,Howard Gordon,Q2410088,,,Incomplete schema,False
8571,What is the name of the episode of The X-Files that was written and directed by Gillian Anderson?,Q485298,all things,Q4730233,,,Incomplete schema,False
8580,What was the name of the musical group that David Beckham's wife Victoria Beckham was in from 1994-2000?,Q19810,Spice Girls,Q55641,,,Incomplete schema,True
6905,What was the name of the dog that played the character of Lassie in the TV series Lassie?,Q289537,Pal,Q7126106,,,Incomplete schema,False
6832,Is the 2019 movie Little Women based on the 1868 Louisa May Alcott novel of the same name?,Q56881140,Yes,Yes,,,Incomplete schema,True
726,What is the name of the role played by the actress Meryl streep in the movie The Devil Wears Prada?,Q873,Miranda Priestly,Q2720206,,,Incomplete schema,False
1847,In which year did the American sitcom series Will & Grace return for another three seasons after ending in 2006?,Q212135,2017,2017-01-01T00:00:00Z,1998-09-21T00:00:00Z,,,True
1852,What year did the American sitcom series Will & Grace return for three more seasons after the original run ended?,Q212135,2017,2017-01-01T00:00:00Z,1998-09-21T00:00:00Z,,,False
6190,Which American soccer player became the first female to appear on the cover of a FIFA video game in 2015?,Q326704,Alex Morgan,Q233510,,,Incomplete schema,False
6459,Name of the TV series that was an adaptation of the movie Cast Away and was co-created by Jeffrey Lieber?,Q376260,Lost,Q23567,,,Incomplete schema,False
6412,How many movies were in the Die Hard series before A Good Day to Die Hard came out in 2013?,Q2716420,4,4,,,Incomplete schema,True
8037,What was the name of the 1994 Warren G hip-hop single that reached No. 2 on the Billboard Hot 100?,Q319585,Regulate,Q7309633,,,Incomplete schema,False
6852,"Out of the 86 appearance for the Germany national association football team, how many time was Kahn the team captain?",Q131261,49,49,,,Incomplete schema,False
2149,Who were the creators of the situation comedy known as The Mary Tyler Moore Show?,Q615944,James L. Brooks,Q95125,James L. Brooks,1.0000001192092896,,False
2152,Who did Mary Tyler Moore play following her stint on The Dick Van Dyke Show?,Q615944,Mary Richards,Q6780602,,,Incomplete schema,False
6186,What is the birthday of the actress who portrayed the housekeeper of the Frasier household?,Q6869178,18 April 1961,1961-04-18T00:00:00Z,Kelsey Grammer,,,False
8726,Did The Cranberries release their last album after the death of lead singer Dolores O'Riordan?,Q60642525,yes,Yes,,,Incomplete schema,False
2151,What was the year of the final season of the situation comedy The Mary Tyler Moore Show?,Q615944,1977,1977-01-01T00:00:00Z,1977-03-09T00:00:00Z,0.5,inconsistent,True
2154,What is the name of the set of rules under which the sport of soccer is played?,Q506630,Laws of the Game,Q506630,Laws of the Game,1.0000001192092896,,True
1840,The 2002 movie Catch Me If You Can is based on the semi-autobiographical book written by who?,Q208108,Frank Abagnale,Q116774,,,Incomplete schema,True
4130,Have the Portland Timbers won the MLS Cup before they lost to New York FC in 2021?,Q1031200,Yes,Yes,,,Incomplete schema,True
1597,What is the name of the role played by actor Hugh Grant in the Bridget Jones series?,Q27657001,Daniel Cleaver,Daniel Cleaver,,,Incomplete schema,False
4637,What is the Publication date of the first book of the novel series The Chronicles of Narnia?,Q483412,16 October 1950,1950-10-16T00:00:00Z,,,Incomplete schema,True
4173,What is the name of the first James Bond movie with Daniel Craig in the lead role?,Q2009573,Casino Royale,Q151904,,,Incomplete schema,True
2072,Who was the winner of the Nobel Prize in Literature the year Brave New World was published?,Q191949,John Galsworthy,Q82248,,,Incomplete schema,False
4932,Which player scored the most goals for the D.C. United during the 1996 Major League Soccer season?,Q238593,Ra\u00FAl D\u00EDaz Arce,Q2035466,,,Incomplete schema,False
2888,Who is the actor who starred in Blazing Saddles and also appeared in Mel Brooks' Young Frankenstein?,Q957323,Gene Wilder,Q191966,,,Incomplete schema,True
2768,What is the name of the character played by Macaulay Culkin in the first Home Alone film?,Q103578,Kevin McCallister,Q55653512,,,Incomplete schema,False
98,What is the name of the character Gregory Peck played in the movie To Kill a Mockingbird?,Q108366,Atticus Finch,Q525777,,,Incomplete schema,False
6612,When did the United States women's national soccer team get their 4th FIFA Women's World Cup win?,Q19323,2019,2019-01-01T00:00:00Z,,,Incomplete schema,False
5787,What is the name of the actress who stars in the films Freaky Friday and True Lies?,Q110397,Jamie Lee Curtis,Q106997,Jamie Lee Curtis,1.0000001192092896,,False
6321,What book set in Jazz Age considered to be a Great American Novel was written in 1925?,Q388483,The Great Gatsby,Q214371,,,Incomplete schema,False
9157,What was the name of the actor who played Charlie in Willy Wonka and the Chocolate Factory?,Q936327,Peter Ostrum,Q386564,Peter Ostrum,0.9999999403953552,,False
8744,Who was the captain of the Women's National Soccer Team during their 2015 Women's World Cup win?,Q334526,Christie Pearce,Q181302,Christie Pearce,1.000000238418579,,True
8745,Which players were co-captains for the US Women's National Soccer Team during their 2019 World Cup victory?,Q334526,Megan Rapinoe,Q260725,Megan Rapinoe,1.0000001192092896,,True
6854,How many World Cup titles the Italy national football team has before winning it again in 2006?,Q676899,3,3,,,Incomplete schema,False
7488,"In which year was the author of the Book ""The Power of Habit"" Charles Duhigg was born?",Q16979586,1974,1974-01-01T00:00:00Z,1974-01-01T00:00:00Z,1.0,,False
6836,Which 1985 science fiction novel series written by Orson Scott Card is a good example of bildungsroman?,Q223945,Ender's Game,Q816016,,,Incomplete schema,False
1057,"Who won the Best Actor award in the Los Angeles Film Critics Association Awards for the movie ""Taxi Driver""?",Q47221,Robert De Niro,Q36949,,,Incomplete schema,False
3183,What was the name of the last novel that Hercule Poirot appeared in that was authored by Agatha Christie?,Q731626,Curtain,Q731626,,,Incomplete schema,True
722,Which book is the sequel to the second book The Wicked King in The Folk of the Air series?,Q47008389,The Queen of Nothing,The Queen of Nothing,,,Incomplete schema,False
2707,"Who won the Best Film Music award in the 26th British Academy Film Awards for the movie ""The Godfather""?",Q47703,Nino Rota,Q214665,,,Incomplete schema,True
1468,What is the name of the player who had captained Arsenal and was named its head coach in 2019?,Q9617,Mikel Arteta,Q185572,,,Incomplete schema,True
1064,"When was the original version of the song ""I am not a woman, I’m a god"" released in USA?",Q108822278,31 August 2021,2021-08-31T00:00:00Z,,,Incomplete schema,False
3366,Who were the main actors in The Sting that won an Academy Award for Best Picture over American Graffiti?,Q62665,Paul Newman,Q41871,Paul Newman,1.0000001192092896,,True
1135,According to the 11 Nov 2021 result who called the most capped player in Brazil Nation Football Team ?,Q83459,Cafu,Q5017206,,,Incomplete schema,False
2284,What is the name of the actor that play the killer in the The Girl with the Dragon Tattoo?,Q474093,Stellan Skarsg\u00E5rd,Q208667,Stellan Skarsgård,0.8214832544326782,,False
6417,"Before A Good Day to Die Hard's release in 2013, how many movies were in the Die Hard series?",Q2716420,4,4,,,Incomplete schema,True
5400,Which album by Selena Gomez & The Scene was released first:Kiss & Tell or when the sun goes down?,Q726076,Kiss & Tell,Q848484,,,Incomplete schema,False
6063,Name of the band from Dublin has a lead vocalist who got the Time Person of the Year award?,Q207826,U2,Q396,,,Incomplete schema,False
7626,Who was the director of the episode called Welcome to the Hellmouth in the Buffy the Vampire Slayer series?,Q2902031,Charles Martin Smith,Q730100,,,Incomplete schema,True
8581,What was the name of the football club David Beckham made his first team debut with at age 17?,Q10520,Manchester United F.C.,Q18656,Manchester United F.C.,1.0,,True
9118,Who is the character that Robin ends up marrying in the last season of How I Met Your Mother?,Q838512,Barney Stinson,Q838512,Barney Stinson,1.0,,True
7625,"What is the name of the first episode of the first season of the series, Buffy the Vampire Slayer?",Q183513,Welcome to the Hellmouth,Q2902031,,,Incomplete schema,False
8172,What was the name of the author of the book on which the movie The Notebook was based on?,Q223374,Nicholas Sparks,Q219377,Nicholas Sparks,1.0,,True
2564,Was the song Legend in Your Own Time on the Carly Simon album Anticipation?,Q17020238,Yes,Yes,,,Incomplete schema,True
2172,Which album by Metallica was released first: Ride the Lightning or Master of Puppets?,Q15920,Ride the Lightning,Q190989,Ride the Lightning,1.0,,False
6461,In which year did the player Luís Figo transfer from Barcelona to Real Madrid?,Q483145,2000,2000-01-01T00:00:00Z,,,Incomplete schema,False
5143,Who provided a loan for Álvaro Morata to play for Serie A club Juventus?,Q48770,La Liga,Q324867,,,Incomplete schema,False
1826,What number of appearances has Andrea Pirlo made for the football club New York City FC?,Q13361030,62,62,2.0,0.2828794717788696,inconsistent,False
3856,What is the name of the actress who played Lorelai's daughter in the show Gilmore Girls?,Q193462,Alexis Bledel,Q192887,Alexis Bledel,1.0000001192092896,,True
2763,What is the genre of the book The Importance of Being Earnest written by Oscar Wilde?,Q830501,comedy,Q40831,comedy,1.0,,False
3145,What year did the El Salvador national football team make their first FIFA World Cup appearance?,Q188228,1970,1970-01-01T00:00:00Z,,,Incomplete schema,True
1165,After their 2018 FIFA World Cup win how many wins did France national football team have?,Q47774,2,2,0,0.5292221307754517,inconsistent,False
2894,On what date was Guns N' Roses inducted into the Rock and Roll Hall of Fame?,Q11895,14 April 2012,2012-04-14T00:00:00Z,,,Incomplete schema,False
3598,What was the other book to get the Newbery Honor in 2019 besides The Night Diary?,Q622813,Q65119016,Q65119016,,,Incomplete schema,False
1458,What was the name of the role played by the actor Stephen Amell in Arrow series?,Q616960,Oliver Queen,Q19866576,,,Incomplete schema,True
368,What award did Ellen DeGeneres receive for playing Dory with the category Favorite Animated Movie Voice?,Q483325,People's Choice Awards,Q501058,,,Incomplete schema,False
205,What is the number of goals scored by Kylian Mbappé for France in the year 2018?,Q21621995,9,9,,,Incomplete schema,False
3774,Which actor played Carl Lee Hailey in the 1996 movie adaptation of A Time to Kill?,Q1213715,Samuel L. Jackson,Q172678,,,Incomplete schema,False
1855,Sean Johnson was the second choice goalkeeper behind which player during the 2013 CONCACAF Gold Cup?,Q2458826,Nick Rimando,Q1356730,,,Incomplete schema,False
1833,What type of bomber did the main character Captain John Yossarian fly in the novel Catch-22?,Q278208,B-25 Mitchell,Q502117,,,Incomplete schema,False
3692,What was the name of the character played by Brad Pitt in the movie Fight Club?,Q35332,Tyler Durden,Q4001141,,,Incomplete schema,False
1301,What actor plays the leading role of Randle McMurphy in One Flew Over the Cuckoo's Nest?,Q2089370,Jack Nicholson,Q39792,Jack Nicholson,1.0,,True
4639,What is the date of birth of the The Chronicles of Narnia writer C. S. Lewis?,Q9204,29 November 1898,1898-11-29T00:00:00Z,1898-11-29T00:00:00Z,1.0,,True
1687,Did Robin Shou reprised his role as Kiu Kang in the rebooted 2021 Mortal Kombat movie?,Q353049,No,No,,,Incomplete schema,False
6589,What book did  George R. R. Martin write that was a New York Times best seller?,Q9684,A Feast for Crows,Q1764445,A Song of Ice and Fire,0.3150882720947265,inconsistent,False
6453,What is the name of the band which had Darren Hayes and Daniel Jones as members?,Q527055,Savage Garden,Q493710,,,Incomplete schema,True
6170,Which actor portrayed Peter Pevensie in the 1988 BBC tv adaptation of The Chronicles of Narnia?,Q1627590,Richard Dempsey,Q730353,Richard Dempsey,1.0000001192092896,,True
6415,Which movie did Samuel L. Jackson win a BAFTA award for best supporting actor in 1994?,Q172678,Pulp Fiction,Q104123,,,Incomplete schema,False
6608,What ship do they use to escape at the end of Space Pilot 3000 in Futurama?,Q185831,Planet Express Ship,Q1075007,,,Incomplete schema,False
6602,"What year did the Diana, Princess of Wales version of Candle in the Wind come out?",Q56071967,1997,1997-01-01T00:00:00Z,,,Incomplete schema,True
6139,What was the Kazuo Ishiguro's next novel to be released after The Remains of the Day?,Q272855,The Unconsoled,Q7771331,The Remains of the Day,0.330658346414566,inconsistent,False
5149,What is the date of birth of the Diary of a Wimpy Kid's creator Jeff Kinney?,Q1339580,19 February 1971,1971-02-19T00:00:00Z,1949-11-01T00:00:00Z,,,False
9395,What is the total number of years served by Gideon Raff in the Israel Defense Forces?,Q58967,3,3,,,Incomplete schema,False
6667,Which Master Chef Australia season did the chef Emelia Jackson appear before winning in season 12?,Q97576729,"MasterChef Australia, series 6",Q16997425,,,Incomplete schema,False
7531,What is the date of birth of lead drummer Tico Torres of the Band Bon Jovi?,Q259254,7 October 1953,1953-10-07T00:00:00Z,1953-10-07T00:00:00Z,1.0,,False
7669,"Which country awarded the author Najib Mahfouz by ""Grand Cordon of the Order of the Nile""?",Q1783222,Egypt,Q79,Egypt,1.0000001192092896,,True
9349,Who managed Norwich City F.C. when they were promoted to the English Premier League in 2021?,Q18721,Daniel Farke,Q30015253,Philippe Clement,0.4121274948120117,inconsistent,False
9345,Which team promoted to the English Premier League for 2021-22 won the EFL Championship in 2021?,Q9448,Norwich City F.C.,Q18721,,,Incomplete schema,False
7489,"The author of the Book ""The Power of Habit"" Charles Duhigg is residing in which city?",Q16979586,Santa Cruz,Q159232,,,Incomplete schema,False
4572,what is Kylian Mbappé age when he became the youngest French player to score at a World Cup?,Q21621995,18,18,,,Incomplete schema,False
1822,What is the name of the presenter who hosted most of the TV show America's Next Top Model?,Q31426,BanX,Q172303,Tyra Banks,0.2344655245542526,inconsistent,False
2893,Who is the lead singer and front man of the iconic rock and roll band Guns N' Roses?,Q11895,Axl Rose lml,Q11885,,,Incomplete schema,True
3092,What were the demographics of black people in Memphis Tennessee when If Beale Street Could Talk was written?,Q60388749,Memphis,Q16563,,,Incomplete schema,False
111,What is the name of the actress who plays the character Skyler White in the series Breaking Bad?,Q6586283,Anna Gunn,Q271050,Anna Gunn,1.0,,True
1685,Which fighting video game franchise developed by Midway Games was adapted into a live action movie in 1995?,Q241163,Mortal Kombat,Q819196,,,Incomplete schema,True
3312,"When was released the song ""I'm Your Angel"" in United States in the format of Contemporary hit radio?",Q4922282,13 October 1998,1998-10-13T00:00:00Z,,,Incomplete schema,False
2210,What is the name of the actor who played the character Steve Taylor in the TV series Coupling?,Q1137587,Jack Davenport,Q310930,Jack Davenport,1.0,,True
2919,What is the name of the political party that Clint Eastwood was affiliated to in the year 1970?,Q43203,Republican Party,Q29468,Republican Party,1.0,,False
2047,What is the name of the actress who won the Academy Award in 2014 instead of Sandra Bullock?,Q13419956,Cate Blanchett,Q80966,,,Incomplete schema,False
580,Director of the first part The Curse of the Black Pearl  in the flim Pirates of the Caribbean?,Q194318,Gore Verbinski,Q295463,,,Incomplete schema,True
3797,Who was the head coach of the United States men's national soccer team during the 2010 World Cup?,Q164134,Bob Bradley,Q442325,Mauricio Pochettino,0.1182257682085037,inconsistent,False
2155,"In the sport of soccer, what the two most prestigious competitions?",Q18756,UEFA Champions League,Q18756,,,Incomplete schema,False
439,What is the name of the character played by the actor Cillian Murphy in the series Peaky Blinders?,Q14944179,Tommy Shelby,Q16803320,,,Incomplete schema,True
3906,Which album by The rolling stones was released first:The Rolling Stones No. 2 or you can't catch me?,Q11036,The Rolling Stones No. 2,Q930757,The Rolling Stones No. 2,1.0,,False
3179,Who was the author of the famed series of novels and short stories about the detective Hercule Poirot?,https://en.wikipedia.org/wiki/Hercule_Poirot#Appearance_and_proclivities,Hercule Poirot,Q170534,Agatha Christie,0.3518458604812622,inconsistent,False
576,"Who is the screenwriter  of the second part ""Dead Man's Chest"" in the flim Pirates of the Caribbean?",Q194318,Terry Rossio,Q942914,Terry Rossio,1.0,,True
4487,What is the total number of players on each team in a game of soccer AKA association football?,Q2736,11,11,,,Incomplete schema,False
5997,What was the name of the actor who played Willy Wonka in Willy Wonka and the Chocolate Factory?,Q936327,Gene Wilder,Q191966,,,Incomplete schema,False
5492,"When was the song ""Easy on Me"" released in United States in the format of Adult contemporary radio?",Q108805763,18 October 2021,2021-10-18T00:00:00Z,2021-10-15T00:00:00Z,0.6,,False
5295,"Who was the head coach for CF Montréal soccer team from August 10, 2011 to November 3, 2012?",Q167615,Jesse Marsch,Q1336179,,,Incomplete schema,False
6333,Which 1980 girl band had 30 Top 50 singles in the UK singles chart between 1982 and 2009?,Q193259,Bananarama,Q725926,,,Incomplete schema,False
9095,"When was the movie, The Lord of the Rings: The Fellowship of the Ring, directed by Peter Jackson?",Q127367,2001,2001-01-01T00:00:00Z,,,Incomplete schema,False
8729,What song did the band The Cranberries win a MTV Europe Music Award for Best Song in 1995?,Q483810,Zombie,Q169298,,,Incomplete schema,False
7204,Who wrote the novel A Song of Ice and Fire on which Game of Thrones was based on?,Q181677,George R. R. Martin,Q181677,George R. R. Martin,1.000000238418579,,False
8492,What is the name of the street that the University of Television and Film Munich is found on?,Q569350,Bernd-Eichinger-Platz,Q823225,Bernd-Eichinger-Platz,1.0000001192092896,,True
9128,What is the FIFA organization that was founded in Mexico City and currently includes all of North America?,Q160549,CONCACAF,Q160549,,,Incomplete schema,True
4351,What number of years later was the sequel of The Bourne Identity released?,Q868683,2,2,,,Incomplete schema,False
2283,Who played Lisbeth Salander in David Fincher's The Girl with the Dragon Tattoo?,Q1191282,Rooney Mara,Q228766,,,Incomplete schema,True
2136,What costume designer received an Oscar nomination for working on the film Airport?,Q409022,Edith Head,Q234961,,,Incomplete schema,False
6462,What was the fee of Luís Figo's transfer from Barcelona to Real Madrid?,Q483145,€62 million,€62 million,,,Incomplete schema,False
3385,What country did the United States play against in the 2009 FIFA Confederations Cup final?,Q183674,Brazil national football team,Q83459,,,Incomplete schema,False
4580,Is the book Farmer boy based on the childhood of the Wilder's husband Almanzo Wilder?,Q5435715,Yes,Yes,Farmer Boy,0.1843812018632888,inconsistent,False
3156,Name the character played by the actor Robin Williams in the play Waiting for Godot.,Q83338,Estragon,Q5401769,,,Incomplete schema,False
3858,Who was the captain of Manchester United F.C. when they won the 1999 FA cup?,Q18656,Roy Keane,Q188632,,,Incomplete schema,False
2048,What is the film which won Cate Blanchett the Oscar for best actress in 2014?,Q80966,Blue Jasmine,Q2907178,,,Incomplete schema,False
1608,What is the name of the actress playing the role of Betty Cooper in Riverdale?,Q23001951,Lili Reinhart,Q28653501,Lili Reinhart,1.0,,True
1478,Who won the Los Angeles Film Critics Association Award for Best Actor in Ordinary People?,Q503034,Timothy Hutton,Q310324,,,Incomplete schema,False
1850,In the 1998-1999 NBC Must See TV lineup which show directly preceded Will & Grace?,Q4044675,Friends,Q79784,,0.4142826199531555,Incomplete schema,False
1884,Did United States women's national soccer team also win the 2019 FIFA women's world cup?,Q334526,Yes,Yes,,,Incomplete schema,True
2774,What is the name of the Queen band member who wrote the song Bohemian Rhapsody?,Q15862,Freddie Mercury,Q15869,Freddie Mercury,1.000000238418579,,True
2133,"In what year was the movie adaptation of the book Carrie, by Stephen King, made?",Q39829,1976,1976-01-01T00:00:00Z,,,Incomplete schema,False
1823,Who won the most Man of the match awards in the 2006 FIFA World Cup?,Q37285,Andrea Pirlo,Q43926,,,Incomplete schema,False
2890,Which well-known '70s comedian played a key role in writing the screenplay for Blazing Saddles?,Q957323,Richard Pryor,Q294912,,,Incomplete schema,True
2146,What was the name of the boy band who released the single MMMBop in 1996?,Q768621,MMMBop,Q11987482,,,Incomplete schema,False
2524,What is the name of the character played by Leonardo DiCaprio in the film Titanic?,Q38111,Jack Dawson,Q3805567,,,Incomplete schema,False
1444,Which writer's mother was named Anne-Charlotte-Laure Sallambier and was also conferred upon with Légion d'honneur?,Q19112644,Honor\u00E9 de Balzac,Q9711,Honoré de Balzac,0.8495538830757141,,False
2896,What was the name of the 28-month tour Guns N' Roses embarked upon in 1991?,Q11895,Use Your Illusion Tour,Q268925,,,Incomplete schema,False
1305,What year were Simon & Garfunkel inducted into the Rock and Roll Hall of Fame?,Q484918,1990,1990-01-01T00:00:00Z,,,Incomplete schema,False
4171,What is the name of the actor cast opposite Rachel Weisz in the film Constantine?,Q134077,Keanu Reeves,Q43416,,,Incomplete schema,False
1230,What year did the first feature film adaptation of the novel Nineteen Eighty-Four come out?,Q208460,1956,1956-01-01T00:00:00Z,1984-10-10T00:00:00Z,,,False
1921,What book followed the Fellowship of the Ring in the Lord of the Rings series?,Q208002,The Two Towers,Q332388,The Two Towers,0.9999999403953552,,True
4543,What member of the San Jose Earthquakes won the Landon Donovan MVP Award in 201?,Q575370,Chris Wondolowski,Q1077877,,,Incomplete schema,False
1839,Which movie did Steven Spielberg directed the same year as Catch Me If You Can?,Q8877,Minority Report,Q244604,,,Incomplete schema,False
4812,How many goals did Pele scored for Brazil national football team in the year 1971?,Q12897,1,1,,,Incomplete schema,False
4907,When was The Eye of the World from the Wheel of Time book series published?,Q477994,15 January 1990,1990-01-15T00:00:00Z,,,Incomplete schema,True
1588,Which English football club made history by being the first to achieve the European treble?,Q2736,Manchester United F.C.,Q18656,Liverpool F.C.,0.7871441841125488,,False
758,What was the next starring role Mel Gibson had after the science fiction movie Signs?,Q42229,Edge of Darkness,Q760093,,,Incomplete schema,False
2144,"What is the name of the ""middle member"" of the popular teen pop band Hanson?",Q2610405,Taylor Hanson,Q2610405,,,Incomplete schema,True
1923,Who dies in Lord of the Rings trying to get the ring back at Mordor?,Q177329,Gollum,Q15007,Frodo Baggins,0.441444844007492,inconsistent,False
4622,"What position did ""If You Had My Love"" debut at on the Billboard Hot 100?",Q848739,If You Had My Love,Q848739,,,Incomplete schema,False
1821,Who won the America's Next Top Model in the season next to Adrianne Curry's cycle?,Q31426,Yoanna House,Q434414,,,Incomplete schema,True
6162,What other cup besides the US Open Cup did Chicago Fire FC win in 1998?,Q308683,MLS Cup,Q577698,MLS Cup 1998,0.8258533477783203,,True
6316,Which 1925 novel set in the Jazz age is hailed as a Great American Novel?,Q388483,The Great Gatsby,Q214371,1920,0.3100783824920654,inconsistent,False
5820,Who are the producers of the Coloratura song from the album Music of the Spheres?,Q107636410,"M. Martin, Holter, Rahko","M. Martin, Holter, Rahko",Max Martin,0.4893900156021118,inconsistent,False
6009,What is the name of the actress who played Bloom in Fate: The Winx Saga?,Q68210731,Abigail Cowen,Q63379797,,,Incomplete schema,True
6601,"Did Elton John rewrite Candle in the Wind to be about Diana, Princess of Wales?",Q56071967,Yes,Yes,,,Incomplete schema,False
6593,Which character did Mark Hamill play in Star Wars: Episode IV – A New Hope?,Q17738,Luke Skywalker,Q51746,,,Incomplete schema,True
6486,Did the main character Daredevil appear in other Marvel Cinematic Universe tv shows and movies?,Q16977365,Yes,Yes,The Defenders,0.2123085111379623,inconsistent,True
5791,What is the name of the show in which Shakira and Adam Levine were judges?,Q34424,"The Voice, U.S. season 4",Q7772981,VH1 Divas,0.2498279213905334,inconsistent,False
7068,Has The Independent selected The White Tiger as one of the 12 best Indian novels?,Q2301826,Yes,Yes,,,Incomplete schema,False
7667,In which year was the first novel Palace Walk in the series Cairo Trilogy published?,Q5017794,1956,1956-01-01T00:00:00Z,1956-01-01T00:00:00Z,1.0,,False
7277,What is the publication date of the second book of the series The Kane Chronicles?,Q2516759,9 May 2011,2011-05-09T00:00:00Z,,,Incomplete schema,False
7342,What was the name of the character played by Mel Gibson in the film Braveheart?,Q162729,William Wallace,Q82457,William Wallace,1.0,,True
7119,Which American goalkeeper made 15 saves in a World Cup match against Belgium in 2014?,Q79859,Tim Howard,Q200785,,,Incomplete schema,False
9094,"What is the name of the first movie in the series, Lord of the Rings?",Q190214,The Lord of the Rings: The Fellowship of the Ring,Q127367,,,Incomplete schema,True
8031,What's the name of the 1960 psychological horror film produced and directed by Alfred Hitchcock?,Q7374,Psycho,Q163038,,,Incomplete schema,True
9389,What is the name of the actress playing the role of Carrie Mathison in Homeland?,Q5046271,Claire Danes,Q867813,,,Incomplete schema,True
7100,The 1997 science fiction movie Contact was based on a novel written by which author?,Q270215,Carl Sagan,Q410,,,Incomplete schema,True
6648,Which other book than Rabbit Is Rich has won a Pulitzer Prize for John Updike?,Q549152,Rabbit at Rest,Q1649823,,,Incomplete schema,False
8802,Who was the Manager of St Johnstone F.C. when they won the 2014 Scottish Cup?,Q308822,Tommy Wright,Q3531369,,,Incomplete schema,False
8564,What was the title of the second track on the album Peace by the Eurythmics?,Q949491,I Saved the World Today,Q935372,,,Incomplete schema,False
8751,In what year was Megan Rapinoe named one of Time Magazine's 100 most influential people?,Q260725,2020,2020-01-01T00:00:00Z,,,Incomplete schema,True
8739,"What actor played Robert Crawley, 7th Earl of Grantham in the TV series Downton Abbey?",Q6382340,Hugh Bonneville,Q155775,,,Incomplete schema,False
7673,Who is the publisher of the character Deadpool on which the movie Deadpool is based?,Q19347291,Marvel Comics,Q173496,Deadpool & Wolverine,0.5477322340011597,inconsistent,False
9301,Which was the last year that Mary Robinette Kowal won a Hugo Award before 2019?,Q4225496,2014,2014-01-01T00:00:00Z,,,Incomplete schema,False
7516,What is the Publication date of the first book of the series His Dark Materials?,Q129240,9 July 1995,1995-07-09T00:00:00Z,,,Incomplete schema,True
7518,What is the Publication date of the Second book of the series His Dark Materials?,Q129240,22 July 1997,1997-07-22T00:00:00Z,,,Incomplete schema,True
7165,Who played the role of the former boxer Charlie's son in the movie Real steel?,Q129591,Dakota Goyo,Q241497,Dakota Goyo,1.000000238418579,,False
7279,What is the publication date of the last book of the series The Kane Chronicles?,Q2516759,2 May 2012,2012-05-02T00:00:00Z,,,Incomplete schema,False
8756,"Who was the publisher of Kingdom Come, the final book in the left behind series?",Q6412485,Tyndale House,Q5408143,Tyndale House,1.000000238418579,,True
8816,Which book by John le Carré was the last to feature the character George Smiley?,Q209641,A Legacy of Spies,Q48975967,,,Incomplete schema,False
4113,The name of the writer who wrote the script for the 1979 science fiction horror film Alien.,Q103569,Dan O'Bannon,Q498430,Dan O'Bannon,0.9999999403953552,,False
2510,What team won the gold medal for soccer in the men's division in the 2020 Summer Olympics?,Q61056311,Brazil Olympic football team,Q899189,,,Incomplete schema,False
4349,What is the name of the actor who played the lead character role in the Bourne series?,Q868683,Matt Damon,Q175535,Matt Damon,1.0,,True
1862,When did Alexandre Dumas get the final part of The Vicomte of Bragelonne: Ten Years Later published?,Q769001,1850,1850-01-01T00:00:00Z,1847-01-01T00:00:00Z,,,False
1252,Which tv show did Joel de la Fuente worked on before starring in Space: Above and Beyond?,Q6214117,Due South,Q24620,,,Incomplete schema,False
938,What is the name of the actor who plays the leading role in the movie The Terminator?,Q162255,Arnold Schwarzenegger,Q2685,Brad Fiedel,0.3843719959259033,inconsistent,False
1667,"What is the award received for the episodes ""The Woman in Limbo"" in the tv series bones?",Q207803,Genesis Award,Q135498,,,Incomplete schema,True
1820,What is the name of the model who won the first cycle of America's Next Top Model?,Q31426,Adrianne Curry,Q234423,Adrianne Curry,1.0000001192092896,,False
194,What is the name of the movie released in 2004 did the singer Chris Martin appear in?,Q712860,Shaun of the Dead,Q858724,,,Incomplete schema,False
4129,What position did Portland Timbers ended up in at the end of the 2021 MLS regular season?,Q1031200,5th,Q25097151,,,Incomplete schema,False
748,What is the name of the football club that Oliver Kahn played for in the year 2001?,Q131261,FC Bayern Munich,Q15789,,,Incomplete schema,True
3379,Who was the actor who had the central role as Jack Bauer in the tv show 24?,Q56194,Kiefer Sutherland,Q103946,,,Incomplete schema,True
1691,On which social media platform did the pop rock band OneRepublic got their start before being signed?,Q1438730,Myspace,Q40629,,,Incomplete schema,True
191,What is the name of the actress who played the leading role in the film Mean Girls?,Q631103,Lindsay Lohan,Q44903,,,Incomplete schema,False
3038,"Who is the screen writer of The Chronicles of Narnia: The Lion, the Witch and the Wardrobe?",Q1211909,Christopher Markus,Q5112818,Christopher Markus,1.0000001192092896,,True
4127,Who was the head coach for New York FC when they won the MLS Cup in 2021?,Q13361030,Ronny Deila,Q1784080,,,Incomplete schema,False
1866,What was the name of the leader of the evil Kryptonian leader in the first Superman movie?,Q213053,General Zod,Q105044103,,,Incomplete schema,True
4353,What is the name of the single from Train that won two Grammys in the year 2002?,Q282531,Drops of Jupiter,Q2521798,,,Incomplete schema,False
6058,Which Dublin based band has a lead singer who was named as Time Person of the Year?,Q207826,U2,Q396,,,Incomplete schema,False
6456,What is the name of the role that the actor Nestor Carbonell played in the Lost series?,Q225933,Richard Alpert,Q51326,,,Incomplete schema,False
5365,What is the name of the film directed and written by John Hughes in the year 1984?,Q311263,Sixteen Candles,Q572616,,,Incomplete schema,False
6195,The first female professional soccer player to appear on the cover of FIFA video game is who?,Q326704,Alex Morgan,Q233510,,,Incomplete schema,False
5619,Who is the captain other than Lee Mack in the TV show Would I Lie to You??,Q655817,David Mitchell,Q457134,Rob Brydon,0.395110160112381,inconsistent,False
6180,"In Babyface's cover of ""This Is for the Lover in You"" it featured which rapper beside Shalamar?",Q7786031,LL Cool J,Q52440,,,Incomplete schema,False
5615,Who is the host of the TV series Would I Lie to You in the year 2019?,Q655817,Rob Brydon,Q2322261,Rob Brydon,1.0,,True
5376,What is the name of the actor who plays the leading role in the TV series Blackadder?,Q49019,Rowan Atkinson,Q23760,Rowan Atkinson,0.9999999403953552,,True
6444,What is the name of the character that was the protagonist in the movie The Lion King?,Q36479,Simba,Q1649583,Simba,1.0,,True
8682,What was the first show to win the Outstanding Multi-Camera Picture Editing for a Comedy Series award?,Q30633707,The Adams Chronicles,Q4533955,How I Met Your Mother,0.1615586280822754,inconsistent,False
7627,What is the name of the character played by Anthony Head in Buffy the Vampire Slayer series?,Q183513,Rupert Giles,Q2340312,,,Incomplete schema,True
6834,"In the 2019 movie Little Women, did Josephine ""Jo"" March get her novel, titled Little Women, printed?",Q56881140,Yes,Yes,,,Incomplete schema,False
8747,Which country did the US Women's National Team defeat to win the Women's World Cup in 2015?,Q911847,Japan women's national football team,Q388232,Japan women's national football team,1.0000001192092896,,True
8699,Who is the author of the Wolf Hall book series?,Q465700,Hilary Mantel,Q465700,Hilary Mantel,1.0000001192092896,,True
8746,Which country did the US Women's National Team defeat to win the Women's World Cup in 2019?,Q4630361,Netherlands women's national football team,Q841563,Netherlands women's national association football team,0.974477767944336,,False
9369,What was the name of the film directed by Sam Wood for his first assignment as director?,Q457269,Double Speed,Q5299883,,,Incomplete schema,False
9112,"What is the last album that was recorded by artist George Harrison, from the band the Beatles?",Q666903,Brainwashed,Q666903,Inspirations,0.2823284864425659,inconsistent,True
9117,"What actress was revealed to have been the mother, How I Met Your Mother was based on?",Q89639791,Cristin Milioti,Q5186320,,,Incomplete schema,False
7133,What is the name of the character played by Ana de Armas in No Time to Die?,Q21534241,Paloma,Q63979466,,,Incomplete schema,False
7782,How many goals Cristiano Ronaldo scored in 2007-2008 season in which he got the FIFA World Player?,Q11571,42,42,,,Incomplete schema,False
8212,What's the name of the American sitcom series created by Bonnie Turner and Terry Turner in 1996?,Q892822,3rd Rock from the Sun,Q870490,,,Incomplete schema,False
9123,How many total awards did How I Met Your Mother eventually win through its full time on?,Q15519161,21,21,7,0.5982189178466797,inconsistent,False
7036,Who was responsible for authoring many of the Hardy Boy books under the pseudonym Franklin W. Dixon?,Q1471089,Leslie McFarlane,Q14767574,,,Incomplete schema,False
8342,What was the next single released by Kylie Minogue after Can't Get You Out of My Head?,Q155029,In Your Eyes,Q625701,,,Incomplete schema,True
3134,Is the song La Isla Bonita on the Madonna album True Blue?,Q939998,Yes,Yes,,0.4865746796131134,Incomplete schema,True
1239,did David Callaham write the screenplay for the sequel The Expendables 2?,Q3062086,No,No,Sylvester Stallone,0.1211893409490585,inconsistent,False
6242,What are the names of the members who founded the band Nirvana?,Q11649,lead singer and guitarist Kurt Cobain and bassist Krist Novoselic,lead singer and guitarist Kurt Cobain and bassist Krist Novoselic,,,Incomplete schema,True
7439,"Which album did Blue Oyster Cult produce first, Spectres or Club Ninja?",Q331016,Spectres,Q2708126,Spectres,1.0000001192092896,,False
8705,What year did Thomas Cromwell die in the Wolf Hall book series?,Q2657795,1540,1540-01-01T00:00:00Z,1540-08-07T00:00:00Z,0.5,inconsistent,False
177,How many matches did Freddy Adu played for United States men's national soccer team?,Q310369,17,17,,,Incomplete schema,False
1701,"In the 2013 biographical drama movie Jobs, which tech CEO did Ashton Kutcher portrayed?",Q164782,Steve Jobs,Q19837,,,Incomplete schema,False
2625,Was the song Wait and Bleed by the band slipknot nominated for a grammy?,Q929774,Yes,Yes,,,Incomplete schema,False
4810,How many goals did Pele scored for New York Cosmos in the year 1975?,Q646135,17,17,,,Incomplete schema,False
3777,How old was John Grisham when his novel A Time to Kill was published?,Q1213715,34,34,,,Incomplete schema,False
1942,What was the actors name who played Zack Morris in Saved by the Bell?,Q1026823,Mark-Paul Gosselaar,Q719330,Mark-Paul Gosselaar,1.000000238418579,,True
2130,Who starred as the title character in the movie adaptation of the book Carrie?,Q39829,Sissy Spacek,Q190994,Sissy Spacek,1.000000238418579,,False
1882,Who was the actor who portrayed Captain Kirk in the original Star Trek series?,Q1077,William Shatner,Q16297,William Shatner,1.0,,False
3509,In Oliver Twist what city did young Oliver run away to after a fight?,Q164974,London,Q84,London,1.0,,True
2530,What year was the book Angry Blonde written by the rapper Eminem get published?,Q16825144,2000,2000-01-01T00:00:00Z,2000-11-21T00:00:00Z,0.5,inconsistent,True
1749,"When was the final James Bond Movie, No Time to Die released in theaters?",Q21534241,2021,2021-01-01T00:00:00Z,2021-09-28T00:00:00Z,0.5,inconsistent,True
92,What is the name of Emily Brontë's sibling who authored the book Jane Eyre?,Q80137,Charlotte Bront\u00EB,Q127332,,,Incomplete schema,False
2071,How many time was Aldous Huxley was nominated for the Nobel Prize in Literature?,Q81447,9,9,,,Incomplete schema,False
3800,Who scored a goal against Algeria during group stage at the 2010 World Cup?,Q164134,Landon Donovan,Q202237,,,Incomplete schema,False
3161,Who was the guitar player that replaced Tom Topham in the band The Yardbirds?,Q457160,Eric Clapton,Q48187,,,Incomplete schema,False
2281,What is the name of the summer camp where Percy goes in Long Island?,Q5027225,Camp Half-Blood,Q12060105,,,Incomplete schema,False
1416,What actor played the titular character in Star Trek II: The Wrath of Khan?,Q465478,Ricardo Montalb\u00E1n,Q333595,Ricardo Montalbán,0.8397883176803589,,False
2046,Did Sandra Bullock win an Academy Award for best actress for the movie Gravity?,Q40791,No,No,Paul Sharma,0.1913443505764007,inconsistent,True
1447,What is the title of the second film in the Star Wars prequel trilogy?,Q25540924,Star Wars: The Last Jedi,Q18486021,Star Wars: The Skywalker Saga,0.8109984993934631,,False
4481,"What was the first year in which Second City Television, or SCTV, was broadcast?",Q1767756,1976,1976-01-01T00:00:00Z,1976-09-21T00:00:00Z,0.5,inconsistent,True
4910,Who is Rand al'Thor from the Wheel of Time book series the reincarnation of?,Q2362626,Lews Therin Telamon,Q2727041,,,Incomplete schema,False
4122,"Was Gene Roddenberry the creator of the previous series, Star Trek: The Original Series?",Q191716,Yes,Yes,,,Incomplete schema,False
2293,What is the name of the band where Pete Townshend played before The Who?,Q26933,Pete Townshend,Q26933,,,Incomplete schema,False
1441,Which book of Honoré de Balzac is third to feature the character called Rastignac?,Q9711,Les Secrets de la princesse de Cadignan,Q3235378,,,Incomplete schema,False
4811,How many goals did Pele scored for New York Cosmos in the year 1976?,Q646135,26,26,,,Incomplete schema,False
1413,What was the name of the police officer chasing Jean Valjean in Les Misérables?,Q180736,Javert,Q2585477,Javert,1.0000001192092896,,True
4128,What team did New York FC defeated to win the MLS Cup in 2021?,Q13361030,Portland Timbers,Q1031200,,,Incomplete schema,False
1755,What year was Michael Jackson inducted into the Rock and Roll Hall of Fame?,Q17506997,list of Rock and Roll Hall of Fame inductees,Q1785694,,,Incomplete schema,False
2884,Who starred as T.S. Garp in the 1982 motion picture adaptation of the novel?,Q2507282,Robin Williams,Q83338,,,Incomplete schema,False
2158,What terminology is used as a more formalized name for the sport of soccer?,Q17437796,soccer,Q2736,Soccer,1.0000001192092896,,False
3357,"When was Angels & Demons, the first book in the Robert Landon series, published?",Q83561430,1 May 2000,2000-05-01T00:00:00Z,2000-01-01T00:00:00Z,0.5,inconsistent,True
3146,In what year did the El Salvador national football team win the CCCF Championship?,Q188228,1943,1943-01-01T00:00:00Z,,,Incomplete schema,False
1869,Who did Terence Stamp play in Star Wars: Episode I – The Phantom Menace?,Q77298,list of Star Wars characters,Q51805,,,Incomplete schema,False
2618,Who was the spouse of Roger Rabbit in the film Who Framed Roger Rabbit?,Q2265878,Jessica Rabbit,Q1631670,Jessica Rabbit,1.0,,True
4360,Who played the character of Bob Saget's youngest daughter in the series Full House?,Q333544,Mary-Kate Olsen,Q1151944,,,Incomplete schema,False
4476,In what year did the syndicated comedy series Second City Television (SCTV) first appear?,Q1767756,1976,1976-01-01T00:00:00Z,1976-09-21T00:00:00Z,0.5,inconsistent,True
2065,Which was the team that Hugo Lloris debuted against after he joined Tottenham Hotspur?,Q1907,S.S. Lazio,Q2609,Los Angeles FC,0.3649042844772339,inconsistent,False
1329,How did WetaFX created apes for Rise of the Planet of the Apes movie?,Q243983,motion capture,Q676252,,,Incomplete schema,False
1236,"In which 1995 action thriller movie did Antonio Banderas play an assassin, Miguel Bain?",Q41548,Assassins,Q739498,,,Incomplete schema,False
3160,Which actor plays the part of John Keating in the movie Dead Poet's Society?,Q106316,Robin Williams,Q83338,,,Incomplete schema,False
5006,Who played the part of the character Aragorn in The Lord of the Rings?,Q190214,Viggo Mortensen,Q171363,,,Incomplete schema,True
5331,Who created the original language for the film or television series Sense and Sensibility?,Q150,English,Q1860,Jane Austen,0.2951837182044983,inconsistent,False
5582,Who was Tim Rice's composing partner for the 1994 version of The Lion King?,Q36479,Elton John,Q2808,Elton John,1.0,,True
6057,name of the movie that won the 93rd Oscar Award for the Best Picture?,Q57246152,Nomadland,Q61740820,,,Incomplete schema,False
5155,What is the date of birth of the The Incredible Hulk's writer Zak Penn?,Q466611,23 March 1968,1968-03-23T00:00:00Z,1968-03-23T00:00:00Z,1.0,,False
5364,Who is the writer of the movies The Breakfast Club and Pretty in Pink?,Q499152,John Hughes,Q311263,John Hughes,1.0,,True
5157,What is the date of birth of the The Incredible Hulk's director Louis Leterrier?,Q466611,17 June 1973,1973-06-17T00:00:00Z,1973-06-17T00:00:00Z,1.0,,False
5030,Does Aslan appear in all of the books in the Chronicles of Narnia series?,Q762731,Yes,Yes,The Last Battle,0.2226609587669372,inconsistent,True
5053,Who scored the most goals for 1. FC Köln during the first Bundesliga season?,Q104770,Karl-Heinz Thielen,Q895723,,,Incomplete schema,False
6222,After Cristiano Ronaldo left Manchester United the first time what team did he join?,Q11571,Real Madrid C.F.,Q8682,Al-Nassr,0.1972163021564483,inconsistent,False
6418,"Which artist sang the theme song ""Skyfall"" for the 2012 James Bond movie Skyfall?",Q4941,Adele,Q23215,Adele,0.9999999403953552,,False
5048,Which actor played the role of Tony Soprano on the TV series The Sopranos?,Q1049580,James Gandolfini,Q308722,,,Incomplete schema,True
6147,What actor played the character Agent K in the movie Men in Black 3?,Q327713,Tommy Lee Jones,Q170587,,,Incomplete schema,True
6006,What year was the actress who played Stella in Fate: The Winx Saga born?,Q68210731,1995,1995-01-01T00:00:00Z,Lesley Sharp,,,False
6554,How many matches has Franz Beckenbauer played for Germany national football team in 1965?,Q4457,3,3,,,Incomplete schema,False
5996,How many children did the director of Willy Wonka and the Chocolate Factory have?,Q936327,3,3,,,Incomplete schema,False
7668,Which award was won by the Naguib Mahfouz - author of the Cairo Trilogy?,Q5017794,Nobel Prize in Literature,Q37922,Nobel Prize in Literature,1.000000238418579,,False
8855,Who managed Liverpool F.C. when the won the final of the FA Cup 2000-01?,Q1130849,G\u00E9rard Houllier,Q295615,,,Incomplete schema,False
7786,What is the date of publication of the first book of the Outland series?,Q18153036,1 June 1991,1991-06-01T00:00:00Z,,,Incomplete schema,False
9331,Who contributed to Twoism but did not remain a member of Boards of Canada?,Q1951695,christ.,Q5108649,,,Incomplete schema,False
8202,What's the US release date for the second film in the Mad Max series?,Q3275141,24 December 1981,1981-12-24T00:00:00Z,1981-12-24T00:00:00Z,1.0,,False
9016,How many matches has Jan Oblak played for Slovenia national football team in 2014?,Q2058682,1,1,,,Incomplete schema,True
8213,Which actor played the role of Dick Solomon on 3rd Rock from the Sun?,Q870490,John Lithgow,Q311271,,,Incomplete schema,True
7124,In a 2014 Word Cup game which American goalkeeper made 15 saves against Belgium?,Q79859,Tim Howard,Q200785,,,Incomplete schema,False
7268,What is the name of the actor of Damon Salvatore in The Vampire Diaries?,Q28537,Ian Somerhalder,Q130447,Ian Somerhalder,1.0,,True
8716,What is the name of Vito Corleone's youngest son in The Godfather film series?,Q745077,Michael Corleone,Q835154,Michael Corleone,1.0,,True
7529,What is the date of birth of lead singer of the Band Bon Jovi?,Q259254,2 March 1962,1962-03-02T00:00:00Z,1962-03-02T00:00:00Z,1.0,,False
7176,For which movie did Hansal Mehta won the National Film Award for Best Direction?,Q16732431,Shahid,Q7461626,,,Incomplete schema,False
9337,Which shows besides The 100 won the Saturn Award for Best Youth-Oriented Television Series?,Q13098946,Teen Wolf,Q836393,,,Incomplete schema,False
6853,Who was the winner of the last World Cup that Oliver Kahn played in?,Q131261,Italy national association football team,Q676899,,,Incomplete schema,False
7925,What was the name of the role played by Michelle Dockery in Downton Abbey?,Q259760,Lady Mary Crawley,Lady Mary Crawley,,,Incomplete schema,True
8035,Which actor played the character who killed Marion Crane in the shower in Psycho?,Q6765157,Anthony Perkins,Q193146,Janet Leigh,0.3419155478477478,inconsistent,False
7095,who wrote the novel that the 1997 science fiction movie Contact was based on?,Q270215,Carl Sagan,Q410,Carl Sagan,1.0000001192092896,,True
6977,In the first edition of Charlie and the Chocolate Factory what were the Oompa-Loompas?,Q466605,Pygmy people,Q171927,,,Incomplete schema,False
8203,Did Mel Gibson reprised his role as Mad Max Rockatansky in Mad Max 2?,Q1125262,Yes,Yes,,,Incomplete schema,False
9379,What is the name of the Sepultura member who replaced Max Cavalera in 1998?,Q239074,Derrick Green,Q2340448,,,Incomplete schema,False
7495,Which is the year in which the director Stephen Chow his very first movie?,Q311179,1994,1994-01-01T00:00:00Z,,,Incomplete schema,False
6847,"Does the star of Mission: Impossible III, Tom Cruise, have any television work experience?",Q37079,Yes,Yes,,,Incomplete schema,False
9021,On which date did Enrique Cerezo joined office as president of Atlético de Madrid?,Q2457791,28 May 2003,2003-05-28T00:00:00Z,,,Incomplete schema,False
3985,Who is the author of the book The Girl Who Takes an Eye for an Eye?,Q41103935,David Lagercrantz,Q4276189,,,Incomplete schema,True
2636,What player scored the lone goal for West Germany in the 1982 Men's World Cup Final?,Q46934,Paul Breitner,Q44458,,,Incomplete schema,False
937,What is the name of the film that was the sequel to The Terminator ( movie?,Q162255,Terminator 2: Judgment Day,Q170564,Terminator 2: Judgment Day,0.9999998807907104,,False
1065,"Who were the song writers of the song ""I am not a woman, I’m a god""?",Q108822278,"Ashley Frangipane,Trent Reznor,Atticus Ross,Johnathan Cunningham","Ashley Frangipane,Trent Reznor,Atticus Ross,Johnathan Cunningham",,,Incomplete schema,False
3172,What is the number of episodes in the TV show Only Connect until 26 July 2021?,Q7094164,375,375,,,Incomplete schema,True
1809,What is the movie starring Alicia Silverstone that won her a multi-million dollar Colombia Pictures deal?,Q199945,Clueless,Q931165,MTV Movie Award for Best Villain,0.0638168901205062,inconsistent,False
1808,Which actress played the role of The Princess of France in the film Love's Labour's Lost?,Q2064278,Alicia Silverstone,Q199945,,,Incomplete schema,True
3167,How many episodes of the TV series Only Connect are there as of 26 July 2021?,Q7094164,375,375,,,Incomplete schema,True
2056,What is the name of the band that produced the single My Generation in year 1965?,Q8353114,The Who,Q93346,,,Incomplete schema,True
2279,What is the name of the second book in the series Percy Jackson and the Olympians?,Q213167,The Sea of Monsters,Q901384,The Sea of Monsters,1.0,,True
464,"When was released the song ""Shape of You"" in United Kingdom in the digital download format?",Q28132505,10 February 2017,2017-02-10T00:00:00Z,2017-01-06T00:00:00Z,0.5,inconsistent,False
1364,"Did Tom Tom Club's song ""Genius of Love"" reach No. 1 position on any Billboard charts?",Q5533282,Yes,Yes,,,Incomplete schema,False
2882,"What is the occupation of T.S. Garp, the main character in The World According to Garp?",Q2507282,Writer,Q36180,,,Incomplete schema,False
1357,Which author wrote the novel of the the same name that the movie was based on?,Q1058512,Richard Bachman,Q3495759,,,Incomplete schema,False
283,"When was released the song ""Into You"" in United States in the format of rhythmic contemporary?",Q24026109,28 June 2016,2016-06-28T00:00:00Z,2016-05-06T00:00:00Z,0.5,inconsistent,False
421,What award did the book The Old Man and the Sea win in the year 1953?,Q26505,Pulitzer Prize for Fiction,Q833633,Pulitzer Prize for Fiction,1.0000001192092896,,True
864,What has the home venue of the Kansas City Wizards been from 2011 to the present?,Q329812,Children's Mercy Park,Q1787141,Children's Mercy Park,1.0,,True
3037,"Who is the director of The Chronicles of Narnia: The Lion, the Witch and the Wardrobe?",Q1211909,Andrew Adamson,Q432845,Andrew Adamson,1.0,,True
1952,Totally how many book were there in the series of the book A Study in Scarlet?,Q223131,Four,Q76440535,9,0.5749816298484802,inconsistent,False
4475,"Name the ""grunge"" artist who revolutionized the music industry before ending his own life in 1994.",Q11365,Kurt Cobain,Q8446,,,Incomplete schema,False
4391,What year was the actor who played Gary in Are you Afraid of the Dark born?,Q1281148,1975,1975-01-01T00:00:00Z,1975-08-25T00:00:00Z,0.5,inconsistent,True
3139,How many daily views did the Rachael Ray Show get on average during its first season?,Q2299337,2.6 million,2.6 million,,,Incomplete schema,False
2079,The type of car driven by James Dean when he was killed in an automobile accident?,Q83359,Porsche 550,Q1134282,,,Incomplete schema,False
1844,Which music channel bought the right to broadcast the ARIA Hall of Fame ceremony in 2006?,Q4653736,MTV Classic Australia,Q6718671,MTV Classic Australia,1.0000001192092896,,True
3285,What is the award nominated for the tv series wizards of waverly place in year 2008?,Q5280671,Wizards of Waverly Place,Q184342,Directors Guild of America Award for Outstanding Directing – Children's Programs,0.1295369118452072,inconsistent,False
4695,"What year was the first book of the series ""A Song of Ice and Fire' Published?",Q45875,1996,1996-01-01T00:00:00Z,,,Incomplete schema,True
4378,Who was the actor that played Freddy Kreuger in the 1984 A Nightmare on Elm Street?,Q329434,Robert Englund,Q310389,,,Incomplete schema,False
2298,What was the name of the charactr played by Matthew Morrison in American Horror Story: 1984?,Q63085806,American Horror Story: 1984,Q63085806,,,Incomplete schema,False
2921,Which film by Clint Eastwood has won the maximum number of Academy Awards and BAFTA Awards?,Q43203,Unforgiven,Q104137,,,Incomplete schema,False
4182,What is the name of the actor who played the lead role in the series Joey?,Q319817,Matt LeBlanc,Q186896,Matt LeBlanc,1.0,,True
4694,What is the name of the manager in 2017 of the soccer club Manchester United F.C.?,Q18656,Jos\u00E9 Mourinho,Q79983,,,Incomplete schema,False
6570,How high did Waiting for a Star to Fall get on the US Hot 100 chart?,Q679545,5,5,,,Incomplete schema,False
6610,As of 2020 how many gold medals has the United States women's national soccer team won?,Q334526,4,4,2019 FIFA Women's World Cup,0.0578800290822982,inconsistent,False
5401,Was the falling down song on the Selena Gomez & The Scene album Kiss & tell?,Q430233,Yes,Yes,,,Incomplete schema,True
6193,What was the name of Megan Rapinoe's youth soccer team when she was in high school?,Q260725,Sacramento Pride,Q7397010,Seattle Reign FC,0.4151633977890014,inconsistent,False
6184,What is the name of the American sitcom that was created as a spin-off of Cheers?,Q732063,Frasier,Q209282,Frasier,1.0,,True
6413,John McClane in Die Hard series was based on a detective from which Roderick Torp novel?,Q2082223,Nothing Lasts Forever,Q7062779,,,Incomplete schema,False
6012,What year did André Jardine become head coach of the mens olympic soccer team for Brazil?,Q58755430,2019,2019-01-01T00:00:00Z,,,Incomplete schema,False
5264,"When the soccer ""United States men's national soccer team"" has appeared in ten FIFA World Cups?",Q164134,1930,1930-01-01T00:00:00Z,,,Incomplete schema,False
6615,How many gold medals has the United States women's national soccer team won as of 2020?,Q334526,4,4,,0.3992559909820556,Incomplete schema,False
6003,What is the name of the band that made the song A Horse with no Name?,Q943979,America,Q463081,America,1.0000001192092896,,True
5151,What is the date of publication of the novel Diary of a Wimpy Kid: Big Shot?,Q107490260,26 October 2021,2021-10-26T00:00:00Z,2021-10-26T00:00:00Z,1.0,,True
6179,"Which R&B singer made a cover of ""This Is for the Lover in You"" in 1996?",Q7786031,Babyface,Q344983,Shalamar,0.2347617894411087,inconsistent,False
5687,what year was the first book of the series To the Ends of the Earth Books?,Q3937279,1980,1980-01-01T00:00:00Z,1980-01-01T00:00:00Z,1.0,,True
6183,"The 1980 single ""This Is for the Lover in You"" was recorded by which R&B act?",Q7786031,Shalamar,Q1329167,,0.2835626900196075,Incomplete schema,True
8222,Which country played the United States men's national soccer team on their first official international match?,Q164134,Sweden national association football team,Q160826,,,Incomplete schema,False
9082,"What year was the book ""And to Think That I Saw It on Mulberry Street"" published?",Q864476,1937,1937-01-01T00:00:00Z,1937-01-01T00:00:00Z,1.0,,True
8317,What is the name of the performer who played the role of Katniss Everdeen in film?,Q2071301,Jennifer Lawrence,Q189490,,,Incomplete schema,True
9101,What was the name of the actor who played Bilbo Baggins in Lord of the Rings?,Q190214,Elijah Wood,Q483771,,,Incomplete schema,True
8702,What is the first name of the Cardinal that Thomas Cromwell advises Wolf Hall book series?,Q2657795,Thomas Wolsey,Q206512,Thomas Wolsey,1.0,,False
7097,In 1985 which Stephen King novel also made the Publishers Weekly list of best selling novels?,Q6273350,Skeleton Crew,Q874295,,,Incomplete schema,False
8957,What was the original language of the All of Us Are Dead film or television show?,Q96414952,Q108699473,Q108699473,,0.1134025827050209,Incomplete schema,True
8736,"In what county is Highclere Castle, used in the TV Show Downton Abbey, actually located in?",Q1508450,Hampshire,Q67531563,Burghclere,0.2659652233123779,inconsistent,True
9405,Which soccer player scored the second highest number of goals for the Poland national football team?,Q166196,W\u0142odzimierz Luba\u0144ski,Q313446,,,Incomplete schema,False
8755,"What year was the book Kingdom Come, the final book in the left behind series released?",Q6412485,2017,2017-01-01T00:00:00Z,,,Incomplete schema,True
7978,Which album by The Beach Boys was released first: Surfin' Safari or Little Deuce Coupe ?,Q183048,Surfin' Safari,Q678555,,,Incomplete schema,False
3513,Did Dan Aykroyd and Harold Ramis play any roles in Ghostbusters?,Q105221,Yes,Yes,Kymberly Herrin,0.2350057959556579,inconsistent,False
2302,When did Lionel Messi make his competitive debut in F.C. Barcelona?,Q615,Lionel Messi,Q615,,,Incomplete schema,False
4346,How many years after The Bourne Identity was its sequel released?,Q868683,2,2,,,Incomplete schema,False
6215,Is Seth MacFarlane thhe voice of Steve Smith in American Dad!?,Q210311,No,No,,,Incomplete schema,False
8542,What did Bella and Edward name their daughter in Breaking Dawn?,Q223757,Renesmee Cullen,Q2456444,Renesmee Cullen,1.0,,True
1693,What is the title of the second single on OneRepublic's third album Native?,Q935670,Counting Stars,Q13422120,,,Incomplete schema,False
3129,Who plays the role of Indiana Jones in Raiders of the Lost Ark?,Q148659,Harrison Ford,Q81328,,,Incomplete schema,True
2094,Which football club Kaka was playing for when he won the Ballon d'Or?,Q531814,A.C. Milan,Q1543,,,Incomplete schema,True
2526,Which actress played the part of Rose DeWitt Bukater in the film Titanic?,Q4892194,Kate Winslet,Q202765,,,Incomplete schema,True
1617,What other club than Inter Milan has Stadio Giuseppe Meazza as home ground?,Q631,A.C. Milan,Q1543,AC Milan,0.8953559398651123,,True
1299,How many Golden Globe Awards did One Flew Over the Cuckoo's Nest get?,Q1011547,6,6,,,Incomplete schema,False
1354,Who was the Spanish king when part 1 of Don Quixote was published?,Q480,Philip III of Spain,Q34464,,,Incomplete schema,False
1440,In which year did Honoré de Balzac write the work La Comédie humaine?,Q9711,1829,1829-01-01T00:00:00Z,1830-01-01T00:00:00Z,,,False
2060,Name of the director who directed the first episode of the show Vikings?,Q15978694,Johan Renck,Q1373742,Johan Renck,1.0,,False
1706,What was New England Revolution's final position after the 2021 regular MLS season?,Q103821894,1st,Q12470229,,,Incomplete schema,False
2234,Has A. R. Rahman awarded by Padma Bhushan in 2010 by Indian Governement?,Q108560,Yes,Yes,,,Incomplete schema,True
1495,Who did Chelsea Football Club lose to in the 1915 FA Cup Final?,Q9616,Sheffield United F.C.,Q19607,,,Incomplete schema,False
1485,What year did Gordon Lightfoot receive the Canadian Songwriters Hall of Fame award?,Q359552,2003,2003-01-01T00:00:00Z,1998-01-01T00:00:00Z,,,True
3407,Who is the Rose Patten Preceded by Chancellor of the University of Toronto?,Q180865,Michael Wilson,Q3308582,,,Incomplete schema,False
3786,What was Black Eyed Peas' debut album after being signed by Interscope Records?,Q134541,Behind the Front,Q290548,,,Incomplete schema,False
4483,The FIFA World Cup has taken place every four years since what year?,Q19317,1930,1930-01-01T00:00:00Z,1930-01-01T00:00:00Z,1.0,,True
4666,What book other than To Kill a Mockingbird of Harper Lee got published?,Q212340,Go Set a Watchman,Q18949486,Go Set a Watchman,1.0000001192092896,,True
3155,Who plays the role of John Keating in the film Dead Poet's Society?,Q106316,Robin Williams,Q83338,,,Incomplete schema,True
2296,What is the name of the actor who played Will Schuester on Glee?,Q152178,Glee,Q152178,Matthew Morrison,0.2523118853569031,inconsistent,ERROR
2538,Which actor played the role of Eric Murphy in the TV series Entourage?,Q3056356,Kevin Connolly,Q359331,Kevin Connolly,1.0,,True
1878,How many episodes of the original Twilight Zone did William Shatner appear in?,Q16297,2,2,,,Incomplete schema,False
4677,Which famous singer was a member of the bands Aerosmith and Chain Reaction?,Q126826,Steven Tyler,Q194045,,,Incomplete schema,True
4421,Did James Gandolfini win any awards for play Tony Soprano in The Sopranos?,Q308722,Yes,Yes,Actor Awards,0.1696367561817169,inconsistent,ERROR
1328,Which company did visual effects for Rise of the Planet of the Apes?,Q243983,WetaFX,Q842482,RatPac-Dune Entertainment,0.2428711801767349,inconsistent,False
1436,How many goals did Harry Kane score in the 2020-2021 Premier league season?,Q69622172,23,23,,,Incomplete schema,False
4801,What is the date of birth of the Queen's lead guitarist Brian May?,Q15873,19 July 1947,1947-07-19T00:00:00Z,1947-07-19T00:00:00Z,1.0,,False
1854,Was Sean Johnson drafted in the first round of the 2010 MLS SuperDraft?,Q2458826,No,No,,,Incomplete schema,False
1947,In the Laws of the Game for soccer what is rule 3 about,Q2736,football positions,Q4611891,,,Incomplete schema,False
3834,Who is the writer of the books State of Fear and Jurassic Park?,Q2164310,Michael Crichton,Q172140,Michael Crichton,1.0,,True
2497,Who was the actor who starred as Scott Calvin in The Santa Clause?,Q24573094,Tim Allen,Q208408,Tim Allen,1.0000001192092896,,True
4805,Did Yeon Sang-ho wrote and directed the animated film The King of Pigs?,Q19947205,Yes,Yes,Yeon Sang-ho,0.1742732375860214,inconsistent,False
1680,Which author wrote The Adventures of Tom Sawyer and Adventures of Huckleberry Finn?,Q215410,Mark Twain,Q7245,,,Incomplete schema,True
2613,Who was the daughter of Alexandre Manette in A Tale of Two Cities?,Q308918,Lucie Manette,Q6696983,,,Incomplete schema,False
4461,Who directed the 1981 motion picture adaptation of Peter Straub's novel Ghost Story?,Q5557174,John Irvin,Q1700561,John Irvin,1.000000238418579,,False
1241,"Antonio Banderas played an assassin, Miguel Bain, in which 1995 action thriller film?",Q41548,Assassins,Q739498,,,Incomplete schema,False
435,What is the number of children Jennifer Lopez and Marc Anthony together have?,Q40715,2,2,1,0.805415689945221,,False
4604,How many goals did Paul Pogba scored for France national under-18 football team?,Q129027,1,1,Yohann Auvitu,0.2630229592323303,inconsistent,False
2624,What is the fourth track on the album Slipknot by the band Slipknot?,Q743725,Wait and Bleed,Q929774,Slipknot's albums in chronological order,0.0374488942325115,inconsistent,False
633,What is the name of the Captain of the ship Pequod in Moby-Dick?,Q7166594,Captain Ahab,Q2630009,Captain Ahab,1.0,,True
4603,How many matches did Paul Pogba played for France national under-18 football team?,Q129027,6,6,,,Incomplete schema,False
4596,Has developer Jason Rothenberg wrote any episodes of the TV series The 100?,Q13098946,Yes,Yes,,,Incomplete schema,False
1744,What was the name of the book that James Bond first appeared in?,Q17437796,Casino Royale,Q1047711,,,Incomplete schema,False
1814,What is the name of the co-founder of Megadeth along with Dave Mustaine?,Q83431,David Ellefson,Q289647,David Ellefson,1.0,,True
2137,"In the 1970 film Airport, from what city does the doomed plane depart?",Q409022,Chicago,Q1297,,,Incomplete schema,True
2131,What was the year of publication of the book Carrie by Stephen King?,Q39829,1974,1974-01-01T00:00:00Z,1974-04-05T00:00:00Z,0.5,inconsistent,False
4586,What is the date of birth of the Cars movie director John Lasseter?,Q182153,12 January 1957,1957-01-12T00:00:00Z,,,Incomplete schema,False
2145,From what city and state do the members of the band Hanson originate?,Q768621,Tulsa,Q44989,,,Incomplete schema,True
1603,What is the name of the label that released the album Purple Rain?,Q7542,Warner Records Inc.,Q67030918,Warner Records Inc.,1.0,,True
1227,What year did the football club Stoke City F.C. own the Victoria Ground?,Q18736,1919,1919-01-01T00:00:00Z,,,Incomplete schema,False
2063,Who is the captain of both French football team and Tottenham Hotspur F.C.?,Q47774,Hugo Lloris,Q1907,,,Incomplete schema,True
1238,What year did Sylvester Stallone started the ensemble action movie franchise The Expendables?,Q40026,2010,2010-01-01T00:00:00Z,2010-08-03T00:00:00Z,0.5,inconsistent,False
4560,Who was the lyricist of title song Maa Tujhe Salaam of Vande Mataram?,Q12452104,Mehboob Kotwal,Q6809256,,,Incomplete schema,False
1235,The novel Nineteen Eighty-Four's first feature film adaptation came out in what year?,Q208460,1956,1956-01-01T00:00:00Z,,,Incomplete schema,False
5004,Who played the character of Frodo Baggins in The Lord of the Rings?,Q190214,Elijah Wood,Q483771,Elijah Wood,1.0000001192092896,,True
6223,In what year did Real Madrid CF win their first FIFA World Cup?,Q8682,2014,2014-01-01T00:00:00Z,,,Incomplete schema,False
5070,Which year Grammy Award for Best Rock Instrumental Performance awarded to Pink Floyd?,Q1542186,1994,1994-01-01T00:00:00Z,,,Incomplete schema,False
5622,Who was the captain of Germany when they won the 2014 world cup?,Q183,Philipp Lahm,Q43682,İlkay Gündoğan,0.258094847202301,inconsistent,False
5052,How many matches did 1. FC Köln win during the first Bundesliga season?,Q104770,17,17,,,Incomplete schema,False
5782,Which actress plays a role in the movies Freaky Friday and True Lies?,Q110397,Jamie Lee Curtis,Q106997,Jamie Lee Curtis,1.0000001192092896,,False
5169,What is the release date of the Jeff Russo's first album Lemon Parade?,Q6174877,16 July 1996,1996-07-16T00:00:00Z,,,Incomplete schema,False
5472,How many International matches played for Portugal national football team by João Félix?,Q27049064,20,20,,,Incomplete schema,False
6494,Which clubs in the Superclasico won the Primera Division league title in 2021?,Q170703,list of Argentine football champions,Q6562135,,,Incomplete schema,False
6161,How many titles has Chicago Fire FC won in the US Open Cup?,Q27192,4,4,,,Incomplete schema,False
6493,"In Bueno Aires, the Superclasico refers to the rivalry between which two clubs?",Q1486,Boca Juniors,Q170703,,,Incomplete schema,False
6182,What is LL Cool J's role on the 2009 police procedural tv series?,Q52440,Sam Hanna,Q12334421,,,Incomplete schema,True
6165,Bethlehem Steel's won how many titles in the Lamar Hunt U.S. Open Cup?,Q27192,5,5,,,Incomplete schema,False
6344,What is the total number of goals secured by Marco Reus for Germany?,Q152377,15,15,,,Incomplete schema,False
5095,How many nominations for the Academy Award did The Wizard of Oz receive?,Q193695,6,6,Academy Award for Best Picture,0.1801538318395614,inconsistent,True
6475,Michael B. Jordan played a character name Wallace in which HBO crime-drama series?,Q3308007,The Wire,Q478360,,,Incomplete schema,False
9108,"What is the real name of the member of the Beatles, Ringo Starr?",Q2632,Sir Richard Starkey,Sir Richard Starkey,Richard Starkey,0.9123023748397828,,True
6892,Who won the Oscar for Best Actor for the film The King's Speech?,Q160060,Colin Firth,Q162492,,,Incomplete schema,False
8859,Who did Arsenal F.C. defeat in the semi-final of the FA Cup 2000-01?,Q3110441,Tottenham Hotspur F.C.,Q18741,,,Incomplete schema,False
6672,What is the name of the Croatian national  team captain before Luka Modrić,Q483837,Darijo Srna,Q184269,,,Incomplete schema,False
7536,What is the date of birth of the Permanent Roommates' actor Sumeet Vyas?,Q24521502,27 July 1983,1983-07-27T00:00:00Z,1983-07-27T00:00:00Z,1.0,,False
9099,In what countries were the movies of The Lord of the Rings filmed?,Q7245089,protected area of New Zealand,Q2498169,,,Incomplete schema,False
7804,What is the date of birth of the Special OPS's creator Neeraj Pandey?,Q86751099,17 December 1973,1973-12-17T00:00:00Z,1973-12-17T00:00:00Z,1.0,,False
9317,Which lead actress appeared in both Terms of Endearment and The Evening Star?,Q185071,Shirley MacLaine,Q95026,,,Incomplete schema,True
6851,How many games did Oliver Kahn played with Die Mannschaft before his retirement?,Q131261,86,86,1.0,0.2515463232994079,inconsistent,False
6827,"What was the date of birth of Crime and Punishment's author, Fyodor Dostoevsky?",Q165318,9 February 1881,1881-02-09T00:00:00Z,1821-11-11T00:00:00Z,,,False
7716,Did Milo Ventimiglia also act in The Art of Racing in the Rain?,Q83733,Yes,Yes,Kevin Costner,0.2094995081424713,inconsistent,False
7792,Who is the director of the first movie of the The Expendables series?,Q3062086,Sylvester Stallone,Q40026,Sylvester Stallone,1.0000001192092896,,True
6768,Did Robert Jordan author the last book in the Wheel of Time series?,Q477994,No,No,,,Incomplete schema,False
8700,What is the name of the second book in the Wolf Hall trilogy?,Q2657795,Bring Up the Bodies,Q3644822,Bring Up the Bodies,1.0,,True
8956,Who from the cast of All of Us Is Dead is still alive?,Q96414952,Yoon Chan-yeong,Q18328892,Yoon Chan-yeong,1.0,,True
9387,Name the band from Brazil whose members were Paulo Jr and Andreas Kisser.,Q2088127,Sepultura,Q239074,,,Incomplete schema,True
9185,What was Croatia national football team placing in the 2018 FIFA world cup?,Q134479,2,2,28.0,0.364785224199295,inconsistent,False
7794,Who is the director of the second movie of the The Expendables series?,Q3062086,Simon West,Q442740,Simon West,1.0000001192092896,,False
2916,Which Clint Eastwood movie has won the most number of Academy Awards and BAFTA  Awards?,Q43203,Unforgiven,Q104137,,,Incomplete schema,False
1253,The science fiction tv series Space: Above and Beyond originally aired on which tv network?,Q729265,Fox Broadcasting Company,Q166419,Fox Broadcasting Company,1.0,,True
476,Who was the shirt sponsor of the Chicago Fire Football Club in 2019 to present?,Q308683,Motorola,Q259011,Motorola,1.0,,True
4482,"In the game of soccer (or association football), how many players are on each team?",Q2736,11,11,,,Incomplete schema,False
3778,Did a real life court case inspired John Grisham to write A Time to Kill?,Q1213715,Yes,Yes,,,Incomplete schema,False
3632,Who played the voice actor for Batman in the movie Batman: Death in the Family?,Q98537283,Bruce Greenwood,Q342788,Bruce Greenwood,0.9999999403953552,,True
1062,"What was the genre of the song ""I am not a woman, I’m a god""?",Q108822278,"Rock,Pop","Rock,Pop",synth-pop,0.6086580753326416,,False
945,What is the album from the band Def Leppard that follows On Through the Night?,Q182890,High 'n' Dry,Q944387,,,Incomplete schema,False
1893,What is the award received in 1981 by the book The Name of the Rose?,Q172850,Strega Prize,Q731542,Strega Prize,1.0000001192092896,,True
1690,In 1995 which Midway Games' fighting game franchise was turned into a live action movie?,Q241163,Mortal Kombat,Q819196,,,Incomplete schema,False
1371,Which science fiction tv series did Charles Shaughnessy appeared in for one episode in 2004?,Q122473,Stargate SG-1,Q187462,,,Incomplete schema,False
3522,"Which Coldplay song, ""Fix You"" or "" Viva la Vida"", has a longer album version?",Q1991309,Fix You,Q1991309,,0.3886147141456604,Incomplete schema,False
115,Which football club was represented by the soccer player Raúl González in the year 2002?,Q11576,Real Madrid Castilla,Q12217,,,Incomplete schema,True
819,"Who won the Best Film Editing award in Academy Awards for the movie ""The Matrix""?",Q83495,Zach Staenberg,Q139384,Zach Staenberg,0.9999999403953552,,True
1464,What was the name of the football club Mikel Arteta represented in the year 2003?,Q185572,Rangers F.C.,Q19597,Rangers F.C.,1.0,,True
3471,Which soccer player scored the most number of goals in the UEFA Euro 2004 tournament?,Q102920,Milan Baro\u0161,Q180581,,,Incomplete schema,True
4610,What was the date that Knickerbocker Building added to the National Register of Historic Places?,Q6422047,Knickerbocker Building,Q6422047,,,Incomplete schema,False
3563,Who was the kit manufacturer from 2015 to present for New York City Football club?,Q13361030,Adidas,Q4033399,,,Incomplete schema,False
3802,In 2010 who coached the United States men's national soccer team at the World Cup?,Q164134,Bob Bradley,Q442325,Mauricio Pochettino,0.1182257682085037,inconsistent,False
1816,What is the name of the album that featured bass player Cliff Burton the last?,Q188973,Master of Puppets,Q187507,Metallica discography,0.1930590122938156,inconsistent,False
4732,Which actor plays the character of Daniel Kaffee in the movie A Few Good Men?,Q108946,Tom Cruise,Q37079,,,Incomplete schema,False
2891,What is the spoof of Western movies by Mel Brooks that was released in 1974?,Q104266,Blazing Saddles,Q957323,,,Incomplete schema,True
3206,When did The United States Soccer Federation become affiliated and a full member with FIFA?,Q222131,1914,1914-01-01T00:00:00Z,1913-04-05T00:00:00Z,,,False
4320,"What award won the National Board of Review Awards in December 2, 2021 for ""Encanto""?",Q103372692,Best Animated Film,Best Animated Film,,,Incomplete schema,True
292,"Who was the Walter's cooking partner and former student in the series ""Breaking Bad"" ?",Q1079,Jesse Pinkman,Q6186746,,,Incomplete schema,True
823,"When the song ""Cold Heart"" released in Italy in the format of Digital download streaming?",Q108072305,13 August 2021,2021-08-13T00:00:00Z,Cold Heart,,,True
3467,Name the actor playing the role of Ethan Burke in the TV series Wayward Pines?,Q16867394,Matt Dillon,Q193070,Matt Dillon,1.0,,True
845,Who is the author of the book the movie Kramer vs. Kramer is based on?,Q193577,Avery Corman,Q352325,Avery Corman,1.0,,False
1067,"What was the genre of the song ""I am not a woman, I'm a god""?",Q108822278,"Rock,Pop","Rock,Pop",synth-pop,0.6086580753326416,,False
842,What is the name of the father of the narrator in To Kill a Mockingbird?,Q212340,Atticus Finch,Q525777,,,Incomplete schema,True
2533,What is the rap name of the rapper who also is famous as Slim Shady?,Q19929372,Eminem,Q5608,,,Incomplete schema,False
3788,Which Black Eyed Peas member sang vocal on all the tracks for Behind the Front?,Q290548,will.i.am,Q185610,,,Incomplete schema,False
128,What's the run time for all the movies in the Harry Potter film series combined?,Q216930,1179 minutes,1179 minutes,1304.0,0.2807434201240539,inconsistent,False
2099,What year was the last book of the series Percy Jackson & the Olympians published?,Q213167,2009,2009-01-01T00:00:00Z,,,Incomplete schema,True
1066,"Who was the singer of the song ""I Am Not a Woman, I'm a God""?",Q108822278,Halsey,Q2254254,,,Incomplete schema,False
4841,Who was the top goal player as of 2021 in FIFA Beach Soccer World Cup?,Q610865,Madjer,Q1367228,,,Incomplete schema,False
1534,What is the name of the author of the book Dream of the Red Chamber?,Q8265,Cao Xueqin,Q182874,Cao Xueqin,1.0000001192092896,,True
4120,Which actor portray Captain Jean-Luc Picard in the tv series Star Trek: The Next Generation?,Q16290,Patrick Stewart,Q16296,Patrick Stewart,1.0000001192092896,,True
4335,Who was the Kit manufacturer from 2012 to present for New England Revolution soccer club?,Q309095,Adidas,Q4033399,,,Incomplete schema,False
1907,"Who directs season 1 episode ""Welcome to Matheson"" in the tv series locke & key?",Q56274745,Michael Morris,Q6832915,,,Incomplete schema,True
1063,"What was the label of the song ""I am not a woman, I’m a god""?",Q108822278,Capitol,Q50842365,"I Am Not a Woman, I'm a God",0.0495238974690437,inconsistent,False
445,What is the name of the club Wayne Rooney played for in the year 2003?,Q266613,Everton F.C.,Q5794,Everton F.C.,1.0000001192092896,,True
2216,What is the name of the football club Iker Casillas represented in the year 2002?,Q11584,Real Madrid Castilla,Q12217,,,Incomplete schema,True
1686,Which actor portrayed the Shaolin monk character Liu Kang in the 1995 movie Mortal Kombat?,Q819196,Robin Shou,Q353049,,,Incomplete schema,True
1953,What was the flat number of Sherlock Holmes in the novel A Study in Scarlet?,Q223131,221B,221B,221B Baker Street,0.5889649391174316,inconsistent,False
1061,"Who was the singer of the song ""I am not a woman, I’m a god""?",Q108822278,Halsey,Q2254254,,,Incomplete schema,False
2139,What was the name of the 1980 movie which spoofed the Airport series of films?,Q409022,Airplane!,Q497256,,,Incomplete schema,False
2066,What is the name of the footballer who captained the club S.S. Lazio in 2000?,Q2609,Alessandro Nesta,Q227892,,,Incomplete schema,False
2785,What is the football player Pelé's full given name in his native language Brazilian Portuguese?,Q12897,Edson Arantes do Nascimento,Edson Arantes do Nascimento,Edson,0.4803228974342346,inconsistent,True
4507,What is the name of the actress playing the role of Vicki in Small Wonder?,Q2347191,Tiffany Brissette,Q2278470,Tiffany Brissette,1.0,,True
3290,What is the  Award recieved in 2008 by the tv series wizards of waverly place?,Q5280671,Wizards of Waverly Place,Q184342,,,Incomplete schema,False
1362,"Which Tom Tom Club song is sampled by Mark Morrison's song ""Return of the Mack""?",Q3933840,Genius of Love,Q5533282,,,Incomplete schema,False
5616,In what year did Rob Brydon start hosting the show Would I Lie to You?,Q655817,2009,2009-01-01T00:00:00Z,2007,,,True
5374,What is the name of the singer who sang the song Kiss from a Rose?,Q385974,Seal,Q218091,Seal,1.0000001192092896,,True
5005,Who was the creator of the character Frodo Baggins in The Lord of the Rings?,Q177329,J. R. R. Tolkien,Q892,J. R. R. Tolkien,1.0,,True
5965,Which is the production company of the movie Dora and the Lost City of Gold?,Q56064745,Walden Media,Q1637250,Walden Media,1.0,,True
5963,Who is the screen writer of the movie Dora and the Lost City of Gold?,Q56064745,Nicholas Stoller,Q2624066,Nicholas Stoller,1.000000238418579,,True
5917,Which character in the TV series The Marvelous Mrs. Maisel was played by Michael Arden,Q4068927,The Marvelous Mrs. Maisel,Q30634329,,,Incomplete schema,False
5098,What was the name of the actress who played Dorothy in The Wizard of Oz?,Q193695,Judy Garland,Q11637,,,Incomplete schema,False
6178,"Which R&B group recorded the single ""This Is for the Lover in You"" in 1980?",Q7786031,Shalamar,Q1329167,Shalamar,1.0000001192092896,,True
6437,What is the name of the creator of the characters of The Hardy Boys series?,Q1471089,Edward Stratemeyer,Q1293795,Edward Stratemeyer,1.0000001192092896,,True
9307,Mary Robinette Kowal was president of which organization for professional writers between 2019 and 2021?,Q4225496,Science Fiction and Fantasy Writers of America,Q1364364,,,Incomplete schema,False
9119,"What country did Robin Scherbatsky come from in the show, How I Met Your Mother?",Q2347474,Canada,Q16,Canada,0.9999999403953552,,True
7007,What is the name of the composer in the The Old Man and the Sea?,Q7754883,Bruce Broughton,Q991563,,,Incomplete schema,True
8042,Which Warren G hip-hop single reached No. 2 on the Billboard Hot 100 in 1994?,Q319585,Regulate,Q7309633,,,Incomplete schema,False
7509,What is the date of birth of the soccer player Neymar da Silva Santos Júnior?,Q142794,5 February 1992,1992-02-05T00:00:00Z,1992-02-05T00:00:00Z,1.0,,False
8367,When was the next World Cup after the 2010 FIFA World Cup in South Africa?,Q176883,2014,2014-01-01T00:00:00Z,2014-01-01T00:00:00Z,1.0,,True
6891,What was the name of the novel written in 1818 by Percy Bysshe Shelley's spouse?,Q93343,"Frankenstein; or, The Modern Prometheus",Q150827,"Frankenstein; or, The Modern Prometheus",1.0,,False
6666,What is the name of the chef that won the Master Chef Australia season twelve?,Q85784212,Emelia Jackson,Q97576729,Emelia Jackson,1.0,,True
8221,When did the United States men's national soccer team play their first official international match?,Q164134,20 August 1916,1916-08-20T00:00:00Z,,,Incomplete schema,False
7326,Who played as mother character of the Maitreyi Ramakrishnan in Never have i ever series?,Q90138922,Poorna Jagannathan,Q12060833,,,Incomplete schema,True
8809,Which novel is the closest prequel to The Spy Who Came in from the Cold?,Q468071,A Murder of Quality,Q1305005,,,Incomplete schema,True
9083,"What year did the book The Cat in the Hat, by Dr Seuss come out?",Q973053,1957,1957-01-01T00:00:00Z,1957-03-12T00:00:00Z,0.5,inconsistent,True
8157,Director name of the first season “somebody’s dead” in the tv series Big Little Lies?,Q500611,Big Little Lies,Q19873404,Jean-Marc Vallée,0.1428607106208801,inconsistent,ERROR
8735,What castle was used for exterior shots to represent Downton Abbey in the TV series?,Q83071,Highclere Castle,Q1508450,Highclere Castle,1.0,,False
9368,What is the name of the director of the film A Night at the Opera?,Q943992,Sam Wood,Q457269,Sam Wood,1.0000001192092896,,True
7325,"Who played the lead role as teen Indian girl in ""Never have i ever"" series?",Q90138922,Maitreyi Ramakrishnan,Q91224020,,,Incomplete schema,True
7009,What is the name of the company that distributes The Old Man and the Sea?,Q7754883,Netflix,Q907311,Netflix,1.0,,True
2501,Did John Prine win a Grammy for Fair & Square?,Q520296,Yes,Yes,,,Incomplete schema,True
2541,What number of World Cups has Brazil won in total?,Q19317,5,5,,,Incomplete schema,False
2750,Who played the character of Krishna of Goloka in RadhaKrishn?,Q56485183,Himanshu Soni,Q107649730,Sumedh Mudgalkar,0.3034748435020447,inconsistent,False
2881,In what year was The World According to Garp published?,Q2507282,1978,1978-01-01T00:00:00Z,1978-01-01T00:00:00Z,1.0,,True
2493,Who played Scott Calvin's son Charlie in The Santa Clause?,Q24573094,Eric Lloyd,Q286942,,,Incomplete schema,False
8583,When was David & Victoria Beckham's son Brooklyn Beckham born?,Q10520,4 March 1999,1999-03-04T00:00:00Z,1975-05-02T00:00:00Z,,,False
3263,How many matches have Eden Hazard played for Belgium national football team?,Q214204,116,116,,,Incomplete schema,False
3059,What year the first book of the series The Dark Tower released?,Q280898,1982,1982-01-01T00:00:00Z,,,Incomplete schema,True
2075,Did Paul Verhoeven direct all three RoboCop movies from the original trilogy?,Q129079,No,No,,,Incomplete schema,False
1843,When was Men at Work inducted into the ARIA Hall of Fame?,Q831111,1994,1994-01-01T00:00:00Z,,,Incomplete schema,False
1756,"Which American singer, songwriter and dancer was dubbed the ""King of Pop""?",Q17437796,Michael Jackson,Q2831,Steven Paul Whitsitt,0.3623288869857788,inconsistent,False
2757,How many matches have Zinedine Zidane played for France national football team?,Q1835,108,108,2.0,0.3073053658008575,inconsistent,False
1602,In which year was the singer Prince's sixth album Purple Rain released?,Q7542,1984,1984-01-01T00:00:00Z,1984-06-25T00:00:00Z,0.5,inconsistent,False
3173,Who captained the football club Chelsea in the 2012 Champions League final?,Q9616,Frank Lampard,Q41533,,,Incomplete schema,False
4348,Who is the director of the third film in the Bourne series?,Q868683,Paul Greengrass,Q356275,,,Incomplete schema,True
520,Who was the distributor of the picture 12 Years as a Slave?,Q1097348,Netflix,Q907311,Netflix,1.0,,False
897,How many number of national matches did Cristiano Ronaldo played for Portugal?,Q11571,Six,Q24056547,0,0.4184340238571167,inconsistent,False
2153,"By what other, more formal name is the sport of soccer known?",Q17437796,soccer,Q2736,association football,0.7121603488922119,,False
3164,What song did Eric Clapton write following his son Conor Clapton's death?,Q48187,Tears in Heaven,Q978005,,,Incomplete schema,False
2889,What famous American jazz musician makes an anachronistic cameo in Blazing Saddles?,Q957323,Count Basie,Q107008,John Morris,0.1138567849993705,inconsistent,True
2050,What science fiction thriller movie featuring Sandra Bullock came out in 2013?,Q40791,Gravity,Q2579784,,,Incomplete schema,False
135,Which of the Black Eyed Peas albums did Fergie first appear on?,Q180004,Elephunk,Q832375,,,Incomplete schema,False
1647,How many matches has Roque Júnior played for Brazil national football team?,Q315831,48,48,1.0,0.1763570010662078,inconsistent,False
2345,What is the date of birth of the Sooryavanshi director Rohit Shetty?,Q61994951,14 March 1974,1974-03-14T00:00:00Z,1974-03-14T00:00:00Z,1.0,,False
1879,What was the first episode William Shatner appeared in in Twilight Zone?,Q16297,Nick of Time,Q2617903,,,Incomplete schema,False
4799,Is John Deacon an active member of the Queen band right now?,Q15862,No,No,Mike Grose,0.2171884328126907,inconsistent,False
4920,What's the name of the label that released Garlands by Cocteau Twins?,Q3758381,4AD,Q238095,4AD,1.0,,True
3840,Which actor played the character of Ivan Vanko in Iron Man 2?,Q23900364,Mickey Rourke,Q178552,Mickey Rourke,1.0,,True
1580,What profession did Caleb have on the show Buffy the Vampire Slayer?,Q183513,Priest,Q42603,,0.2411933243274688,Incomplete schema,False
2179,"Who played Detective Rustin ""Rust"" Cohle in season one of True Detective?",Q7847400,Matthew McConaughey,Q188955,Matthew McConaughey,1.0,,True
4846,Name of the book published in 2002 in Dragonriders of Pern series?,Q1254342,A Gift of Dragons,Q4657002,,,Incomplete schema,False
3695,Name the actor who had Angelina Jolie and Jennifer Aniston as spouses?,Q13909,Brad Pitt,Q35332,Brad Pitt,1.0,,False
493,What is the rating given by Entertainment Weekly to the album Confident?,Q20886070,B+,Q4833641,,,Incomplete schema,False
1868,Was Terence Stamp in Star Wars: Episode I – The Phantom Menace?,Q77298,Yes,Yes,Terence Stamp,0.1524789035320282,inconsistent,False
2965,How many matches did Eden Hazard played for Belgium national football team?,Q214204,116,116,,,Incomplete schema,False
2899,On what date did the first episode of Saturday Night Live air?,Q13979,11 October 1975,1975-10-11T00:00:00Z,,,Incomplete schema,False
690,What is the release year of Leviathan Wakes of The Expanse series?,Q19610143,2011,2011-01-01T00:00:00Z,,,Incomplete schema,True
2631,"In what war did Frank Costanza from the sitcom Seinfeld, serve in?",Q106471752,Korean War,Q8663,,,Incomplete schema,False
434,Was Jennifer Lopez in a married relationship with the singer Mark Anthony?,Q40715,Yes,Yes,Ojani Noa,0.1893414556980133,inconsistent,False
2630,What actor played the father of George Costanza in the sitcom Seinfeld?,Q2777013,Frank Costanza,Q106471752,Jerry Seinfeld,0.516106367111206,inconsistent,False
2097,What year did Inter Milan win their first FIFA Club World Cup?,Q631,2010,2010-01-01T00:00:00Z,,,Incomplete schema,True
2853,Is Sirius Black a member of Prisoner of Azkaban in harry potter?,Q713701,Yes,Yes,,,Incomplete schema,False
389,Which country was the winner of the FIFA World Cup in 2010?,Q19317,Spain national association football team,Q42267,Spain men's national football team,0.8524648547172546,,False
4928,What was the name of Lucille Ball's character on I Love Lucy?,Q209662,Lucy,Q17379228,,,Incomplete schema,False
566,How many matches has Joshua Kimmich played for Germany national football team?,Q13865408,64,64,,,Incomplete schema,False
2966,How many goals did Eden Hazard scored for Belgium national football team?,Q214204,33,33,,,Incomplete schema,False
942,Is Joe Elliot the singer a member of the band Def Leppard?,Q182890,Yes,Yes,Joe Elliott,0.2029306441545486,inconsistent,True
2513,How many times has Spain's Olympic football team played in the Olympics?,Q2637337,5,5,21,0.5143967270851135,inconsistent,False
4479,"During its run on NBC, how many Emmy nominations did SCTV earn?",Q1767756,15,15,Canada's Walk of Fame,0.0475971549749374,inconsistent,False
1482,What year was Gordon Lightfoot inducted into the Songwriters Hall of Fame?,Q359552,2012,2012-01-01T00:00:00Z,,,Incomplete schema,False
1583,What English football club was the first to achieve the European treble?,Q2736,Manchester United F.C.,Q18656,,,Incomplete schema,False
1296,Who stars in One Flew Over the Cuckoo's Nest as Randle McMurphy?,Q2089370,Jack Nicholson,Q39792,,,Incomplete schema,True
1439,Which novelist's mother was Anne-Charlotte-Laure Sallambier and also won the Légion d'honneur?,Q19112644,Honor\u00E9 de Balzac,Q9711,,,Incomplete schema,False
1143,Who first named the zeroth law of Robotics in Robots and Empire?,Q23758,R. Daneel Olivaw,Q901072,,,Incomplete schema,False
2093,In which year did the Brazilian footballer Kaka win the Ballon d'Or?,Q531814,2007,2007-01-01T00:00:00Z,,,Incomplete schema,True
1567,What was the first movie Mike Myers won an MTV award for?,Q185724,Austin Powers: International Man of Mystery,Q501703,,,Incomplete schema,False
1159,Was Sean Maguire in Kröd Mändoon and the Flaming Sword of Fire?,Q717304,Yes,Yes,Sean Maguire,0.1748257279396057,inconsistent,True
3609,What TV show used Sweet and Low by Augustana in an episode?,Q7655599,Kyle XY,Q685481,,,Incomplete schema,False
1376,Which club was Gareth Bale loaned to from Real Madrid in 2020?,Q184586,Tottenham Hotspur F.C.,Q18741,,,Incomplete schema,True
4005,Has Kevin Alejandro played a role in the web series Gemini Division?,Q1282510,Yes,Yes,,,Incomplete schema,False
1758,Who were the main three stars of the show when it premiered?,Q245996,Three's Company,Q245996,,,Incomplete schema,False
6445,Who is the voice actor for adult Simba in The Lion King?,Q1649583,Matthew Broderick,Q28755,,,Incomplete schema,True
5576,What's Queen Elizabeth's relation to the main character in The King's speech?,Q10633,Wife,Q188830,Elizabeth II,0.3227766752243042,inconsistent,True
4968,What is the date of birth of the Divergent's author Veronica Roth?,Q627192,19 August 1988,1988-08-19T00:00:00Z,1988-08-19T00:00:00Z,1.0,,False
6160,How many titles has Bethlehem Steel won in the US Open Cup?,Q27192,5,5,,,Incomplete schema,False
6152,Which island was Billy Joel living on when he wrote Captain Jack?,Q194333,Long Island,Q18438,,,Incomplete schema,False
5577,Which Beethoven symphony was part of the soundtrack for The King's Speech?,Q255,Symphony No. 7,Q260957,,,Incomplete schema,False
5144,In what year did Álvaro Morata begin playing with Real Madrid CF?,Q48770,2010,2010-01-01T00:00:00Z,,,Incomplete schema,False
6420,Who named Adele the Artist of the Year twice in the 2010s?,Q23215,Billboard,Q485240,Grammy Award for Best Song Written for Visual Media,0.3616338074207306,inconsistent,False
5167,What is the genre of the TV series Cursed composer Jeff Russo?,Q55608702,rock music,Q11399,teen drama television,0.1980711221694946,inconsistent,False
5942,What is the Metacritic rating of the album Here We Go Again?,Q940194,65/100,65/100,,,Incomplete schema,False
6429,Which American period sitcom did Topher Grace and Ashton Kutcher starred in?,Q277978,That '70s Show,Q208072,,,Incomplete schema,False
6588,Has George R. R. Martin write a New York Times best seller?,Q9684,Yes,Yes,The Armageddon Rag,0.1364313662052154,inconsistent,False
5843,Which movie got Vivien Liegh the Oscar for best actress in 1952?,Q129429,A Streetcar Named Desire,Q212129,,,Incomplete schema,False
5086,What is the year pele received the award honorary citizen of Baltimore?,Q15124393,1973,1973-01-01T00:00:00Z,,,Incomplete schema,False
6474,"Which actor played Apollo's son, Adonis in the Rocky franchise spin-offs, Creed?",Q1078084,Michael B. Jordan,Q3308007,Michael B. Jordan,1.0000001192092896,,True
6221,In what year did Cristiano Ronaldo leave Manchester United the first time?,Q11571,2009,2009-01-01T00:00:00Z,,,Incomplete schema,False
5363,Which actress starred in both The Breakfast Club and Pretty in Pink?,Q499152,Molly Ringwald,Q231460,Molly Ringwald,1.0,,True
5421,Was Charles Dickens granted the Fellow of the Royal Society of Arts?,Q5686,Yes,Yes,,,Incomplete schema,False
6339,Which TV series with actor Charlie Sheen was created by Chuck Lorre?,Q430844,Two and a Half Men,Q189267,,,Incomplete schema,True
6270,What is the ranking of Kid A on rolling stone in 2009?,Q220726,1,1,,,Incomplete schema,False
5383,How many years did John Terry play for the club Chelsea F.C.?,Q83456,19,19,,,Incomplete schema,False
7159,When was first novel in the The Hunger Games Trilogy series released?,Q11679,14 September 2008,2008-09-14T00:00:00Z,,,Incomplete schema,True
8792,Who plays the Red Blood Cell in English for Cells at Work!?,Q37187,Cherami Leigh,Q138188,Kana Hanazawa,0.360174298286438,inconsistent,False
7246,In which country was the novel The Stand by Stephen King published?,Q149552,United States of America,Q30,,,Incomplete schema,True
9377,Which Brazilian band had Paulo Jr. and Andreas Kisser as band members?,Q2088127,Sepultura,Q239074,,,Incomplete schema,True
9188,What year did France national football win the FIFA world cup first?,Q47774,1998,1998-01-01T00:00:00Z,1998-06-10T00:00:00Z,0.5,inconsistent,True
8198,When was the publisher of The Demon-Haunted World by Carl Sagan founded?,Q2482106,1927,1927-01-01T00:00:00Z,Random House,,,False
8209,Was Do You Wanna Ride? on Billboard's US Top R&B/Hip-Hop Album chart?,Q5286394,Yes,Yes,Do You Wanna Ride?,0.3469025492668152,inconsistent,False
8772,Which actress played Christine Daaé in The Phantom of the Opera film?,Q276407,Emmy Rossum,Q35912,Emmy Rossum,1.0,,True
8036,Which 1960 psychological horror film was produced and directed by Alfred Hitchcock?,Q7374,Psycho,Q163038,,,Incomplete schema,True
7123,Was the White Star Lines ocean liner RMS Titanic build in Liverpool?,Q24826,Yes,Yes,,0.4865746796131134,Incomplete schema,False
8999,Is Jason white active member of the band Green day or not?,Q47871,No,No,Tré Cool,0.2551800608634949,inconsistent,True
9147,Who played Charline in the movie Willy Wonka and the Chocolate Factory?,Q936327,Peter Ostrum,Q386564,,,Incomplete schema,False
6842,Which country does the company that bought out Columbia Records come from?,Q183387,Japan,Q17,United States,0.5333282351493835,inconsistent,False
8574,"Who did Melvin Frohike call ""hot"" on the tv series The X-Files?",Q3305307,Dana Scully,Q2741,,,Incomplete schema,False
9017,How many goals has Jan Oblak scored for Slovenia national football team?,Q2058682,0,0,,,Incomplete schema,True
8048,Ray Romano was the main star in which 1996 CBS sitcom series?,Q220836,Everybody Loves Raymond,Q208568,,,Incomplete schema,True
7787,Who is the author of the first book of the Outland series?,Q18153036,Diana Gabaldon,Q272492,Diana Gabaldon,1.0000001192092896,,True
7534,What is date of birth of the Permanent Roommates' creator Arunabh Kumar?,Q24521502,26 November 1982,1982-11-26T00:00:00Z,1982-11-26T00:00:00Z,1.0,,False
8801,What year did St Johnstone F.C. win the Scottish Cup before 2021?,Q308822,2014,2014-01-01T00:00:00Z,,,Incomplete schema,False
6840,"Which record label released Shakira's second English album, Oral Fixation, Vol. 2?",Q1341002,Epic Records,Q216364,Epic Records,1.0,,False
8550,What was the name of John Travolta's character in the movie Carrie?,Q80938,Billy Nolan,Q63884029,Billy Nolan,1.000000238418579,,False
7057,How many total episodes were produced in 10 seasons of Hawaii Five-O?,https://en.wikipedia.org/wiki/Hawaii_Five-0_(2010_TV_series),Hawaii Five-0,Q728443,,,Incomplete schema,False
8043,What's the name of the 1996 CBS sitcom series starring Ray Romano?,Q220836,Everybody Loves Raymond,Q208568,,,Incomplete schema,True
8562,When was the single Love Is a Stranger by the Eurythmics released?,Q596054,8 November 1982,1982-11-08T00:00:00Z,1982-09-01T00:00:00Z,0.5,inconsistent,False
7121,What is the founding year of Tim Howard's last Premier League club?,Q200785,1878,1878-01-01T00:00:00Z,,,Incomplete schema,True
7493,What is the birth date of the Shaolin Soccer's director Stephen Chow?,Q536299,22 June 1962,1962-06-22T00:00:00Z,1962-06-22T00:00:00Z,1.0,,False
7354,What is the character played by Andrew Lincoln in The Walking Dead?,Q296843,Rick Grimes,Q605417,,,Incomplete schema,True
8045,Which real newspaper did Ray Barone on Everybody Loves Raymond work for?,Q208568,Newsday,Q1140593,,,Incomplete schema,False
8277,Who was the voice of Hank Hill in King of the Hill?,Q1135966,Mike Judge,Q434585,,,Incomplete schema,True
8559,When was the song Never Gonna Cry Again by the Eurythmics released?,Q1450437,May 1981,Q3277968,,,Incomplete schema,False
8822,Oliver Stone received his first Academy Award by working on which film?,Q179497,Midnight Express,Q174699,,,Incomplete schema,False
9111,"What is the album that contains the song, Help by the Beatles?",Q201816,Help!,Q201816,,,Incomplete schema,True
7003,Manchester United F.C. last won the FIFA world cup in what year?,Q18656,2008,2008-01-01T00:00:00Z,,,Incomplete schema,False
1158,In which year did Kröd Mändoon and the Flaming Sword of Fire come out?,Q717304,2009,2009-01-01T00:00:00Z,,,Incomplete schema,True
954,What is the name of the club he played for in the year 2000?,Q624,Juventus F.C.,Q1422,,,Incomplete schema,True
4110,Did Sigourney Weaver reprise her role as Ripley in any of the Alien sequels?,Q96388493,Yes,Yes,,,Incomplete schema,False
3363,Who did Michael Bay worked for when he was an intern at age 15?,Q59259,George Lucas,Q38222,,,Incomplete schema,False
1248,Which tv network originally aired the science fiction tv series Space: Above and Beyond?,Q729265,Fox Broadcasting Company,Q166419,Fox Broadcasting Company,1.0,,False
1664,What is the award received in 1990 for Most Promising Actress by Vanessa Paradis?,Q174389,Vanessa Paradis,Q51023,Victoires de la Musique – Female artist of the year,0.3321312069892883,inconsistent,False
666,who won the best visual effects award in 2021 satellite award for Tenet movie?,Q63985561,Andrew Jackson,Q20488060,,,Incomplete schema,False
3195,What place did G N' R Lies get to on the Billboard 200 charts?,Q11895,Guns N\u2019 Roses,Q11895,,,Incomplete schema,False
765,What was the first ever number one song on the US Billboard Hot 100?,Q180072,Poor Little Fool,Q7228786,/m/026pys,0.1991103440523147,inconsistent,False
2043,Which novel of the author Colson Whitehead won him another Pulitzer Prize for fiction?,Q509662,The Nickel Boys,Q85808003,The Nickel Boys,1.000000238418579,,True
1098,who is the actor played as Sheldon Sampson/The Utopian in Tv series Jupiter's Legacy?,Q65120863,Josh Duhamel,Q19794,Josh Duhamel,1.0000001192092896,,True
4577,Which is the first book of the novel series Little House on the Prairie?,Q5400672,Little House in the Big Woods,Q7173181,,,Incomplete schema,True
3995,What is the release date of the album Made in India in CD form?,Q18127630,8 May 1995,1995-05-08T00:00:00Z,1995-01-01T00:00:00Z,0.5,inconsistent,False
865,What is the first year the Kansas City Wizards competed in the MLS Cup?,Q329812,2004,2004-01-01T00:00:00Z,,,Incomplete schema,True
4407,What was the next feature film Robert Zemeckis directed after Back to the Future?,Q187364,Who Framed Roger Rabbit,Q379873,,,Incomplete schema,True
1699,Who played the character of Lieutenant Commander JoAnne Galloway in A Few Good Men?,Q108946,Demi Moore,Q43044,Demi Moore,1.0,,True
1683,Which government official nominated Orion Clemens to the position of Secretary of Nevada Territory?,Q7102773,Abraham Lincoln,Q91,,,Incomplete schema,False
1369,"Which character played the main love interest of Francine ""Fran"" Fine on The Nanny?",Q464865,list of The Nanny characters,Q3375743,Sophie Ward,0.4229914247989654,inconsistent,False
332,which is the country of orgin of the book the Tale of peter Rabbit?,Q580463,England,Q21,England,1.0,,True
3776,Was Carl Lee Hailey acquitted at the end of A Time to Kill novel?,Q1213715,Yes,Yes,,,Incomplete schema,False
1698,Which 1992 legal drama movie starring Tom Cruise that was written by Aaron Sorkin?,Q299194,A Few Good Men,Q108946,,,Incomplete schema,ERROR
1565,Who played the Cat  in the 2003 adaptation of The Cat in the Hat?,Q1286387,Mike Myers,Q185724,David Newman,0.3528121709823608,inconsistent,True
4686,Who was the first winner of the first season of the TV series Survivor?,Q28856068,Richard Hatch,Q3364044,,,Incomplete schema,False
730,What is the name of the producer of the movie The Devil Wears Prada?,Q223316,Wendy Finerman,Q459177,Wendy Finerman,0.9999999403953552,,True
298,"How many players in the Columbus Crew Soccer Club as of December 1, 2021?",Q457163,31,31,,,Incomplete schema,False
4367,What is the name of the head coach of the club Hellas Verona F.C.?,Q8639,Ivan Juri\u0107,Q556688,Ivan Jurić,0.8003345727920532,,True
3914,Which character in the TV series The Conners was played by Johnny Galecki ?,Q295739,The Conners,Q56471830,,,Incomplete schema,False
2178,What's the name of the theme song for the first season of True Detective?,Q7847400,Far From Any Road,Q28003823,,,Incomplete schema,False
4609,What building did the publishing company's printing and manufacturing office move into in 1889?,Q3093062,Knickerbocker Building,Q6422047,,,Incomplete schema,False
3240,What is the publication date of the book The Monk Who Sold His Ferrari?,Q17069725,21 April 1999,1999-04-21T00:00:00Z,1999-04-21T00:00:00Z,1.0,,True
4464,For which 1979 movie did Dustin Hoffman win an Academy Award for Best Actor?,Q42930,Kramer vs. Kramer,Q193577,,,Incomplete schema,False
4913,What is the name of the first feature length film directed by Alfred Hitchcock?,Q7374,The Pleasure Garden,Q39005,,,Incomplete schema,False
4608,What was the original name of the G. P. Putnam's Sons and publishing company?,Q3093062,G. P. Putnam's Sons,Q3093062,,,Incomplete schema,False
1891,What is the language of work of the book The Name of the Rose?,Q652,The Name of the Rose,Q172850,Italian,0.178478255867958,inconsistent,False
2278,What is the name of the first novel of Percy Jackson and the Olympians?,Q213167,The Lightning Thief,Q501514,,,Incomplete schema,True
1232,What is the name of the ruthless dictator who rules Oceania in Nineteen Eighty-Four?,Q208460,Big Brother,Q751417,Big Brother,1.0000001192092896,,False
4023,who is win the favorite Bad Boys for Life of people choice awards win?,Q29021224,Will Smith,Q56528891,People's Choice Awards,0.2127683460712433,inconsistent,True
4000,What is the launch date of the album Made in India in CD form?,Q18127630,8 May 1995,1995-05-08T00:00:00Z,1995-01-01T00:00:00Z,0.5,inconsistent,False
3322,"Who was the owner of the soccer club ""New York Red Bulls"" soccer team?",Q204220,Red Bull GmbH,Q698639,Red Bull GmbH,1.0000001192092896,,True
1848,Which two actors portrayed the titular protagonists in the tv sitcom Will & Grace?,Q212135,Eric McCormack,Q436686,,,Incomplete schema,True
4845,What year is the first year of the book series Dragonriders of Pern published?,Q1254342,1968,1968-01-01T00:00:00Z,,,Incomplete schema,False
1313,What was the first year the prime time soap opera Dallas was on TV?,Q168708,1978,1978-01-01T00:00:00Z,1978-04-02T00:00:00Z,0.5,inconsistent,False
1446,What is the title of the fourth film in the Star Wars film series?,Q21527419,Star Wars: Episode I \u2013 The Phantom Menace,Q165713,,,Incomplete schema,False
673,in which award won the best song of MTV Europe music awards in 2021?,Q107341752,Bad Habits,Q4840323,,,Incomplete schema,False
4607,"What company originally published the 1973 novel ""The Taking of Pelham One Two Three?""",Q14752446,G. P. Putnam's Sons,Q3093062,G. P. Putnam's Sons,1.0000001192092896,,True
231,Which character in the TV series Better call saul was played by Maximino Arciniega?,Maximino Arciniega,Better Call Saul,Q14925221,,,Incomplete schema,False
3841,What is the title of the movie that is sequel to Iron Man 2?,Q205028,Iron Man 3,Q209538,,,Incomplete schema,False
2528,What is the professional name of the popular rapper also known as Slim Shady?,Q19929372,Eminem,Q5608,Eminem,1.0,,False
4936,What year was the first book of Discworld the comic fantasy book series released?,Q3257270,1983,1983-01-01T00:00:00Z,,,Incomplete schema,True
3374,Who played the central character Jack Bauer in the action drama tv series 24?,Q56194,Kiefer Sutherland,Q103946,,,Incomplete schema,True
2635,In what city was the Final Match of the 1982 Men's World Cup played?,Q46934,Madrid,Q2807,Madrid,1.0,,False
2550,What magazine was Oliver Twist published in before it was published as a book?,Q164974,Bentley's Miscellany,Q2896754,Bentley's Miscellany,1.000000238418579,,True
1374,What year did Gareth Bale get his first cap with the Wales national team?,Q184586,2006,2006-01-01T00:00:00Z,,,Incomplete schema,False
2511,What team won the silver medal for men's soccer in the 2020 Summer Olympics?,Q61056311,Spain national under-23 football team,Q2637337,,,Incomplete schema,False
1233,"Who honored George Orwell as one of ""The 50 greatest British writers since 1945""?",Q208460,The Times,Q50008,,,Incomplete schema,False
1244,How many tracks were on side two of The Police's debut album Outlandos d'Amour?,Q862386,5,5,So Lonely,0.2193713784217834,inconsistent,False
3358,"Who directed the first Dan Brown novel adaptation, The da Vinci Code in 2006?",Q160560,Ron Howard,Q103646,Ron Howard,0.9999998807907104,,False
1437,How many goals did the second place score in the 2020-2021 Premier league season?,Q69622172,22,22,,,Incomplete schema,False
793,What was the name of the next album released by Alexandra Stan after Saxobeats?,Q1933848,Clich\u00E9 (Hush Hush),Q17625735,,,Incomplete schema,True
2515,What team won the gold medal for men's soccer during the 2020 Summer Olympics?,Q61056311,Brazil Olympic football team,Q899189,,,Incomplete schema,False
4345,in what year was the first appearance of the character Jeeves in a book?,Q521812,1915,1915-01-01T00:00:00Z,,,Incomplete schema,False
210,what year was the first book published of the series The Kent Family Chronicles?,Q7715785,1974,1974-01-01T00:00:00Z,1974-01-01T00:00:00Z,1.0,,True
1675,What is the sports team played in 2012 to 2014 by Alessandro Del Piero?,Q624,Sydney FC,Q330143,,,Incomplete schema,True
4473,What was the song that catapulted Kurt Cobain and his Nirvana bandmates to fame?,Q8446,Smells Like Teen Spirit,Q485907,,,Incomplete schema,True
1836,Which actor portrayed Frank Abagnale in the 2002 film Catch Me If You Can?,Q208108,Leonardo DiCaprio,Q38111,,,Incomplete schema,False
4336,Who was the head coach of the soccer club New England Revolution soccer club?,Q309095,Brad Friedel,Q241378,Brad Friedel,1.0,,True
3469,Who were the directors of the episode named MADMAX of the series Stranger Things?,Q42155612,Duffer Brothers,Q26097618,Ross Duffer,0.7017272710800171,,False
3907,Was the down home girl on Rolling stones album The Rolling Stones 2 ?,Q930757,Yes,Yes,,,Incomplete schema,False
4256,Who played the Venom character role in the movie Venom: Let There Be Carnage?,Q60498064,Tom Hardy,Q208026,Tom Hardy,1.0,,False
3773,Is John Grisham's novel A Time to Kill based on a real life case?,Q1213715,Yes,Yes,,,Incomplete schema,False
1570,Who played the Cat in the film adaptation of The Cat in the Hat?,Q1286387,Mike Myers,Q185724,,,Incomplete schema,True
4072,What is the name of the first book of the series The Farseer Trilogy?,Q2512889,Assassin's Apprentice,Q2498822,Assassin's Apprentice,0.9999999403953552,,True
1219,What is the name of the father character in the TV series Family Guy?,Q5930,Peter Griffin,Q28465,,,Incomplete schema,True
422,What is the narrative place in the work The Old Man and the Sea?,Q26505,Peru,Q419,The Old Man and the Sea,0.1469014286994934,inconsistent,False
2771,What is the number of movies in the Home Alone series as of 2021?,Q3627883,6,6,Home Alone 4,0.2661952376365661,inconsistent,True
3321,"What was the nickname of the soccer club ""New York Red Bulls"" soccer team?",Q204220,The Red Bulls Metro,The Red Bulls Metro,Metro,0.6573577523231506,,True
1652,What is the form of creative work of the book Lord of the Flies?,Q271764,novel,Q8261,novel,1.0000001192092896,,True
4578,Which is the second book of the novel series Little House on the Prairie?,Q5400672,Farmer Boy,Q5435715,Farmer Boy,1.0,,True
732,What is the name of the band Sting belonged to in the year 1977?,Q483203,The Police,Q178095,The Police,0.9999999403953552,,False
3782,What's the last movie Viggo Mortensen acted in before The Fellowship of the Ring?,Q171363,28 Days,Q221098,,,Incomplete schema,False
3712,What is the number of goals scored by Julio Salinas for Spain in football?,Q155290,22,22,,,Incomplete schema,False
475,Who was the Who was the head coach of the Chicago Fire Football Club?,Q308683,Ezra Hendrickson,Q1008088,Gregg Berhalter,0.4549441635608673,inconsistent,False
5428,Who is the actor playing the role of Raymond in the movie Rain Man?,Q188845,Dustin Hoffman,Q42930,,,Incomplete schema,False
5567,What is the first book published in the Loyal League series by Alyssa Cole?,Q62894817,Q110363123,Q110363123,When No One Is Watching,0.073964886367321,inconsistent,False
5964,Who is the composer of the movie Dora and the Lost City of Gold?,Q56064745,John Debney,Q48975,,,Incomplete schema,True
5976,What is the original language of the tv series On the Wings of Love?,Q19954660,Filipino,Q33298,Filipino,1.0000001192092896,,True
5700,Which album by The Beatles was released first:Please Please Me or Let It Be?,Q1299,Please Please Me,Q181826,,,Incomplete schema,False
5966,Who is the Distributor of the movie Dora and the Lost City of Gold?,Q56064745,Paramount Players,Q30644098,Paramount Players,1.0,,True
5847,Which actress won the Academy Awards for the best actress in the year 1952?,Q917184,Vivien Leigh,Q129429,,,Incomplete schema,False
5876,"What was the review score by Rotten Tomatoes for the movie ""The Night House""?",Q77906196,87%,87%,88%,0.959567368030548,,True
6484,The superhero tv series Agents of S.H.I.E.L.D. was a part of which superhero franchise?,Q537911,Marvel Cinematic Universe,Q642878,,,Incomplete schema,True
5282,"When was the song ""Shivers"" released the format of Adult contemporary radio in USA?",Q108489043,13 September 2021,2021-09-13T00:00:00Z,,,Incomplete schema,True
5528,Who is the Original Broadcaster of Season 1 of the tv series The Tunnel?,Q15104549,Sky Atlantic,Q3510971,Sky Atlantic,1.0,,False
5978,What is the narrative location of the tv series On the Wings of Love?,Q19954660,San Francisco,Q62,San Francisco,1.0,,True
6335,What is the number of seasons in the Two and a Half Men series?,Q189267,12,12,12.0,0.5265554189682007,inconsistent,False
5147,Which is the first novel of the book series Diary of a Wimpy Kid?,Q1339580,Diary of a Wimpy Kid,Q3285408,,,Incomplete schema,True
5152,Which is the initial novel of the book series Diary of a Wimpy Kid?,Q1339580,Diary of a Wimpy Kid,Q3285408,,,Incomplete schema,True
6073,What is the name of the chairman of the football club Manchester City F.C.?,Q50602,Khaldoon Al Mubarak,Q515133,Khaldoon Al Mubarak,1.0000001192092896,,True
5150,Which is the last novel of the book series Diary of a Wimpy Kid?,Q1339580,Diary of a Wimpy Kid: Big Shot,Q107490260,,,Incomplete schema,True
5408,Which character in the TV series Saturday night live was played by Norman Reedus?,Q503545,Saturday Night Live,Q6122059,,,Incomplete schema,False
5714,In which competition did FC Barcelona play Portugal national association football team in 2012?,Q35572,UEFA Euro 2012,Q22669,,,Incomplete schema,False
6454,Which series co-created by Jeffrey Lieber was an adaptation of the film Cast Away?,Q376260,Lost,Q23567,,,Incomplete schema,False
6457,In which sitcom did the actor Nestor Carbonell play the role of Luis Rivera?,Q225933,Suddenly Susan,Q643894,,,Incomplete schema,False
6465,Which football player was the recipient of 2001 FIFA World Player of the Year?,Q994943,Lu\u00EDs Figo,Q483145,,,Incomplete schema,True
5480,"Who was the Huck's best friend in the book of ""Adventures of Huckleberry Finn""?",Q215410,Tom Sawyer,Q944203,,,Incomplete schema,True
6210,What year was number 1 in the 1993 year end chart for pop singles?,Q1849077849077,I Will Always Love You,Q666856,,,Incomplete schema,False
5277,"Who won the best actor award in Empire Awards for the movie ""American Sniper""?",Q16970789,Bradley Cooper,Q19919731,,,Incomplete schema,True
5620,Who hosted the TV show Would I Lie to You in the year 2019?,Q655817,Rob Brydon,Q2322261,,,Incomplete schema,True
5975,Who is the original broadcaster of the tv series On the Wings of Love?,Q19954660,ABS-CBN Corporation,Q287617,ABS-CBN Corporation,1.0,,True
9097,"Who in the movie The Lord of the Rings, was the music produced by?",Q190214,Howard Shore,Q207773,Howard Shore,1.0,,True
8153,Who received the award golden globe in the tv series Big Little Lies ?,Q19873404,Nicole Kidman,Q37459,,,Incomplete schema,True
6900,What is the name of the lead vocalist of the band Guns N' Roses?,Q11895,Axl Rose lml,Q11885,,,Incomplete schema,True
6771,What is the name of the first book in the Wheel of Time series?,Q4470,The Eye of the World,Q477994,The Eye of the World,1.000000238418579,,True
7145,Who was the actress who played the second version of Xev Bellringer on Lexx?,Q657308,Xenia Seeberg,Q76113,Eva Habermann,0.2618640065193176,inconsistent,True
7727,What is the name of the illustrator for A Tale of Two Cities ?,Q308918,Hablot Knight Browne,Q2737410,Hablot Knight Browne,1.0,,True
9356,What is the name of the school that was the basis of Malory Towers?,Q1235800,Benenden School,Q4887508,book series,0.1384390592575073,inconsistent,False
9127,"What country was Gianni Infantino originally from, who is the current president of FIFA?",Q124138,Switzerland,Q39,Switzerland,1.0,,True
8092,What was the Main subject of the Once Upon a Time in Hollywood movie?,Q47300912,Manson Family,Q1722708,Manson Family,1.0,,True
9309,Who was the first president of the Science Fiction and Fantasy Writers of America?,Q1364364,Damon Knight,Q534599,,,Incomplete schema,False
9408,What was the name of the home ground for the club K.S.C. Lokeren Oost-Vlaanderen?,Q221940,Daknamstadion,Q677582,Daknamstadion,1.0,,True
8379,What is the name of first part of the book Lord of the Rings?,Q15228,The Fellowship of the Ring,Q208002,The Fellowship of the Ring,1.0000001192092896,,True
8288,How many day did Piscine survive in sea in the book Life of Pi?,Q374204,227 days,227 days,,,Incomplete schema,False
8028,"Who was the bookshop owner that Little, Brown and Company traces its roots to?",Q552959,Ebenezer Battelle,Q5331649,Charles Coffin Little,0.1527739465236663,inconsistent,False
8588,What is the name of the first book of the series The Mortal Instruments?,Q478151,City of Bones,Q589106,,,Incomplete schema,True
8575,Who composed the music for the opening theme of the tv series The X-Files?,Q2744,Mark Snow,Q534413,,,Incomplete schema,False
7567,Name of the actor who played the role Walter White in Breaking bad series?,Q1079,Bryan Cranston,Q23547,Bryan Cranston,1.0,,True
7644,What is the name of the first part of the Harry Potter film series?,Q216930,Harry Potter and the Philosopher's Stone,Q102438,Harry Potter and the Philosopher's Stone,1.0,,True
7840,Date of the first goal scored by wayne rooney in FIFA Club World Cup?,Q266613,18 December 2008,2008-12-18T00:00:00Z,,,Incomplete schema,False
9096,"What is the second movie in the film series, The Lord of the Rings?",Q190214,The Lord of the Rings: The Two Towers,Q164963,Peter Jackson's Middle-earth film series,0.4148392081260681,inconsistent,True
9076,When was the first time the US women's soccer team received a gold medal?,Q334526,1996,1996-01-01T00:00:00Z,,,Incomplete schema,True
8732,In what county was Downton Abbey be located in for the fictional TV Series?,Q83071,Yorkshire,Q163,Yorkshire,0.9999999403953552,,False
8851,In what year in the 1980s were new Mission: Impossible TV shows first released?,Q715107,1988,1988-01-01T00:00:00Z,1988-10-23T00:00:00Z,0.5,inconsistent,True
6671,What is the name of the captain of the Croatia national association football team?,Q134479,Luka Modri\u0107,Q483837,Luka Modrić,0.7002065777778625,,True
8424,What is the name of the first book of the series The Dark Tower,Q280898,The Dark Tower: The Gunslinger,Q1422318,The Dark Tower: The Gunslinger,1.0,,True
8259,What is the name of the author who wrote A Tale of Two Cities?,Q308918,Charles Dickens,Q5686,Charles Dickens,1.0,,True
9374,Who was the Chief Executive Officer of the company Paramount Pictures in August 2021?,Q159846,Jim Gianopulos,Q6195201,Jim Gianopulos,1.0000001192092896,,True
7845,What is the first book called in the The Lord of the Rings Trilogy?,Q208002,The Fellowship of the Ring,Q208002,The Lord of the Rings,0.8039734363555908,,True
7645,What is the name of the production company of the Harry Potter film series?,Q216930,Warner Bros.,Q126399,Warner Bros.,1.0,,True
7010,In which year did the novel The Old Man and the Sea come out?,Q7754883,1990,1990-01-01T00:00:00Z,1990-01-01T00:00:00Z,1.0,,True
9306,What other career does Mary Robinette Kowal have in addition to being an author?,Q4225496,puppeteer,Q2629392,puppeteer,1.0,,True
8958,What is the country of origin for the serial All of Us Are Dead?,Q96414952,Q108649473,Q108649473,South Korea,0.0576867535710334,inconsistent,True
8095,who was the film editor of the Once Upon a Time in Hollywood movie?,Q47300912,Fred Raskin,Q3086942,Fred Raskin,1.0,,False
6918,What is the name of the first part of the book series The Expanse?,Q19610143,Leviathan Wakes,Q6535598,Leviathan Wakes,1.0,,True
7637,What is the name of the publisher of the book The Origin of Species?,Q21948575,John Murray,Q1232629,,,Incomplete schema,True
8537,Who got a paper cut on their 18th birthday in the book New Moon?,Q191540,Bella Swan,Q223757,,,Incomplete schema,True
9075,When was the first time the US women's soccer team went to the Olympics?,Q334526,1996,1996-01-01T00:00:00Z,,,Incomplete schema,True
9406,What is the name of the Belgian club where Włodzimierz Lubański was a member?,Q313446,K.S.C. Lokeren Oost-Vlaanderen,Q221940,Valenciennes F.C.,0.4923673272132873,inconsistent,True
8094,who was the director of the Once Upon a Time in Hollywood movie ?,Q47300912,Quentin Tarantino,Q3772,Quentin Tarantino,1.0000001192092896,,True
7965,What year was the first book of the series Alfred A. Knopf Inc published?,Q1069956,1970,1970-01-01T00:00:00Z,,,Incomplete schema,True
7108,Adam Levine is a member of which pop rock band that formed in 1994?,Q219631,Maroon 5,Q182223,,,Incomplete schema,True
8743,Did the US Women's National Soccer Team win the Women's World Cup in 2015?,Q334526,yes,Yes,Japan women's national football team,0.08014577627182,inconsistent,True
7624,"Which actress played the lead role in the TV series, Buffy the Vampire Slayer?",Q183513,Sarah Michelle Gellar,Q180665,,,Incomplete schema,False
8752,"In 2019, did the US Women's National Soccer Team win the Women's World Cup?",Q334526,yes,Yes,,0.4865746796131134,Incomplete schema,True
8152,Who directs the first season “somebody’s dead” in the tv series Big Little Lies?,Q500611,Big Little Lies,Q19873404,,,Incomplete schema,False
9321,What movie starring Jack Nicholson was the last to be released in the 1990s?,Q39792,As Good as It Gets,Q221594,Jack Nicholson filmography,0.1141801550984382,inconsistent,False
7871,What is the capacity of The City of Manchester stadium for domestic football games?,Q48159,City of Manchester Stadium,Q48159,55017.0,0.1493240594863891,inconsistent,False
8026,The name of the book J.D. Salinger released after The Catcher in the Rye?,Q79904,Nine Stories,Q795062,,,Incomplete schema,True
8375,What is the award received in 2009 by the book Lord of the Rings?,Q15228,Prometheus Award,Q142392,,,Incomplete schema,True
3739,Who is a part of Luis Suárez sports team?,Q81888,Club Nacional de Football,Q499616,Catalonia national football team,0.6981220245361328,,False
5336,Who is responsible for the distribution of Seven Movies?,Q79202,Netflix,Q907311,Seven Films,0.421461284160614,inconsistent,False
3792,Did Trey Parker and Matt Stone voice any South Park characters?,Q44414,Yes,Yes,DMX,0.1964495331048965,inconsistent,True
1575,Lin-Manuel Miranda played the role of who in the musical Hamilton?,Q28659892,Alexander Hamilton,Q178903,,,Incomplete schema,False
2788,In which year did the soccer player Pelé marry Marcia Aoki?,Q12897,2016,2016-01-01T00:00:00Z,,,Incomplete schema,False
1168,Has the Japan national football team ever won a world cup?,Q170566,No,No,,,Incomplete schema,True
2068,Who captains the French soccer team and the club Tottenham Hotspur?,Q47774,Hugo Lloris,Q1907,,,Incomplete schema,True
4925,Who played Ethel Mertz in the TV series I Love Lucy?,Q5403172,Vivian Vance,Q271871,,,Incomplete schema,False
1849,Was Will & Grace in the NBC's Must See TV lineup?,Q212135,Yes,Yes,,,Incomplete schema,True
196,What is the name of Chris Martin and Gwyneth Paltrow's daughter?,Q712860,Apple Martin,Q47493349,Chris Martin,0.6195360422134399,,True
1417,Did Ricardo Montalbán have a role in Spy Kids 3-D:game Over?,Q333595,Yes,Yes,,0.4865746796131134,Incomplete schema,False
3596,What award did the American Library Association give The Night Diary?,Q65083326,Newbery Medal,Q622813,,,Incomplete schema,False
3836,Pseudonym of Michael Crichton used while writing the novel Grave Descend?,Q172140,John Lange,Q11775531,John Lange,1.0,,True
2181,When did Season 2 of True Detective first air on HBO?,Q7847400,21 June 2015,2015-06-21T00:00:00Z,,,Incomplete schema,False
3793,What year did Isaac Hayes who voiced Chef quit South Park?,Q16538,2006,2006-01-01T00:00:00Z,,,Incomplete schema,False
2305,From which club did Lionel Messi come from before joining PSG?,Q615,Lionel Messi,Q615,Inter Miami CF,0.2365067303180694,inconsistent,False
4169,What Daniel Craig movie came after Casino Royale in the series?,Q4547,Quantum of Solace,Q181540,,,Incomplete schema,False
4284,Which is the next book after Coolie of Mulk Raj Anand?,Q5167484,Two Leaves and a Bud,Q7859039,,,Incomplete schema,True
1429,What actor portrayed Fargo in the Warehouse 13 and Eureka crossover?,Q595889,Neil Grayston,Q1139494,,,Incomplete schema,False
2489,What Jane Austen book was published next after Pride and Prejudice?,Q36322,Mansfield Park,Q469690,,,Incomplete schema,True
4198,Who played the title role in the 1996 adaptation of Matilda?,Q280400,Mara Wilson,Q237270,,,Incomplete schema,True
3159,What is the name of Robin Williams and Valerie Velardi's child?,Q83338,Zachary Williams,Q61473291,,,Incomplete schema,True
861,How many Daytime Emmy Awards did The Oprah Winfrey Show get?,Q1179189,47,47,,,Incomplete schema,False
4663,How many goals have Lionel Messi scored for Paris Saint-Germain F.C.?,Q615,1,1,,,Incomplete schema,False
1166,What was France national football team first FIFA World Cup win?,Q47774,2001 FIFA Confederations Cup,Q493052,2001 FIFA Confederations Cup,1.000000238418579,,False
494,What is the rating given by Metacritic to the album Confident?,Q20886070,74/100,74/100,,,Incomplete schema,True
4402,How many of the Ryanverse books were written by Tom Clancy?,Q55163199,17,17,,,Incomplete schema,False
639,How many Academy Awards was won by the film The Matrix?,Q19020,Four,Q76440535,,,Incomplete schema,False
1886,Did Netherlands women's national football team win UEFA Women's Euro 2017?,Q841563,Yes,Yes,Netherlands women's national association football team,0.1048350185155868,inconsistent,True
4296,What is the length of the Brutal song of Sour album?,Q106316694,2:23,2:23,143.0,0.2731715142726898,inconsistent,True
4585,Who is the spouse of the Cars movie director John Lasseter?,Q182153,Nancy Lasseter,Nancy Lasseter,,,Incomplete schema,False
2304,In what date Lionel Messi score his first goal with PSG?,Q615,28 September 2021,2021-09-28T00:00:00Z,,,Incomplete schema,False
1745,How many James Bond Films have been produced by Eon Productions?,Q17437798,production of the James Bond films,Q95686467,,,Incomplete schema,False
3400,What is the rating on Entertainment Weekly of the album Funeral?,Q526196,B+,Q4833641,,,Incomplete schema,False
4563,What is the first Hollywood movie A. R. Rahman scored music?,Q108560,Couples Retreat,Q1462222,,,Incomplete schema,False
3690,Which actor was once married to Angelina Jolie and Jennifer Aniston?,Q13909,Brad Pitt,Q35332,Brad Pitt,1.0,,False
1378,Did Gareth Bale play for Tottenham Hotspur before joining Real Madrid?,Q184586,Yes,Yes,Southampton F.C.,0.1840661317110061,inconsistent,True
436,What are the names of Jennifer Lopez and Marc Anthony's children?,Q40715,Maximilian David Anthony,Q40484771,Maximilian David Anthony,1.0000001192092896,,False
134,Which year did Fergie start collaborating with the Black Eyed Peas?,Q180004,2002,2002-01-01T00:00:00Z,,,Incomplete schema,False
158,Who is the spouse of the The Body's director Jeethu Joseph?,Q85532356,Linta Jeethu,Linta Jeethu,,,Incomplete schema,False
2637,In how many Men's World Cups did Paul Breitner play in?,Q19317,Paul Breitner,Q44458,,,Incomplete schema,False
4420,Which actor played the role of Tony Soprano in The Sopranos?,Q23628,James Gandolfini,Q308722,James Gandolfini,0.9999998807907104,,True
1434,Liverpool F.C. got what position in the 2020-2021 Premier league season?,Q1130849,3,3,,,Incomplete schema,False
2142,"What number of brothers comprise the ""boy band"" known as Hanson?",Q768621,3,3,Zac Hanson,0.1474775671958923,inconsistent,False
2135,What movie started the air disaster series of films in 1970?,Q409022,Airport,Q409022,,,Incomplete schema,True
2173,Was the song Fade to Black on Metallica's Ride the Lightning?,Q190989,Yes,Yes,,0.4865746796131134,Incomplete schema,False
4191,Total number of goals scored by Franz Beckenbauer for Bayern Munich?,Q4457,75,75,,,Incomplete schema,False
3845,Which boy band had Justin Timberlake and Lance Bass as members?,Q43432,NSYNC,Q154454,,,Incomplete schema,False
2078,In 1955 which James Dean movies did Leonard Rosenman worked on?,Q1346580,East of Eden,Q1129778,,,Incomplete schema,False
4168,Which was the first James Bond movie to feature Daniel Craig?,Q2009573,Casino Royale,Q151904,,,Incomplete schema,True
4662,How many matches have Lionel Messi played for Paris Saint-Germain F.C.?,Q615,10,10,,,Incomplete schema,False
253,What is the gating on Entertainment Weekly of the album Demi?,Q9343810,C+,Q1181180,,,Incomplete schema,False
1831,Which streaming platform made the novel into a six parts miniseries?,Q278208,Hulu,Q1630304,,,Incomplete schema,False
1370,Which actor portrayed Maxwell Sheffield on the US sitcom The Nanny?,Q464865,Charles Shaughnessy,Q122473,Charles Shaughnessy,1.0,,False
2080,Where the original RoboCop trilogy movies all direct by Paul Verhoeven?,Q129079,No,No,RoboCop 3,0.1725490689277649,inconsistent,False
4931,Which team won the first MLS Cup in Major League Soccer?,Q18543,D.C. United,Q238593,D.C. United,1.000000238418579,,True
1880,Who wrote Nick of Time in the original Twilight Zone series?,Q2617903,Richard Matheson,Q325130,Richard Matheson,1.0,,True
4605,Has Paul Pogba played for Manchester United F.C. Reserves and Academy?,Q129027,Yes,Yes,AS Monaco FC,0.1517290025949478,inconsistent,False
4807,Is The King of Pigs debut movie of the Yeon Sang-ho?,Q7744577,Yes,Yes,,,Incomplete schema,False
3850,What band comprised of Justin Timberlake and Lance Bass in it?,Q43432,NSYNC,Q154454,NSYNC,1.0,,True
5136,Who was the voice actor for Meg Griffin in Family Guy?,Q908772,Mila Kunis,Q37628,Mila Kunis,1.0,,True
6487,"Who played the Marvel character, Daredevil, in a 2003 movie first?",Q327553,Ben Affleck,Q483118,Ben Affleck,1.0000001192092896,,True
5606,Did Charlize Theron have a relationship with the actor Sean Penn?,Q80046,Yes,Yes,Stuart Townsend,0.1795621812343597,inconsistent,True
5432,What is the name of Elvis Presley and Priscilla Presley's daughter?,Q303,Lisa Marie Presley,Q237324,,,Incomplete schema,False
6414,Which actor played Zeus Carver in Die Hard with a Vengeance?,Q2716420,Samuel L. Jackson,Q172678,,,Incomplete schema,False
6480,What year did Yo-Yo Ma receive the National Medal of Arts?,Q234891,2001,2001-01-01T00:00:00Z,Praemium Imperiale,,,True
5091,What is the name of Paul's father in the novel Dune?,Q190192,List of Dune secondary characters,Q5219165,Leto I Atreides,0.419015109539032,inconsistent,False
6332,Which band was Jacquie O'Sullivan a member of before joining Bananarama?,Q6121072,Shillelagh Sisters,Q7496661,singer,0.2664714455604553,inconsistent,False
6236,What job does Veronica Vaughn have in the movie Billy Madison?,Q372299,school teacher,Q2251335,,,Incomplete schema,False
5040,Did the album The Smiths include the song Hand in Glove?,Q974045,Yes,Yes,,,Incomplete schema,False
5473,How many matches has João Félix played for Portugal in 2019?,Q27049064,5,5,0,0.4630970358848572,inconsistent,False
6485,What was the first MCU tv series that aired on Netflix?,Q642878,Daredevil,Q16977365,,,Incomplete schema,True
5042,"When did The Smiths release the album Strangeways, Here We Come?",Q180598,28 September 1987,1987-09-28T00:00:00Z,1987-09-22T00:00:00Z,0.6,,False
5449,What is the date of birth of 2666's writer Roberto Bolaño?,Q219437,28 April 1953,1953-04-28T00:00:00Z,1953-04-28T00:00:00Z,1.0,,False
5474,How many goals has João Félix scored for Portugal in 2020?,Q27049064,3,3,,,Incomplete schema,False
5145,How many years did Álvaro Morata play for Real Madrid CF?,Q48770,\u00C1lvaro Morata,Q48770,,,Incomplete schema,False
5054,How many seasons did Karl-Heinz Thielen play for 1. FC Köln?,Q895723,10,10,,,Incomplete schema,False
6407,When did Ray Bradbury published his first novel The Martian Chronicles?,Q40640,4 May 1950,1950-05-04T00:00:00Z,1950-01-01T00:00:00Z,0.5,inconsistent,False
6408,Who awarded Ray Bradbury a special citation for his distinguished career?,Q40640,Pulitzer Prize,Q46525,Pulitzer Prize Special Citations and Awards,0.7949603796005249,,False
5034,Did Stephen Fry have a role in the movie Gosford Park?,Q192912,Yes,Yes,,,Incomplete schema,False
6424,Topher Grace and Ashton Kutcher starred in what American period sitcom?,Q277978,That '70s Show,Q208072,,,Incomplete schema,False
6423,"Who sang the 2012 James Bond movie Skyfall's theme song ""Skyfall""?",Q4941,Adele,Q23215,,,Incomplete schema,False
5575,What character does Helena Bonham Carter play in The King's Speech?,Q170428,Queen Elizabeth The Queen Mother,Q10633,,,Incomplete schema,False
6143,In which movie does Tommy Lee Jones play the character Two-Face?,Q170587,Batman Forever,Q221345,,,Incomplete schema,False
8760,What did Rayford Steele from Left Behind do as a job?,Q2307461,Pilot,Q2095549,aircraft pilot,0.8726533651351929,,False
7290,Who is the producer of the song Love Buzz by Nirvana?,Q11649,Jack Endino,Q427917,,,Incomplete schema,False
6769,Who authored the last book in the Wheel of Time Series?,Q4470,Brandon Sanderson,Q457608,,,Incomplete schema,True
8557,When did Annie Lennox from the Eurythmics begin her solo career?,Q151231,1992,1992-01-01T00:00:00Z,1976-01-01T00:00:00Z,,,False
6863,Is 365 days nominated for worst picture in Golden Raspberry Awards?,Q85520182,Yes,Yes,,,Incomplete schema,False
9162,What year did Ozzy Osbourne leave Black Sabbath the first time?,Q47670,1978,1978-01-01T00:00:00Z,2025-01-01T00:00:00Z,,,False
6911,Which club was Neymar transferred to from the football club Barcelona?,Q142794,Paris Saint-Germain F.C.,Q483020,Santos F.C.,0.622931957244873,,False
6871,What is the length of Karma Police song in Ok Computer?,Q202996,4:25,4:25,,,Incomplete schema,True
8052,Which soccer club won the U.S. Open Cup title in 2019?,Q27192,Atlanta United FC,Q16836317,Atlanta United FC,0.9999999403953552,,False
7351,Was Michael Jackson a member of the band The Jackson 5?,Q2831,Yes,Yes,The Jackson 5,0.1804892420768737,inconsistent,True
8460,What was the character Justin Chatwin played in Another Life series?,Q129978,a scientist employed by United States Interstellar Command,a scientist employed by United States Interstellar Command,,,Incomplete schema,False
9396,Which Emmy Award did Gideon Raff win in the year 2012?,Q5559656,Primetime Emmy Award for Outstanding Writing for a Drama Series,Q3123491,Primetime Emmy Award for Outstanding Writing for a Drama Series,1.0000001192092896,,True
8833,Which Tears for Fears member wrote the songs on The Hurting?,Q269091,Roland Orzabal,Q554025,Roland Orzabal,1.0000001192092896,,True
7699,What city is the company who published Maisie Dobbs based in?,Q3278529,New York City,Q60,London,0.5723487734794617,inconsistent,False
7288,In which year did Nirvana released its first song Love Buzz?,Q11649,1988,1988-01-01T00:00:00Z,1988-11-01T00:00:00Z,0.5,inconsistent,False
7115,Did Millennium or The Lone Gunmen lasted more than one season?,Q1477859,Yes,Yes,,,Incomplete schema,True
9404,Number of goals by Michal Helik for Poland national football team?,Q16236772,0,0,,,Incomplete schema,False
6848,Did J.J. Abrams do any work on Lost after his departure?,Q23567,Yes,Yes,,,Incomplete schema,False
7914,What role did Christoph Waltz play in the film Inglorious Basterds?,Q76819,Hans Landa,Q3120776,,,Incomplete schema,False
8769,What movie did Rob Lowe win a Golden Raspberry Awards for?,Q296505,St. Elmo's Fire,Q1406821,Golden Raspberry Award for Worst Supporting Actor - Razzie Award,0.1955882310867309,inconsistent,True
8781,Is The Murder of My Sweet under the label Frontiers Records?,Q1470264,Yes,Yes,,0.4865746796131134,Incomplete schema,False
8170,In which movie did Ryan Gosling and Rachel McAdams appear together?,Q193815,The Notebook,Q223374,,,Incomplete schema,False
7158,Katniss Everdeen belongs to which district in The Huger Games Trilogy?,Q11679,District 12,Q14136664,,,Incomplete schema,False
9342,Which season of Teen Wolf did Tyler Posey become a co-producer?,Q836393,5,5,,,Incomplete schema,False
