question_id,question,entity_id1,entity_label1,entity_id2,entity_label2,entity_id3,entity_label3,entity_id4,entity_label4,entity_number,answer_id,answer_label,answer_src,answer_text,domain,convmix_question_id,context_score
6283,What is the elevation of Dakar?,Q3718,Dakar,,,,,,,1,22 m,22 m,infobox,22 m,soccer,2118-3,2.5
5595,What country are the Varteks from?,Q130673,NK Varteks,,,,,,,1,Q224,Croatia,kb,Croatia,soccer,1888-4,2.5
5138,Where does Family Guy take place?,Q5930,Family Guy,,,,,,,1,Q2254022,Quahog,text,"Quahog, Rhode Island",tvseries,1736-3,2.5
5854,Who created the series Fawlty Towers?,Q212731,Fawlty Towers,,,,,,,1,Q25014,John Cleese,infobox,John Cleese;Connie Booth,tvseries,1976-0,2.5
5671,Where did Johnny Cash born on?,Q42775,Johnny Cash,,,,,,,1,Q79417,Kingsland,text,Kingsland,music,1914-2,2.5
6267,Who is the director of Ant-Man?,Q5901134,Ant-Man,,,,,,,1,Q944763,Peyton Reed,kb,Peyton Reed,movies,2113-0,2.5
6492,Which city was Argentinos Juniors founded?,Q220621,Argentinos Juniors,,,,,,,1,Q1486,Buenos Aires,text,Buenos Aires,soccer,2188-2,2.5
6540,What is the rating on Pitchfork?,Q721140,Pitchfork,,,,,,,1,Q3596794,10/10,table,10/10,music,2204-2,2.5
5937,Who directed the movie section 375?,Q62815320,Section 375,,,,,,,1,Q88572808,Ajay Bahl,kb,Ajay Bahl,movies,2003-0,2.5
6044,Which languages spoken by Daniel Passarella?,Q15802,Daniel Passarella,,,,,,,1,Q1321,Spanish,kb,Spanish,soccer,2038-4,2.5
6469,Who coined the literary term bildungsroman?,Q223945,Bildungsroman,,,,,,,1,Q67149,Johann Karl Simon Morgenstern,text,Johann Karl Simon Morgenstern,books,2180-3,2.5
6567,Actress who was Gilda in Gilda?,Q382307,Gilda,,,,,,,1,Q42745,Rita Hayworth,text,Rita Hayworth,movies,2213-0,2.5
5898,Who wrote the Francisco de Robles?,Q19007672,Francisco de Robles,,,,,,,1,Q5682,Miguel de Cervantes,infobox,Miguel de Cervantes,books,1990-2,2.5
5584,What is Hans Zimmer's birth date?,Q76364,Hans Zimmer,,,,,,,1,1957-09-12T00:00:00Z,12 September 1957,infobox,12 September 1957,music,1885-0,2.5
5279,"When was the song ""Shivers"" released?",Q108489043,Shivers,,,,,,,1,2021-09-10T00:00:00Z,10 September 2021,infobox,10 September 2021,music,1784-0,2.5
6370,Which Postion played by Marcel Desailly?,Q268258,centre back,,,,,,,1,Q193625,Marcel Desailly,infobox,centre-back,soccer,2148-0,2.5
6248,Where was the pilot episode produced?,Q3815,Fringe,,,,,,,1,Q172,Toronto,infobox,"Toronto, Ontario",tvseries,2106-4,2.5
6298,Pearl Jam number of band members?,Q142701,Pearl Jam,,,,,,,1,5,5,text,5,music,2124-0,2.5
6338,Who was Emilio Estevez married to?,Q220918,Emilio Est\u00E9vez,,,,,,,1,Q185465,Paula Abdul,kb,Paula Abdul,tvseries,2136-4,2.5
5360,Which place was Emma Orczy born?,Q234530,Emma Orczy,,,,,,,1,Q1072281,Tarna\u00F6rs,kb,Tarnaörs,books,1810-3,2.5
5123,Who starred in the movie Rocky?,Q188652,Rocky,,,,,,,1,Q40026,Sylvester Stallone,kb,Sylvester Stallone,movies,1732-0,2.5
5302,Author of the book  the holes?,Q175421,Holes,,,,,,,1,Q553137,Louis Sachar,infobox,Louis Sachar,books,1791-0,2.5
6232,What actor starred in Billy Madison?,Q372299,Billy Madison,,,,,,,1,Q132952,Adam Sandler,infobox,Adam Sandler,movies,2102-0,2.5
6227,What was the second book released?,Q44523,Twilight,,,,,,,1,Q191540,New Moon,infobox,New Moon,books,2100-1,2.5
6196,Who wrote the Dresden Files novels?,Q2307373,The Dresden Files,,,,,,,1,Q1367995,Jim Butcher,text,Jim Butcher,books,2090-0,2.5
6566,Who designed the costumes in Gilda?,Q382307,Gilda,,,,,,,1,Q1685654,Jean Louis,kb,Jean Louis,movies,2212-4,2.5
5790,Where was the singer Shakira born?,Q34424,Shakira,,,,,,,1,Q62823,Barranquilla,kb,Barranquilla,music,1954-2,2.5
5871,Writer of the book The Outsiders?,Q1215312,The Outsiders,,,,,,,1,Q117425,Susan Eloise Hinton,kb,S. E. Hinton,books,1981-0,2.5
5736,Who distributes the tv series Kakegurui?,Q35085291,Kakegurui,,,,,,,1,Q907311,Netflix,kb,Netflix,tvseries,1936-2,2.5
6292,creator of music in The Matrix?,Q83495,The Matrix,,,,,,,1,Q207859,Don Davis,infobox,Don Davis,movies,2122-0,2.5
5120,Who published Catcher in the Rye?,Q183883,The Catcher in the Rye,,,,,,,1,Q552959,"Little, Brown and Company",infobox,"Little, Brown and Company",books,1730-3,2.5
5908,Eagles had how many band members?,Q189635,Eagles,,,,,,,1,14,14,text,14,music,1994-0,2.5
6312,who owned the LA Galaxy team?,Q204357,Los Angeles Galaxy,,,,,,,1,Q1133456,Philip Anschutz,text,Philip Anschutz,soccer,2128-2,2.5
5949,Who created the TV series Loki?,Q64349029,Loki,,,,,,,1,Q104741807,Michael Waldron,kb,Michael Waldron,tvseries,2007-0,2.5
5691,When was William Golding was born?,Q44183,William Golding,,,,,,,1,1911-09-19T00:00:00Z,19 September 1911,infobox,19 September 1911,books,1920-4,2.5
5913,how many members did Eagles have?,Q189635,Eagles,,,,,,,1,14,14,text,14,music,1995-0,2.5
6124,Who is the creator of Decoupled?,Q110323803,Decoupled,,,,,,,1,Q6752277,Manu Joseph,kb,Manu Joseph,tvseries,2066-0,2.5
5339,Shakira has how many band members?,Q34424,Shakira,,,,,,,1,90,90,kb,90,music,1804-0,2.5
5646,Who composed the TV series Love?,Q18643718,Love,,,,,,,1,Q1796374,Lyle Workman,infobox,Lyle Workman,tvseries,1906-1,2.5
5476,João Félix born on which date?,Q27049064,Jo\u00E3o F\u00E9lix,,,,,,,1,1999-11-10T00:00:00Z,10 November 1999,kb,10 November 1999,soccer,1849-0,2.5
5500,Genre of the series True Detective?,Q7847400,True Detective,,,,,,,1,Q130232,drama film,kb,"drama,neo-noir",tvseries,1857-0,2.5
6261,Who authored the novel Little Women?,Q523076,Little Women,,,,,,,1,Q185696,Louisa May Alcott,text,Louisa May Alcott,books,2111-0,2.5
6284,In which country Dakar is located?,Q3718,Dakar,,,,,,,1,Q1041,Senegal,text,Senegal,soccer,2118-4,2.5
5061,Genre of the book Treasure Island?,Q185118,Treasure Island,,,,,,,1,Q7440128,nautical fiction,kb,nautical fiction,books,1711-0,2.5
5469,How many children Manoj Bajpayee has?,Q158533,Manoj Bajpai,,,,,,,1,1,1,infobox,1,tvseries,1846-4,2.5
5436,Who created the TV series Seinfeld?,Q23733,Seinfeld,,,,,,,1,Q23728,Larry David,infobox,Larry David;Jerry Seinfeld,tvseries,1836-1,2.5
5206,Which year FC Barcelona club founded?,Q7156,FC Barcelona,,,,,,,1,1899-01-01T00:00:00Z,1899,infobox,1899,soccer,1759-0,2.5
6374,Where did Marcel Desailly born ?,Q193625,Marcel Desailly,,,,,,,1,Q3761,Accra,infobox,Accra,soccer,2148-4,2.5
5488,Director of the Blade Runner movie?,Q184843,Blade Runner,,,,,,,1,Q56005,Ridley Scott,kb,Ridley Scott,movies,1853-0,2.5
6381,Publisher of novel To the Lighthouse?,Q478016,To the Lighthouse,,,,,,,1,Q1623362,Hogarth Press,kb,Hogarth Press,books,2151-0,2.5
5180,Who wrote the Outlander novel series?,Q18153036,Outlander series,,,,,,,1,Q272492,Diana Gabaldon,kb,Diana Gabaldon,books,1750-3,2.5
5663,Who directs the movie Black Widow?,Q23894626,Black Widow,,,,,,,1,Q441510,Cate Shortland,infobox,Cate Shortland,movies,1912-0,2.5
5848,What was Britney Spears' debut album?,Q11975,Britney Spears,,,,,,,1,Q190911,\u2026Baby One More Time,text,Baby One More Time,music,1974-0,2.5
5242,Author of book The Color Purple?,Q223299,The Color Purple,,,,,,,1,Q215868,Alice Walker,kb,Alice Walker,books,1771-0,2.5
6598,What instrument does Elton John play?,Q2808,Elton John,,,,,,,1,Q5994,piano,text,piano,music,2224-0,2.5
5571,Which country does Martinique belong to?,Q17054,Martinique,,,,,,,1,Q142,France,text,France,books,1880-4,2.5
6479,Where did Yo-Yo Ma attend college?,Q234891,Yo-Yo Ma,,,,,,,1,Q49123,Harvard College,text,Harvard College,music,2184-1,2.5
5561,From which country is Paris Saint-Germain?,Q483020,Paris Saint-Germain F.C.,,,,,,,1,Q142,France,kb,France,soccer,1878-0,2.5
5077,What is the award received by,Q207375,ER,,,,,,,1,Q20890445,Zilveren Televizier-Tulp,kb,Zilveren Televizier-Tulp,tvseries,1716-2,2.5
5141,Who does Álvaro Morata play for?,Q48770,\u00C1lvaro Morata,,,,,,,1,Q1422,Juventus F.C.,text,club Juventus,soccer,1738-0,2.5
5003,What year was Peter Jackson born?,Q4465,Peter Jackson,,,,,,,1,1961-01-01T00:00:00Z,1961,kb,1961,movies,1692-1,2.5
6125,Who directed the Tv series Decoupled?,Q110323803,Decoupled,,,,,,,1,Q35488479,Hardik Mehta,kb,Hardik Mehta,tvseries,2066-1,2.5
5900,When was Miguel de Cervantes born?,Q5682,Miguel de Cervantes,,,,,,,1,1547-09-29T00:00:00Z,29 September 1547,text,29 September 1547,books,1990-4,2.5
5224,Which country did ABBA originate in?,Q18233,ABBA,,,,,,,1,Q34,Sweden,infobox,Sweden,music,1765-0,2.5
5911,who was the guitarist of Eagles?,Q189635,Eagles,,,,,,,1,Q944128,Timothy B. Schmit,text,Timothy B. Schmit,music,1994-3,2.5
6604,Who created the show The Simpsons?,Q886,The Simpsons,,,,,,,1,Q43994,Matt Groening,text,Matt Groening,tvseries,2226-0,2.5
5931,Second novel of the Outlander series?,Q18153036,Outlander series,,,,,,,1,Q2587072,Dragonfly in Amber,kb,Dragonfly in Amber,books,2001-0,2.5
5668,Director of the flim Black Widow?,Q23894626,Black Widow,,,,,,,1,Q441510,Cate Shortland,infobox,Cate Shortland,movies,1913-0,2.5
6113,Who acted as Tushar in Darling?,Q108765481,Darling,,,,,,,1,Q15637693,Prathamesh Parab,kb,Prathamesh Parab,movies,2062-1,2.5
5378,Which French Filmmaker influenced Rowan Atkinson?,Q23760,Rowan Atkinson,,,,,,,1,Q51549,Jacques Tati,kb,Jacques Tati,tvseries,1816-3,2.5
5354,What is Sergio Busquets sport number?,Q49704,Sergio Busquets,,,,,,,1,5,5,infobox,5,soccer,1808-3,2.5
6231,name of the first Twilight book?,Q189378,Twilight,,,,,,,1,Q44523,Twilight,kb,Twilight,books,2101-0,2.5
6144,Who directed the movie Batman Forever?,Q221345,Batman Forever,,,,,,,1,Q295207,Joel Schumacher,kb,Joel Schumacher,movies,2072-2,2.5
5765,how many seasons of dark series?,Q28443710,Dark,,,,,,,1,3,3,table,3,tvseries,1946-1,2.5
5425,What is Dustin Hoffman's son's name?,Q42930,Dustin Hoffman,,,,,,,1,Q720777,Jake Hoffman,kb,Jake Hoffman,movies,1832-2,2.5
6291,Number of pages in book Emma?,Q223880,Emma,,,,,,,1,1036,1036,kb,1036,books,2121-0,2.5
5221,In what year did ABBA form?,Q18233,ABBA,,,,,,,1,1972-01-01T00:00:00Z,1972,kb,1972,music,1764-2,2.5
6140,What year was The Unconsoled published?,Q7771331,The Unconsoled,,,,,,,1,1995-01-01T00:00:00Z,1995,infobox,1995,books,2070-4,2.5
5851,What is Britney Spears' father's name?,Q11975,Britney Spears,,,,,,,1,Q96816262,El hpt de James Parnell Spears,kb,El hpt de James Parnell Spears,music,1974-3,2.5
5994,What year did Gene Wilder die?,Q191966,Gene Wilder,,,,,,,1,2016-01-01T00:00:00Z,2016,kb,2016,movies,2022-2,2.5
5239,"When published the book""The Color Purple""?",Q223299,The Color Purple,,,,,,,1,1982-01-01T00:00:00Z,1982,infobox,1982,books,1770-2,2.5
6336,What is Charlie Sheen's father's name?,Q103939,Charlie Sheen,,,,,,,1,Q184572,Martin Sheen,infobox,Martin Sheen,tvseries,2136-2,2.5
6558,What country is William Golding from?,Q44183,William Golding,,,,,,,1,Q145,United Kingdom,kb,United Kingdom,books,2210-2,2.5
5207,Who wrote the book The Idiot?,Q210784,The Idiot,,,,,,,1,Q991,Fyodor Dostoyevsky,kb,Fyodor Dostoyevsky,books,1760-0,2.5
6286,Page count of the book Emma?,Q223880,Emma,,,,,,,1,1036,1036,kb,1036,books,2120-0,2.5
5776,Who wrote the series Jack Reacher?,Q25210939,Jack Reacher,,,,,,,1,Q333719,Lee Child,kb,Lee Child,books,1950-0,2.5
5122,Author of Catcher in the Rye?,Q183883,The Catcher in the Rye,,,,,,,1,Q79904,J. D. Salinger,text,J. D. Salinger,books,1731-0,2.5
5610,What genre does Black Sabbath play?,Q47670,Black Sabbath,,,,,,,1,Q38848,Heavy metal music,infobox,heavy metal,music,1894-1,2.5
6241,Who was the bassist for Nirvana?,Q11649,Nirvana,,,,,,,1,Q428798,Krist Novoselic,text,Krist Novoselic,music,2104-3,2.5
6361,Where did singer Laura Pausini born?,Q170697,Laura Pausini,,,,,,,1,Q52981,Faenza,infobox,Faenza,music,2144-3,2.5
5596,Who captains Croatia's national football team?,Q134479,Croatia national association football team,,,,,,,1,Q483837,Luka Modri\u0107,infobox,Luka Modrić,soccer,1889-0,2.5
5534,Where did Zinedine Zidane born on?,Q1835,Zinedine Zidane,,,,,,,1,Q23482,Marseille,infobox,Marseille,soccer,1868-3,2.5
7674,The character Deadpool first appeared at?,Q1631090,Deadpool,,,,,,,1,Q1047918,New Mutants,infobox,The New Mutants,movies,2582-3,2.5
9138,What year did Carrie come out?,Q623394,Carrie,,,,,,,1,1974-01-01T00:00:00Z,1974,infobox,1974,books,2950-2,2.5
7422,Date of birth of Mathew Ryan?,Q1587689,Mathew Ryan,,,,,,,1,1992-04-08T00:00:00Z,8 April 1992,kb,8 April 1992,soccer,2498-3,2.5
9378,In what year did Sepultura begin?,Q239074,Sepultura,,,,,,,1,1984-01-01T00:00:00Z,1984,infobox,1984,music,2994-1,2.5
9177,What was Alan Alda TV debut?,Q310394,Alan Alda,,,,,,,1,Q7756888,The Phil Silvers Show,table,The Phil Silvers Show,tvseries,2956-8,2.5
8793,What was Cherami Leigh's debut role?,Q138188,Cherami Leigh,,,,,,,1,Q1193200,Shiki,table,Shiki,tvseries,2886-7,2.5
8884,Who directs the movie Pulp Fiction?,Q104123,Pulp Fiction,,,,,,,1,Q3772,Quentin Tarantino,infobox,Quentin Tarantino,movies,2903-0,2.5
8934,how long is the movie troy?,Q186587,Troy,,,,,,,1,Yes,Yes,text,Yes,movies,2912-6,2.5
7215,Who wrote The Chronicles of Narnia?,Q483412,The Chronicles of Narnia,,,,,,,1,Q9204,C. S. Lewis,kb,C. S. Lewis,books,2430-0,2.5
7259,From who is the song Umbrella?,Q155447,Umbrella,,,,,,,1,Q36844,Rihanna,kb,Rihanna,music,2444-2,2.5
7561,Date of birth of Justin Bieber?,Q34086,Justin Bieber,,,,,,,1,1994-03-01T00:00:00Z,1 March 1994,kb,1 March 1994,music,2545-0,2.5
8014,Who directs the tv series Barbarians?,Q99591764,Barbarians,,,,,,,1,Q27690237,Barbara Eder,table,Barbara Eder,tvseries,2696-1,2.5
7162,Who directed the movie Real Steel?,Q261759,Real Steel,,,,,,,1,Q323076,Shawn Levy,infobox,Shawn Levy,movies,2412-1,2.5
7479,Which country did Francesco Totti represent?,Q20110,Francesco Totti,,,,,,,1,Q38,Italy,table,Italy,soccer,2518-0,2.5
8408,Who distributed the tv series Sherlock?,Q192837,Sherlock,,,,,,,1,Q907311,Netflix,kb,Netflix,tvseries,2816-6,2.5
7189,What was Edward Cullen's birth year?,Q191527,Edward Cullen,,,,,,,1,1901-01-01T00:00:00Z,1901,kb,1901,books,2420-4,2.5
8074,Who wrote the TV series Decoupled?,Q110323803,Decoupled,,,,,,,1,Q6752277,Manu Joseph,infobox,Manu Joseph,tvseries,2716-1,2.5
8649,What book did he regularly publish?,Q34969,Benjamin Franklin,,,,,,,1,Q3142253,Poor Richard's Almanack,text,Poor Richard's Almanack,books,2860-6,2.5
8290,Who created the movie Spy Kids?,Q2454758,Spy Kids,,,,,,,1,Q47284,Robert Rodriguez,kb,Robert Rodriguez,movies,2792-0,2.5
8077,Who is spouse of R. Madhavan?,Q729982,R. Madhavan,,,,,,,1,Sarita Birje,Sarita Birje,infobox,Sarita Birje,tvseries,2716-4,2.5
8433,How many children's for Stephen King?,Q39829,Stephen King,,,,,,,1,Q370377,Joe Hill,kb,3,books,2820-9,2.5
9039,What actress played Rose in Titanic?,Q44578,Titanic,,,,,,,1,Q202765,Kate Winslet,table,Kate Winslet,movies,2932-3,2.5
7241,When was Manchester United F.C. founded?,Q18656,Manchester United F.C.,,,,,,,1,1878-01-01T00:00:00Z,1878,kb,1878,soccer,2438-2,2.5
7472,Name the lead singer of Nirvana.,Q11649,Nirvana,,,,,,,1,Q8446,Kurt Cobain,infobox,Kurt Cobain,music,2515-0,2.5
7868,"In Breaking Bad, who played Walter?",Q1079,Breaking Bad,,,,,,,1,Q23547,Bryan Cranston,kb,Bryan Cranston,tvseries,2647-0,2.5
6820,Which country played by Paolo Maldini?,Q483027,Paolo Maldini,,,,,,,1,Q38,Italy,kb,Italy,soccer,2298-0,2.5
9225,What year was Matt Groening born?,Q43994,Matt Groening,,,,,,,1,1954-01-01T00:00:00Z,1954,kb,1954,tvseries,2966-2,2.5
8962,Is Paolo Maldini a professional athlete?,Q483027,Paolo Maldini,,,,,,,1,Q47735,2002 FIFA World Cup,infobox,"2002 FIFA World Cup, 1994 FIFA World Cup",soccer,2918-1,2.5
7371,Who is the performer in Avatar?,Q24871,Avatar,,,,,,,1,Q106221,James Horner,kb,James Horner,movies,2482-0,2.5
7072,Where did Shawn Levy was born?,Q323076,Shawn Levy,,,,,,,1,Q340,Montreal,kb,Montreal,movies,2382-1,2.5
8413,Which country did Robert Lewandowski played?,Q151269,Robert Lewandowski,,,,,,,1,Q36,Poland,kb,Poland,soccer,2818-0,2.5
8920,"Emma, where is the storey set?",Q223880,Emma,,,,,,,1,Q21,England,infobox,England,books,2910-3,2.5
7866,Who is actor Aaron Paul's wife?,Q302491,Aaron Paul,,,,,,,1,Q40459846,Lauren Parsekian,infobox,Lauren Parsekian,tvseries,2646-3,2.5
8784,What year was Angelica Rylin born?,Q19668066,Angelica Rylin,,,,,,,1,1981-01-01T00:00:00Z,1981,infobox,1981,music,2884-9,2.5
7073,In which province Montreal is located?,Q340,Montreal,,,,,,,1,Q176,Quebec,infobox,Quebec,movies,2382-2,2.5
7370,Author of book The great gatsby?,F. Scott Fitzgerald,F. Scott Fitzgerald,,,,,,,1,Q93354,F. Scott Fitzgerald,kb,F. Scott Fitzgerald,books,2481-0,2.5
6650,When did John Updike pass away?,Q105756,John Updike,,,,,,,1,2009-01-27T00:00:00Z,27 January 2009,kb,27 January 2009,books,2240-4,2.5
8577,Original air date for The X-Files?,Q2744,The X-Files,,,,,,,1,1993-09-10T00:00:00Z,"September 10, 1993",text,"September 10, 1993",tvseries,2847-0,2.5
8333,What type of location is Arrakis?,Q940030,Arrakis,,,,,,,1,Q1037127,desert planet,kb,Desert planet,movies,2802-8,2.5
8063,How Rites Shah started his career?,Q41586211,Ritesh Shah,,,,,,,1,Q214917,playwright,text,playwright,movies,2712-2,2.5
9274,Who was the spouse of Adele?,Q23215,Adele,,,,,,,1,Q30348038,Simon Konecki,infobox,Simon Konecki,music,2974-7,2.5
8631,Original broadcaster of The 100 series?,Q13098946,The 100,,,,,,,1,Q212252,The CW,kb,The CW,tvseries,2857-0,2.5
8268,Where did the band Eagles form?,Q189635,Eagles,,,,,,,1,Q65,Los Angeles,kb,Los Angeles,music,2784-2,2.5
6933,Which genre did Teodor Currentzis played?,Q536185,Theodoros Currentzis,,,,,,,1,Q9730,western classical music,infobox,classical music,music,2335-0,2.5
7338,What was Leo Tolstoy's native language?,Q7243,Leo Tolstoy,,,,,,,1,Q7737,Russian,kb,Russian,books,2470-3,2.5
9357,Where is the Benenden School located?,Q4887508,Benenden School,,,,,,,1,Q21694674,Kent,infobox,Kent,books,2990-2,2.5
8629,Which place did Eliza Taylor born?,Q270579,Eliza Taylor,,,,,,,1,Q3141,Melbourne,kb,Melbourne,tvseries,2856-8,2.5
7228,When was the album Thriller released?,Q44320,Thriller,,,,,,,1,1982-11-30T00:00:00Z,30 November 1982,kb,30 November 1982,music,2434-1,2.5
7851,Who directed the movie Licorice Pizza?,Q102036245,Licorice Pizza,,,,,,,1,Q25132,Paul Thomas Anderson,kb,Paul Thomas Anderson,movies,2642-0,2.5
9145,What year was The Minpins published?,Q3430921,The Minpins,,,,,,,1,1991-01-01T00:00:00Z,1991,kb,1991,books,2950-9,2.5
8773,What year was Emmy Rossum born?,Q35912,Emmy Rossum,,,,,,,1,1986-01-01T00:00:00Z,1986,kb,1986,movies,2882-9,2.5
7188,What is Bella Swan's husband's name?,Q191527,Edward Cullen,,,,,,,1,Q191527,Edward Cullen,kb,Edward Cullen,books,2420-3,2.5
7130,Author of first published Dune book?,Q18010882,Dune series,,,,,,,1,Q190192,Dune,kb,Frank Herbert,books,2401-0,2.5
7217,when was The Last Battle released?,Q289130,The Last Battle,,,,,,,1,1956-09-04T00:00:00Z,4 September 1956,kb,4 September 1956,books,2430-2,2.5
7373,Who is the Director of Avatar?,Q24871,Avatar,,,,,,,1,Q42574,James Cameron,kb,James Cameron,movies,2482-2,2.5
6733,who is the owned by team,Q47518754,Nashville SC,,,,,,,1,Q6253887,John R. Ingram,kb,John R. Ingram,soccer,2268-3,2.5
8767,Who played the lead in Youngblood?,Q661833,Youngblood,,,,,,,1,Q296505,Rob Lowe,text,Rob Lowe,movies,2882-3,2.5
7754,2018 winner of FIFA World Cup?,Q47774,France national association football team,,,,,,,1,Q170645,2018 FIFA World Cup,kb,France national association football team,soccer,2609-0,2.5
7954,From which institution Bruno Heller graduated?,Q965484,Bruno Heller,,,,,,,1,Q1161297,University of Sussex,kb,University of Sussex,tvseries,2676-1,2.5
7132,When was Ana de Armas born?,Q698173,Ana de Armas,,,,,,,1,1988-04-30T00:00:00Z,30 April 1988,kb,30 April 1988,movies,2402-1,2.5
7076,Who directed the movie Free Guy?,Q38685497,Free Guy,,,,,,,1,Q323076,Shawn Levy,kb,Shawn Levy,movies,2383-0,2.5
8648,Who was Franklin Street named after?,Q5491873,Franklin Street,,,,,,,1,Q34969,Benjamin Franklin,text,Benjamin Franklin,books,2860-5,2.5
7604,In what place was Neymar born?,Q142794,Neymar,,,,,,,1,Q194332,Mogi das Cruzes,infobox,Mogi das Cruzes,soccer,2559-0,2.5
7802,Formation year of the band Aerosmith?,Q126826,Aerosmith,,,,,,,1,1970-01-01T00:00:00Z,1970,text,1970,music,2625-0,2.5
7544,Mohamed Salah born on which date?,Q1354960,Mohamed Salah,,,,,,,1,1992-06-15T00:00:00Z,15 June 1992,kb,15 June 1992,soccer,2539-0,2.5
7808,TV series Special OPS created by?,Q86751099,Special OPS,,,,,,,1,Q6986928,Neeraj Pandey,kb,Neeraj Pandey,tvseries,2627-0,2.5
8880,Who produces the movie Pulp Fiction?,Q104123,Pulp Fiction,,,,,,,1,Q514913,Lawrence Bender,text,Lawrence Bender,movies,2902-6,2.5
7553,Which novel the story is based?,Q172241,The Shawshank Redemption,,,,,,,1,Q968314,Rita Hayworth and Shawshank Redemption,kb,Rita Hayworth and Shawshank Redemption,movies,2542-3,2.5
8308,What is David Beckham birth name?,Q10520,David Beckham,,,,,,,1,David Robert Joseph Beckham,David Robert Joseph Beckham,kb,David Robert Joseph Beckham,soccer,2798-0,2.5
7209,Which country does Zinedine Zidane represent?,Q142,France,,,,,,,1,Q142,France,kb,France,soccer,2428-0,2.5
8324,Release date of The Hunger Games?,Q11678,The Hunger Games,,,,,,,1,2008-09-14T00:00:00Z,14 September 2008,kb,14 September 2008,books,2801-0,2.5
7853,What year was Boogie Nights released?,Q291170,Boogie Nights,,,,,,,1,1997-01-01T00:00:00Z,1997,kb,1997,movies,2642-2,2.5
8173,Who directed the movie The Notebook?,Q223374,The Notebook,,,,,,,1,Q431191,Nick Cassavetes,infobox,Nick Cassavetes,movies,2752-3,2.5
6988,What city did Metallica form in?,Q15920,Metallica,,,,,,,1,Q65,Los Angeles,kb,Los Angeles,music,2354-1,2.5
9203,What year was Jim Carrey born?,Q40504,Jim Carrey,,,,,,,1,1962-01-01T00:00:00Z,1962,kb,1962,movies,2962-2,2.5
7191,"Who directed the film, The wolverine?",Q433893,James Mangold,,,,,,,1,Q433893,James Mangold,infobox,James Mangold,movies,2422-0,2.5
8357,When did The Expanse first air?,Q18389644,The Expanse,,,,,,,1,2015-12-14T00:00:00Z,14 December 2015,kb,14 December 2015,tvseries,2807-0,2.5
8790,Was Khoi Dao in Kuroko's Basketball?,Q6576268,list of Kuroko's Basketball episodes,,,,,,,1,Yes,Yes,text,Yes,tvseries,2886-4,2.5
8273,What university did Mike Judge attend?,Q434585,Mike Judge,,,,,,,1,Q622664,"University of California, San Diego",text,UCSD,tvseries,2786-1,2.5
7348,Who composed the song Billie Jean?,Q193319,Billie Jean,,,,,,,1,Q2831,Michael Jackson,kb,Michael Jackson,music,2474-1,2.5
7538,TV series Permanent Roommates created by?,Q24521502,Permanent Roommates,,,,,,,1,Q19666417,Arunabh Kumar,kb,Arunabh Kumar,tvseries,2537-0,2.5
6940,Which country did Andrey Arshavin played?,Q47230,Andrei Arshavin,,,,,,,1,Q159,Russia,text,Russia,soccer,2338-0,2.5
7160,author of The Hunger Games trilogy?,Q11679,The Hunger Games,,,,,,,1,Q228624,Suzanne Collins,kb,Suzanne Collins,books,2411-0,2.5
8295,Creator of the movie Spy Kids?,Q2454758,Spy Kids,,,,,,,1,Q47284,Robert Rodriguez,kb,Robert Rodriguez,movies,2793-0,2.5
7460,Who wrote the book Black Beauty?,Q880092,Black Beauty,,,,,,,1,Q258741,Anna Sewell,kb,Anna Sewell,books,2511-0,2.5
8488,Who was the founder of Hanoi?,Q1858,Hanoi,,,,,,,1,Q1274690,An D\u01B0\u01A1ng V\u01B0\u01A1ng,infobox,An Dương Vương,books,2830-9,2.5
9209,How long is The Truman Show?,Q214801,The Truman Show,,,,,,,1,99 minute,99 minute,kb,99 minute,movies,2962-8,2.5
8496,Where does the river start from?,Q6434,Fulda,,,,,,,1,Q247726,Wasserkuppe,text,Wasserkuppe Mountain,movies,2832-6,2.5
7329,Which European team did Neymar represent?,Q142794,Neymar,,,,,,,1,Q7156,FC Barcelona,kb,FC Barcelona,soccer,2468-0,2.5
7416,When did Mars tv series released?,Q27888038,Mars,,,,,,,1,2016-11-14T00:00:00Z,14 November 2016,kb,14 November 2016,tvseries,2496-3,2.5
8103,creator of the TV series Threshold?,Q468333,Threshold,,,,,,,1,Q64029560,Bragi F. Schut,text,Bragi F. Schut,tvseries,2726-0,2.5
7404,What is the budget of Avatar?,Q24871,Avatar,,,,,,,1,$237 million,$237 million,text,$237 million,movies,2492-3,2.5
8313,What is David Beckham full name?,Q10520,David Beckham,,,,,,,1,David Robert Joseph Beckham,David Robert Joseph Beckham,kb,David Robert Joseph Beckham,soccer,2799-0,2.5
9205,Where does Peter Weir hold citizenship?,Q55424,Peter Weir,,,,,,,1,Q408,Australia,kb,Australia,movies,2962-4,2.5
8049,"Who invented the term ""soccer-specific stadium""?",Q1154710,association football venue,,,,,,,1,Q187912,Lamar Hunt,text,Lamar Hunt,soccer,2708-0,2.5
9089,Who was Dr. Seuss's first spouse?,Q298685,Dr. Seuss,,,,,,,1,Q5702956,Helen Palmer Geisel,infobox,Helen Palmer,books,2940-8,2.5
7605,"Who wrote the book, David Copperfield?",Q189811,David Copperfield,,,,,,,1,Q5686,Charles Dickens,kb,Charles Dickens,books,2560-0,2.5
8016,Who distributes the tv series Barbarians?,Q99591764,Barbarians,,,,,,,1,Q907311,Netflix,infobox,Netflix,tvseries,2696-3,2.5
7484,Francesco Totti played for which country?,Q20110,Francesco Totti,,,,,,,1,Q38,Italy,table,Italy,soccer,2519-0,2.5
9155,Did Rodney Dangerfield die in 2004?,Q436386,Rodney Dangerfield,,,,,,,1,Yes,Yes,infobox,Yes,movies,2952-8,2.5
8108,who created the TV series Threshold?,Q468333,Threshold,,,,,,,1,Q64029560,Bragi F. Schut,text,Bragi F. Schut,tvseries,2727-0,2.5
7958,Who developed the TV series Gotham?,Q15726959,Gotham,,,,,,,1,Q965484,Bruno Heller,text,Bruno Heller,tvseries,2677-0,2.5
8261,When did Iron Man come out?,Q192724,Iron Man,,,,,,,1,2008-01-01T00:00:00Z,2008,infobox,2008,movies,2782-1,2.5
7566,production company of Breaking bad series?,Q1079,Breaking Bad,,,,,,,1,Q652390,Sony Pictures Television,kb,Sony Pictures Television,tvseries,2546-4,2.5
8389,Who distributed the movie The Ring?,Q212804,The Ring,,,,,,,1,Q1329615,UIP-Dunafilm,kb,UIP-Dunafilm,movies,2812-9,2.5
7936,Who is the publisher of Rangbhoomi?,Q12448539,Q12448539,,,,,,,1,Darul Ishat,Darul Ishat,infobox,Darul Ishat,books,2670-1,2.5
7313,Which place did Matthew McConaughey born?,Q188955,Matthew McConaughey,,,,,,,1,Q868860,Uvalde,kb,Uvalde,movies,2462-2,2.5
7042,Who directed the movie Lethal Weapon?,Q462447,Lethal Weapon,,,,,,,1,Q262130,Richard Donner,infobox,Richard Donner,movies,2372-1,2.5
7983,Number of episodes in The Sopranos?,Q23628,The Sopranos,,,,,,,1,86,86,infobox,86,tvseries,2686-0,2.5
8335,Release date of original Dune film?,Q114819,Dune,,,,,,,1,1984-12-14T00:00:00Z,14 December 1984,kb,14 December 1984,movies,2803-0,2.5
8590,When was City of Bones published?,Q478151,The Mortal Instruments,,,,,,,1,2007-03-27T00:00:00Z,27 March 2007,kb,27 March 2007,books,2850-2,2.5
9067,What was Josh Radnor's acting debut?,Q223455,Josh Radnor,,,,,,,1,Q1050720,Happythankyoumoreplease,text,Happythankyoumoreplease,tvseries,2936-8,2.5
8390,Who directs the movie The Ring?,Q212804,The Ring,,,,,,,1,Q295463,Gore Verbinski,infobox,Gore Verbinski,movies,2813-0,2.5
8881,Who distributed the movie Pulp Fiction?,Q104123,Pulp Fiction,,,,,,,1,Q17126013,Mok\u00E9p,kb,MOKÉP,movies,2902-7,2.5
7695,Who wrote the book Maisie Dobbs?,Q6736997,Maisie Dobbs,,,,,,,1,Q3157819,Jacqueline Winspear,text,Jacqueline Winspear,books,2590-0,2.5
7030,Date of birth of Mohamed Salah?,Q1354960,Mohamed Salah,,,,,,,1,1992-06-15T00:00:00Z,15 June 1992,infobox,15 June 1992,soccer,2368-1,2.5
7593,Who created the series True Detective?,Q7847400,True Detective,,,,,,,1,Q7024302,Nic Pizzolatto,infobox,Nic Pizzolatto,tvseries,2556-0,2.5
8678,"Who created ""Buffy the Vampire Slayer?""",Q183513,Buffy the Vampire Slayer,,,,,,,1,Q298025,Joss Whedon,kb,Joss Whedon,tvseries,2866-2,2.5
6881,What is Elevation of Škofja Loka?,Q15922,\u0160kofja Loka,,,,,,,1,351.8 m,351.8 m,infobox,351.8 m,soccer,2318-1,2.5
6742,Who plays Guy in Free Guy?,Q38685497,Free Guy,,,,,,,1,Q192682,Ryan Reynolds,text,Ryan Reynolds,movies,2272-0,2.5
8693,What soccer stadium is in Manchester?,Q18125,Manchester,,,,,,,1,Q48159,City of Manchester Stadium,text,City of Manchester Stadium,soccer,2868-6,2.5
8979,Who founded the city Saint Petersburg?,Q656,Saint Petersburg,,,,,,,1,Q8479,Peter the Great,text,Peter the Great,books,2920-8,2.5
8491,Where did Roland Emmerich attend college?,Q60100,Roland Emmerich,,,,,,,1,Q569350,University of Television and Film Munich,kb,University of Television and Film Munich,movies,2832-1,2.5
9040,When was actress Kate Winslet born?,Q202765,Kate Winslet,,,,,,,1,1975-10-05T00:00:00Z,"October 5, 1975",text,"October 5, 1975",movies,2932-4,2.5
8100,What was named after The Doors?,Q45354,The Doors,,,,,,,1,Q1215450,The Doors of Perception,text,The Doors of Perception,music,2724-3,2.5
8264,Who produced the movie Avengers: Endgame?,Q23781155,Avengers: Endgame,,,,,,,1,Q515161,Kevin Feige,infobox,Kevin Feige,movies,2782-4,2.5
9364,Who was Enid Blyton's second husband?,Q192069,Enid Blyton,,,,,,,1,Q59268638,Kenneth Fraser Darrell Waters,infobox,Kenneth Fraser Darrell Waters,books,2990-9,2.5
8692,What city is Umbro headquartered in?,Q652047,Umbro,,,,,,,1,Q18125,Manchester,infobox,Manchester,soccer,2868-5,2.5
6882,What is position of Jan Oblak?,Q2058682,Jan Oblak,,,,,,,1,Q201330,goalkeeper,text,Goalkeeper,soccer,2318-2,2.5
9172,What was Chi McBride tv debut?,Q471128,Chi McBride,,,,,,,1,Q309063,The Fresh Prince of Bel-Air,table,The Fresh Prince of Bel-Air,tvseries,2956-3,2.5
8283,What was Pelé name at birth?,Q12897,Pel\u00E9,,,,,,,1,Q18697757,Edson,kb,Edson,soccer,2789-0,2.5
7401,Who is the cinematographer of Avatar?,Q24871,Avatar,,,,,,,1,Q926054,Mauro Fiore,infobox,Mauro Fiore,movies,2492-0,2.5
8753,Who wrote the Left Behind series?,Q1027525,Left Behind,,,,,,,1,Q558416,Tim LaHaye,kb,Tim LaHaye;Jerry B. Jenkins,books,2880-0,2.5
7823,The publication date of Free guy?,Q38685497,Free Guy,,,,,,,1,2021-08-13T00:00:00Z,13 August 2021,infobox,13 August 2021,movies,2632-2,2.5
7078,In which studio album Melodrama recorded?,Q28864303,Melodrama,,,,,,,1,Q1325913,Electric Lady Studios,text,Electric Lady Studios,music,2384-1,2.5
7548,In which city Carl Sagan born?,Q410,Carl Sagan,,,,,,,1,Q18419,Brooklyn,kb,Brooklyn,books,2540-4,2.5
6794,What position did Stefano Pioli play?,Q923088,Stefano Pioli,,,,,,,1,Q336286,defender,text,Defender,soccer,2288-4,2.5
7738,Which award received by ABBA Band?,Q101421673,First prize of the Eurovision Song Contest,,,,,,,1,Q18233,ABBA,kb,First prize of the Eurovision Song Contest,music,2604-1,2.5
7650,Where was The Beatles works archives?,Q1299,The Beatles,,,,,,,1,Q7895690,University of Maryland Libraries,kb,University of Maryland Libraries,music,2574-3,2.5
6867,Who directed the film 365 days?,Q85520182,365 Days,,,,,,,1,Barbara Białowąs,Barbara Białowąs,infobox,Barbara Białowąs; Tomasz Mandes,movies,2313-0,2.5
8260,What was the first MCU movie?,Q642878,Marvel Cinematic Universe,,,,,,,1,Q192724,Iron Man,text,Iron Man,movies,2782-0,2.5
9305,Where was Mary Robinette Kowal born?,Q4225496,Mary Robinette Kowal,,,,,,,1,Q41087,Raleigh,text,"Raleigh, North Carolina",books,2980-5,2.5
7937,Who is the author of Rangbhoomi?,Q12448539,Q12448539,,,,,,,1,Q174152,Premchand,text,Premchand,books,2670-2,2.5
8354,Who wrote The Expanse book series?,Q19610143,The Expanse,,,,,,,1,Q6142591,James S. A. Corey,kb,James S. A. Corey,tvseries,2806-7,2.5
7602,Who was Neymar's partner in 2017?,Q142794,Neymar,,,,,,,1,Q4281880,Bruna Marquezine,kb,Bruna Marquezine,soccer,2558-3,2.5
7244,Location of Manchester United football club?,Q18656,Manchester United F.C.,,,,,,,1,Q18656,Manchester United F.C.,kb,"Old Trafford, England",soccer,2439-0,2.5
7877,who write the Great Expectations book?,Q219552,Great Expectations,,,,,,,1,Q75100717,Charles Dickens,infobox,Charles Dickens,books,2650-2,2.5
7777,When was Squid Game released worldwide?,Q106582931,Squid Game,,,,,,,1,2021-09-17T00:00:00Z,17 September 2021,kb,17 September 2021,tvseries,2616-4,2.5
9363,Who was Enid Blyton's first husband?,Q192069,Enid Blyton,,,,,,,1,Q16749773,Hugh Alexander Pollock,infobox,Hugh Alexander Pollock,books,2990-8,2.5
9154,What year did Carl Anderson die?,Q969468,Carl Anderson,,,,,,,1,2004-01-01T00:00:00Z,2004,infobox,2004,movies,2952-7,2.5
7359,What country does Lionel Messi represent?,Q615,Lionel Messi,,,,,,,1,Q414,Argentina,infobox,Argentina,soccer,2478-0,2.5
8309,Where is David Beckham is from?,Q10520,David Beckham,,,,,,,1,Q84,London,infobox,London,soccer,2798-1,2.5
7377,A R Rahman from which country?,Q108560,A. R. Rahman,,,,,,,1,Q668,India,kb,India,music,2484-0,2.5
9066,When was actor Josh Radnor born?,Q223455,Josh Radnor,,,,,,,1,1974-07-29T00:00:00Z,"July 29, 1974",text,"July 29, 1974",tvseries,2936-7,2.5
8823,Who directed the film Midnight Express?,Q174699,Midnight Express,,,,,,,1,Q271284,Alan Parker,infobox,Alan Parker,movies,2892-4,2.5
7271,in which country is the Fritz-Walter-Stadion?,Q154298,Fritz-Walter-Stadion,,,,,,,1,Q183,Germany,text,Germany,soccer,2448-2,2.5
8545,When was the movie Carrie released?,Q162672,Carrie,,,,,,,1,1976-11-03T00:00:00Z,"November 3, 1976",infobox,"November 3, 1976",movies,2842-0,2.5
8078,Who created the TV series Decoupled?,Q110323803,Decoupled,,,,,,,1,Q6752277,Manu Joseph,infobox,Manu Joseph,tvseries,2717-0,2.5
7428,Where does The Shining take place?,Q470937,The Shining,,,,,,,1,Q7570444,Southern Rocky Mountains,text,the Southern Rocky Mountains,books,2500-3,2.5
9041,What actor played Jack in Titanic?,Q44578,Titanic,,,,,,,1,Q38111,Leonardo DiCaprio,infobox,Leonardo di Caprio,movies,2932-5,2.5
9198,What is the setting of Twilight?,Q44523,Twilight,,,,,,,1,Q226013,Forks,kb,Forks,books,2960-8,2.5
7575,Who wrote the book The Firm?,Q1212467,The Firm,,,,,,,1,Q106465,John Grisham,kb,John Grisham,books,2550-0,2.5
8469,Which is Sergio Agüero national team?,Q119562,Sergio Ag\u00FCero,,,,,,,1,Q79800,Argentina national football team,kb,Argentina national football team,soccer,2828-1,2.5
9055,Where did the band Semisonic start?,Q1572584,Semisonic,,,,,,,1,Q36091,Minneapolis,text,Minneapolis,music,2934-8,2.5
9208,Where was The Truman Show filmed?,Q214801,The Truman Show,,,,,,,1,Q65,Los Angeles,kb,Los Angeles,movies,2962-7,2.5
7206,Who was the founder of HBO?,Q11963448,Charles Dolan,,,,,,,1,Q11963448,Charles Dolan,kb,Charles Dolan,tvseries,2426-3,2.5
7908,Who wrote the book Little Men?,Q3902626,Little Men: Life at Plumfield with Jo\u2019s Boys,,,,,,,1,Q185696,Louisa May Alcott,text,Louisa May Alcott,books,2660-3,2.5
6879,Who narrated TV series Young Sheldon?,Q30014613,Young Sheldon,,,,,,,1,Q30605776,Jim Parsons,infobox,Jim Parsons,tvseries,2317-0,2.5
7990,which country of the team USMNT?,Q164134,United States men's national soccer team,,,,,,,1,Q19971019,United States of America,text,United States of America,soccer,2688-1,2.5
8205,Who directed the post-apocalyptic movie Waterworld?,Q272595,Waterworld,,,,,,,1,Q464903,Kevin Reynolds,kb,Kevin Reynolds,movies,2763-0,2.5
7074,In which year was Montreal founded?,Q340,Montreal,,,,,,,1,1642-05-17T00:00:00Z,17 May 1642,infobox,17 May 1642,movies,2382-3,2.5
7300,At which position did Xavi played?,Q17500,Xavi,,,,,,,1,Q193592,midfielder,infobox,Midfielder,soccer,2458-1,2.5
8232,when did the venom movie released?,Q23006268,Venom,,,,,,,1,2018-10-04T00:00:00Z,4 October 2018,infobox,4 October 2018,movies,2772-2,2.5
7142,Jewel's first album was called what?,Q6189497,Jewel discography,,,,,,,1,Q1814801,Pieces of You,table,Pieces of You,music,2405-0,2.5
7964,On which day was Marta born?,Q228616,Marta,,,,,,,1,1986-02-19T00:00:00Z,19 February 1986,kb,19 February 1986,soccer,2679-0,2.5
7601,What position does Neymar play in?,Q142794,Neymar,,,,,,,1,Q8025128,winger,kb,winger,soccer,2558-2,2.5
9140,What year was the Hobbit released?,Q74287,The Hobbit,,,,,,,1,1937-01-01T00:00:00Z,1937,infobox,1937,books,2950-4,2.5
8199,What's the publication year of Cosmos?,Q1194705,Cosmos,,,,,,,1,1980-01-01T00:00:00Z,1980,text,1980,books,2761-0,2.5
7134,Where was Ana de Armas born?,Q698173,Ana de Armas,,,,,,,1,Q270302,Santa Cruz del Norte,kb,Santa Cruz del Norte,movies,2402-3,2.5
8643,"Who wrote the original ""Frankenstein"" book?",Q150827,Frankenstein,,,,,,,1,Q47152,Mary Shelley,infobox,Mary Shelley,books,2860-0,2.5
7585,What is Tim Robbins' native language?,Q95048,Tim Robbins,,,,,,,1,Q1860,English,kb,English,movies,2552-4,2.5
9384,Who founded the Warner Music Group?,Q21077,Warner Music Group,,,,,,,1,Q126399,Warner Bros.,infobox,Warner Bros.,music,2994-7,2.5
6776,What year was Michael Fassbender born?,Q57147,Michael Fassbender,,,,,,,1,1977-01-01T00:00:00Z,1977,text,1977,movies,2282-4,2.5
9054,When was the band Semisonic established?,Q1572584,Semisonic,,,,,,,1,1995-01-01T00:00:00Z,1995,text,1995,music,2934-7,2.5
8829,Who wrote the crime drama Scarface?,Q47075,Scarface,,,,,,,1,Q179497,Oliver Stone,text,Oliver Stone,movies,2893-0,2.5
6819,Creator of the tv series medici?,Q21079531,Medici: Masters of Florence,,,,,,,1,Q2558191,Frank Spotnitz,infobox,Frank Spotnitz,tvseries,2297-0,2.5
7609,"Who published the book, David Copperfield?",Q189811,David Copperfield,,,,,,,1,Q2923456,Bradbury and Evans,text,Bradbury and Evans,books,2560-4,2.5
8873,Who writes the novel Jane Eyre?,Q182961,Jane Eyre,,,,,,,1,Q127332,Charlotte Bront\u00EB,infobox,Charlotte Brontë,books,2901-0,2.5
8437,who played Olivia in Boyhood movie?,Q4103201,Boyhood,,,,,,,1,Q215976,Patricia Arquette,kb,Patricia Arquette,movies,2822-2,2.5
6801,Who writes the book Nineteen Eighty-Four?,Q6511,Ulysses,,,,,,,1,Q3335,George Orwell,infobox,George Orwell,books,2291-0,2.5
9135,"When was the organization, FIFA founded?",Q253414,FIFA,,,,,,,1,1904-05-21T00:00:00Z,21 May 1904,infobox,21 May 1904,soccer,2949-0,2.5
8404,Who broadcasts the tv series Sherlock?,Q192837,Sherlock,,,,,,,1,Q191472,BBC One,kb,BBC One,tvseries,2816-2,2.5
7615,"Who directed the movie, The Matrix?",Q83495,The Matrix,,,,,,,1,Q195719,The Wachowskis,infobox,The Wachowskis,movies,2562-4,2.5
9065,Where was actor Josh Radnor born?,Q223455,Josh Radnor,,,,,,,1,Q16567,Columbus,kb,Columbus,tvseries,2936-6,2.5
9195,What year was New Moon published?,Q191540,New Moon,,,,,,,1,2006-01-01T00:00:00Z,2006,kb,2006,books,2960-5,2.5
7912,Who directed the film Pulp Fiction?,Q104123,Pulp Fiction,,,,,,,1,Q3772,Quentin Tarantino,infobox,Quentin Tarantino,movies,2662-1,2.5
8168,What is Virginia Woolf's spouse's name?,Q40909,Virginia Woolf,,,,,,,1,Q703935,Leonard Woolf,infobox,Leonard Woolf,books,2750-4,2.5
7437,Where was Blue Oyster Cult formed?,Q331016,Blue \u00D6yster Cult,,,,,,,1,Q1376559,Stony Brook,infobox,"Stony Brook, New York",music,2504-0,2.5
7617,Where was the band Tool formed?,Q184827,Tool,,,,,,,1,Q65,Los Angeles,infobox,Los Angeles,music,2564-0,2.5
7483,What is Francesco Totti's native language?,Q20110,Francesco Totti,,,,,,,1,Q652,Italian,kb,Italian,soccer,2518-4,2.5
7220,author of The Chronicles of Narnia?,Q483412,The Chronicles of Narnia,,,,,,,1,Q9204,C. S. Lewis,kb,C. S. Lewis,books,2431-0,2.5
8615,Where did Foo Fighters band formed?,Q483718,Foo Fighters,,,,,,,1,Q5083,Seattle,kb,Seattle,music,2854-5,2.5
7596,What is Matthew McConaughey's spouse's name?,Q188955,Matthew McConaughey,,,,,,,1,Q458809,Camila Alves,kb,Camila Alves,tvseries,2556-3,2.5
8215,Who was Great Performances' first host?,Q5599745,Great Performances,,,,,,,1,Q31073,Walter Cronkite,infobox,Walter Cronkite,tvseries,2766-3,2.5
8567,When did The X-Files first air?,Q2744,The X-Files,,,,,,,1,1993-09-10T00:00:00Z,"September 10, 1993",text,"September 10, 1993",tvseries,2846-0,2.5
6782,What year did After Forever disband?,Q389008,After Forever,,,,,,,1,2009-01-01T00:00:00Z,2009,kb,2009,music,2284-4,2.5
7239,where was Manchester United F.C. located?,Q18656,Manchester United F.C.,,,,,,,1,Q18656,Manchester United F.C.,kb,"Old Trafford, England",soccer,2438-0,2.5
7783,What was Cristiano Ronaldo's last award?,Q11571,Cristiano Ronaldo,,,,,,,1,Q260117,UEFA Men's Player of the Year Award,kb,UEFA Men's Player of the Year Award - 2017,soccer,2618-4,2.5
8697,Home field for Aston Villa F.C.?,Q18711,Aston Villa F.C.,,,,,,,1,Q175339,Villa Park,text,Villa Park,soccer,2869-0,2.5
7703,Who is Steven Spielberg's first wife?,Q8877,Steven Spielberg,,,,,,,1,Q235020,Amy Irving,infobox,Amy Irving,movies,2592-2,2.5
6979,What year was Roald Dahl born?,Q25161,Roald Dahl,,,,,,,1,1916-01-01T00:00:00Z,1916,kb,1916,books,2350-3,2.5
6985,What year did Awakenings come out?,Q842073,Awakenings,,,,,,,1,1990-01-01T00:00:00Z,1990,kb,1990,movies,2352-4,2.5
7229,How much songs in the album?,Q44320,Thriller,,,,,,,1,9 audio track,9 audio track,kb,9 audio track,music,2434-2,2.5
8740,What is actor Hugh Bonneville's birthdate?,Q155775,Hugh Bonneville,,,,,,,1,1963-11-10T00:00:00Z,10 November 1963,infobox,10 November 1963,tvseries,2876-9,2.5
8444,Who is the director of Boyhood?,Q4103201,Boyhood,,,,,,,1,Q40035,Richard Linklater,kb,Richard Linklater,movies,2822-9,2.5
8887,Which genre did Taylor Swift played?,Q26876,Taylor Swift,,,,,,,1,Q83440,country music,infobox,country music,music,2904-2,2.5
7141,When was Spirit by Jewel released?,Q637692,Spirit,,,,,,,1,1998-01-01T00:00:00Z,1998,kb,1998,music,2404-4,2.5
8112,Who owned the Austin FC ?,Q60643348,Austin FC,,,,,,,1,Q18543,Major League Soccer,text,Major League Soccer,soccer,2728-3,2.5
7454,Where is the Philadelphia Union based?,Q689874,Philadelphia Union,,,,,,,1,Q1345,Philadelphia,text,Philadelphia,soccer,2509-0,2.5
6735,official name of Nashville SC ?,Q47518754,Nashville SC,,,,,,,1,Nashville Soccer Club,Nashville Soccer Club,kb,Nashville Soccer Club,soccer,2269-0,2.5
6990,What year was Lars Ulrich born,Q106193,Lars Ulrich,,,,,,,1,1963-01-01T00:00:00Z,1963,kb,1963,music,2354-3,2.5
9091,The first Dr Suess book publisher,Q864476,And to Think That I Saw It on Mulberry Street,,,,,,,1,Q7914837,Vanguard Press,kb,Vanguard Press,books,2941-0,2.5
2335,Barcelona football team was from?,Q7156,FC Barcelona,,,,,,,1,Q1492,Barcelona,infobox,Spain,soccer,778-4,2.2
525,Selena Gomez plays what instrument?,Q83287,Selena Gomez,,,,,,,1,Q5994,piano,infobox,piano,music,174-3,2.2
1780,Who wrote the movie Karwaan?,Q48672560,Karwaan,,,,,,,1,Q16728338,Hussain Dalal,kb,Hussain Dalal,movies,593-0,2.2
3014,Who performed as the drummer?,Q16845701,The Hunters,,,,,,,1,Q7052784,Norman Sheffield,infobox,Norman Sheffield,music,1024-3,2.2
2313,who directed the Mank movie?,Q73093591,Mank,,,,,,,1,Q73093591,Mank,text,David Fincher,movies,772-0,2.2
1268,Who wrote the film Yahaan?,Q3571306,Yahaan,,,,,,,1,Q3534654,Piyush Mishra,infobox,Piyush Mishra,movies,422-2,2.2
851,Where did Pink Floyd form?,Q2306,Pink Floyd,,,,,,,1,Q84,London,kb,London,music,284-0,2.2
3237,Deportivo Alavés team belongs to?,Q223620,Deportivo Alav\u00E9s,,,,,,,1,Q29,Spain,kb,Spain,soccer,1098-4,2.2
4272,Who distributes the series Hanna?,Q48102683,Hanna,,,,,,,1,Q4740868,Amazon Studios,kb,Amazon Studios,tvseries,1446-4,2.2
2447,"Who directed Caretaker, Part I?",Q42599400,"Caretaker, Part I",,,,,,,1,Q178387,Winrich Kolbe,infobox,Winrich Kolbe,tvseries,816-3,2.2
3238,Atlético Madrid team was from?,Q2975407,Atl\u00E9tico Madrid C,,,,,,,1,Q29,Spain,text,Spain,soccer,1099-0,2.2
772,Which channel airs Aerial America?,Q15036036,Aerial America,,,,,,,1,Q7545619,Smithsonian Channel,text,Smithsonian Channel,tvseries,257-0,2.2
2559,Who wrote The Turning Point?,Q1966965,National Board of Review: Top Ten Films,,,,,,,1,Q710334,Arthur Laurents,infobox,Arthur Laurents,movies,862-4,2.2
3815,Where is Louis Armstrong from?,Q1779,Louis Armstrong,,,,,,,1,Q34404,New Orleans,infobox,New Orleans,music,1294-0,2.2
4940,When was Terry Pratchett died?,Q46248,Terry Pratchett,,,,,,,1,2015-03-12T00:00:00Z,12 March 2015,kb,12 March 2015,books,1670-4,2.2
895,When was Cristiano Ronaldo born?,Q11571,Cristiano Ronaldo,,,,,,,1,1985-02-05T00:00:00Z,5 February 1985,infobox,5 February 1985,soccer,298-2,2.2
2326,Stranger Things was released in?,Q19798734,Stranger Things,,,,,,,1,Q28678769,"Stranger Things, season 1",infobox,Netflix,tvseries,776-1,2.2
2190,Where was Dante Alighieri born?,Q1067,Dante Alighieri,,,,,,,1,Q2044,Florence,text,Florence,books,730-1,2.2
4281,Who wrote the book Untouchable?,Q3641802,Untouchable,,,,,,,1,Q732434,Mulk Raj Anand,infobox,Mulk Raj Anand,books,1450-1,2.2
2426,Who published The Bluest Eye?,Q1069956,The Bluest Eye,,,,,,,1,Q21809817,"Holt, Rinehart, and Winston",infobox,"Holt, Rinehart and Winston",books,810-0,2.2
2951,Who wrote the movie Shershaah?,Q65065643,Shershaah,,,,,,,1,Sandeep Shrivastava,Sandeep Shrivastava,kb,Sandeep Shrivastava,movies,1003-0,2.2
303,Who director of Shawshank Redemption?,Q172241,The Shawshank Redemption,,,,,,,1,Q295445,Frank Darabont,infobox,Frank Darabont,books,100-3,2.2
3744,"Who wrote ""Jane Eyre"" novel?",Q182961,Jane Eyre,,,,,,,1,Q127332,Charlotte Bront\u00EB,kb,Charlotte Brontë,books,1270-0,2.2
4755,Who wrote the novel Exodus?,Q1384109,Exodus,,,,,,,1,Q269129,Leon Uris,infobox,Leon Uris,books,1610-0,2.2
1469,Who wrote The Hunger Games?,Q11678,The Hunger Games,,,,,,,1,Q228624,Suzanne Collins,infobox,Suzanne Collins,books,490-0,2.2
4530,Where was Michael Jackson born?,Q2831,Michael Jackson,,,,,,,1,Q184116,Gary,infobox,"Gary, Indiana",music,1534-1,2.2
328,What is Neymar's sport number?,Q142794,Neymar,,,,,,,1,10,10,kb,10,soccer,108-4,2.2
1481,Where is Gordon Lightfoot from?,Q359552,Gordon Lightfoot,,,,,,,1,Q1904,Ontario,infobox,"Ontario, Canada",music,494-0,2.2
407,"Performer of ""Best Song Ever?""",Q14180932,Best Song Ever,,,,,,,1,Q146027,One Direction,infobox,One Direction,music,135-0,2.2
3897,When was Joseph Heller born?,Q60,New York City,,,,,,,1,1923-05-01T00:00:00Z,1 May 1923,text,1 May 1923,books,1320-4,2.2
1107,What is N'Golo Kanté's religion?,Q16665941,N'Golo Kant\u00E9,,,,,,,1,Q432,Islam,kb,Islam,soccer,368-3,2.2
3525,Which tv network aired Friends?,Q79784,Friends,,,,,,,1,Q13974,NBC,infobox,NBC,tvseries,1196-1,2.2
2741,Who directed the movie Chehre?,Q63928274,Chehre,,,,,,,1,Rumy Jafry,Rumy Jafry,kb,Rumy Jafry,movies,933-0,2.2
2861,Madonna has how many children?,Q1744,Madonna,,,,,,,1,6,6,kb,6,music,974-0,2.2
2384,Creator of the dark series?,Q28443710,Dark,,,,,,,1,Q47021487,Jantje Friese,infobox,"Baran bo Odar,Jantje Friese",tvseries,796-0,2.2
4506,When did Howard Leeds die?,Q28868989,Howard Leeds,,,,,,,1,2017-02-11T00:00:00Z,11 February 2017,kb,11 February 2017,tvseries,1526-1,2.2
627,where is Harry Kane ​born?,Q969725,Harry Kane,,,,,,,1,Q2321784,Walthamstow,infobox,Walthamstow,soccer,208-4,2.2
2443,Who recorded the album Graduation?,Q1129439,Graduation,,,,,,,1,Q15935,Kanye West,kb,Kanye West,music,815-0,2.2
4944,Where is Matt Damon's residence?,Q175535,Matt Damon,,,,,,,1,Q65,Los Angeles,kb,Los Angeles,movies,1672-2,2.2
2197,Where was Hans Zimmer born?,Q76364,Hans Zimmer,,,,,,,1,Q1794,Frankfurt,kb,Frankfurt,movies,732-2,2.2
3900,When did Whitney Houston die?,Q34389,Whitney Houston,,,,,,,1,2012-02-11T00:00:00Z,11 February 2012,text,11 February 2012,movies,1322-1,2.2
396,"Who directed the movie ""Jaws?""",Q189505,Jaws,,,,,,,1,Q8877,Steven Spielberg,infobox,Steven Spielberg,movies,132-0,2.2
325,What is Neymar's National Team?,Q142794,Neymar,,,,,,,1,Q2308235,Brazil national under-20 football team,kb,Brazil,soccer,108-1,2.2
1974,Where is Neymar originally from?,Q142794,Neymar,,,,,,,1,Q155,Brazil,infobox,Brazil,soccer,658-1,2.2
3119,Who wrote The Thorn Birds?,Q606465,The Thorn Birds,,,,,,,1,Q228801,Colleen McCullough,text,Colleen McCullough,books,1060-0,2.2
4956,When was Yoo Ah-in born?,Q489930,Yoo Ah-in,,,,,,,1,1986-10-06T00:00:00Z,6 October 1986,kb,6 October 1986,tvseries,1676-2,2.2
4396,What is Lionel Messi's ethnicity?,Q615,Lionel Messi,,,,,,,1,Q1056744,Italian Argentines,kb,Italian Argentines,soccer,1488-2,2.2
2452,Where was Eden Hazard born?,Q214204,Eden Hazard,,,,,,,1,Q31,Belgium,infobox,Belgium,soccer,818-2,2.2
4043,"Who wrote ""Wuthering Heights"" novel?",Q202975,Wuthering Heights,,,,,,,1,Q80137,Emily Bront\u00EB,kb,Emily Brontë,books,1370-0,2.2
4300,Who is Radhika Apte's spouse?,Q7280241,Radhika Apte,,,,,,,1,Q4887320,Benedict Taylor,infobox,Benedict Taylor,tvseries,1456-2,2.2
624,which citizenship Harry Kane have?,Q969725,Harry Kane,,,,,,,1,Q145,United Kingdom,kb,United Kingdom,soccer,208-1,2.2
4404,Where was Mark Greaney born?,Q19880094,Mark Greaney,,,,,,,1,Q16563,Memphis,infobox,Memphis,books,1490-4,2.2
3468,When was Matt Dillon born?,Q193070,Matt Dillon,,,,,,,1,1964-02-18T00:00:00Z,18 February 1964,kb,18 February 1964,tvseries,1176-4,2.2
217,when did Chadwick Boseman die?,Q5066520,Chadwick Boseman,,,,,,,1,2020-08-28T00:00:00Z,28 August 2020,text,28 August 2020,movies,72-1,2.2
3772,What is Mohamed Salahs height?,Q1354960,Mohamed Salah,,,,,,,1,176 centimetre,176 centimetre,text,176 centimetre,soccer,1279-0,2.2
3546, Jurassic Park movie release date?,Q167726,Jurassic Park,,,,,,,1,1993-06-09T00:00:00Z,9 June 1993,infobox,"June 9, 1993",movies,1203-0,2.2
4861,When did Hans Zimmer born?,Q76364,Hans Zimmer,,,,,,,1,1957-09-12T00:00:00Z,12 September 1957,kb,12 September 1957,music,1644-4,2.2
3716,Who director of Enola Holmes?,Q65032692,Enola Holmes,,,,,,,1,Q97455101,Harry Bradbeer,infobox,Harry Bradbeer,books,1260-2,2.2
3001,What company published the book?,Q3210399,Welcome to Dead House,,,,,,,1,Q1155729,Scholastic Corporation,kb,Scholastic Corporation,books,1020-2,2.2
527,What voice type Selena Gomez?,Q83287,Selena Gomez,,,,,,,1,Q186506,Mezzo-soprano,infobox,mezzo-soprano,music,175-0,2.2
1148,Who wrote the movie Hackers?,Q13908,Hackers,,,,,,,1,Q7282227,Rafael Moreu,infobox,Rafael Moreu,movies,382-2,2.2
1186,The Aerosmith music influenced by?,Q126826,Aerosmith,,,,,,,1,Q2331,Led Zeppelin,infobox,"The Rolling Stones,Led Zeppelin",music,394-4,2.2
3066,When did Michael Fassbender born?,Q57147,Michael Fassbender,,,,,,,1,1977-04-02T00:00:00Z,2 April 1977,kb,2 April 1977,movies,1042-1,2.2
3132,Who was Madonna's first husband?,Q1744,Madonna,,,,,,,1,Q44221,Sean Penn,text,Sean Penn,music,1064-1,2.2
3698,Where was Aretha Franklin born?,Q125121,Aretha Franklin,,,,,,,1,Q16563,Memphis,kb,Memphis,music,1254-2,2.2
999,Where is Hans Zimmer from?,Q76364,Hans Zimmer,,,,,,,1,Q183,Germany,kb,Germany,movies,332-4,2.2
4554,When did Keanu Reeves born?,Q43416,Keanu Reeves,,,,,,,1,1964-09-02T00:00:00Z,2 September 1964,kb,2 September 1964,movies,1542-1,2.2
4158,Which position played by Xavi?,Q17500,Xavi,,,,,,,1,Q193592,midfielder,kb,midfielder,soccer,1408-2,2.2
2879,Country Of Sport Lionel Messi?,Country of Native Lionel Messi?,Country of Native Lionel Messi?,,,,,,,1,Q414,Argentina,kb,"Argentina, Spain, Italy",soccer,979-0,2.2
2360,TV series Breathe directed by?,Q48733047,Breathe,,,,,,,1,Q89273107,Mayank Sharma,kb,Mayank Sharma,tvseries,787-0,2.2
4521,Where does Emma take place?,Q223880,Emma,,,,,,,1,Q21,England,kb,England,books,1530-4,2.2
4703,When did Bong Joon-ho born?,Q495980,Bong Joon-ho,,,,,,,1,1969-09-14T00:00:00Z,14 September 1969,kb,14 September 1969,movies,1592-2,2.2
3474,When was Liverpool F.C. formed?,Q1130849,Liverpool F.C.,,,,,,,1,1892-06-03T00:00:00Z,3 June 1892,kb,3 June 1892,soccer,1178-4,2.2
3629,Who writes the book Maus?,Q59696,Maus,,,,,,,1,Q325945,Art Spiegelman,infobox,Art Spiegelman,books,1231-0,2.2
4079,When did Anamaria Marinca born?,Q269258,Anamaria Marinca,,,,,,,1,1978-04-01T00:00:00Z,1 April 1978,kb,1 April 1978,movies,1382-1,2.2
4234,Who was the album's producer?,Q769180,"Wednesday Morning, 3 A.M.",,,,,,,1,Q2007168,Tom Wilson,infobox,Tom Wilson,music,1434-1,2.2
4957,Birth place of Yoo Ah-in?,Q489930,Yoo Ah-in,,,,,,,1,Q20927,Daegu,kb,Daegu,tvseries,1676-3,2.2
2377,Name the avatar movie screenwritter?,Q24871,Avatar,,,,,,,1,Q42574,James Cameron,infobox,James Cameron,movies,792-4,2.2
988,What is Antoine Griezmann's age?,Q455462,Antoine Griezmann,,,,,,,1,30,30,kb,30,soccer,329-0,2.2
4225,Who illustrated the book's cover?,Q837140,Catching Fire,,,,,,,1,Q7804054,Tim O'Brien,infobox,Tim O'Brien,books,1430-3,2.2
3162,What was Eric Clapton's pseudonym?,Q48187,Eric Clapton,,,,,,,1,Q17592351,Slowhand,kb,Slowhand,music,1074-1,2.2
3075,Who is John Williams spouse?,Q131285,John Williams,,,,,,,1,Q527841,Barbara Ruick,kb,Barbara Ruick,music,1044-4,2.2
890,When was The Mentalist telecasted?,Q204228,The Mentalist,,,,,,,1,2008-09-23T00:00:00Z,23 September 2008,infobox,23 September 2008,tvseries,296-3,2.2
2584,Author of the book Dune?,Q190192,Dune,,,,,,,1,Q7934,Frank Herbert,text,Frank Herbert,books,871-0,2.2
4188,What was Franz Beckenbauer's pseudonym?,Q4457,Franz Beckenbauer,,,,,,,1,Q18414067,Der Kaiser,kb,Der Kaiser,soccer,1418-2,2.2
3000,Who originally illustrated the cover?,Q3210399,Welcome to Dead House,,,,,,,1,Q3991361,Tim Jacobus,text,Tim Jacobus,books,1020-1,2.2
1467,When was Alex Curran born?,Q531057,Alex Curran,,,,,,,1,1982-09-23T00:00:00Z,23 September 1982,kb,23 September 1982,soccer,488-4,2.2
3934,Who produces the flim Ratatouille?,Q170035,Ratatouille,,,,,,,1,Q191224,Walt Disney Pictures,infobox,Walt Disney Pictures,movies,1333-0,2.2
3152,When was Marcel Proust born?,Q7199,Marcel Proust,,,,,,,1,1871-07-10T00:00:00Z,10 July 1871,kb,10 July 1871,books,1070-3,2.2
657,Where is Lionel Messi from?,Q615,Lionel Messi,,,,,,,1,Q414,Argentina,infobox,Argentina,soccer,218-4,2.2
2106,When did Tom Hanks born?,Q2263,Tom Hanks,,,,,,,1,1956-07-09T00:00:00Z,9 July 1956,kb,9 July 1956,movies,702-1,2.2
2499,What disease killed John Prine?,Q520296,John Prine,,,,,,,1,Q84263196,COVID-19,text,COVID-19,music,834-1,2.2
932,Where was Margaret Mitchell born?,Q173540,Margaret Mitchell,,,,,,,1,Q23556,Atlanta,kb,Atlanta,books,310-3,2.2
2875,Against whom did club match,Lionel Messi paris team?,Lionel Messi paris team?,,,,,,,1,Q90,Paris,kb,"Rosario, Barcelona, Paris",soccer,978-1,2.2
67,When did Jesse Eisenberg born?,Q219512,Jesse Eisenberg,,,,,,,1,1983-10-05T00:00:00Z,5 October 1983,kb,5 October 1983,movies,22-1,2.2
2705,Author of the book Moby-Dick?,Q174596,Moby-Dick,,,,,,,1,Q4985,Herman Melville,text,Herman Melville,books,921-0,2.2
3626,Who published the book Maus?,Q59696,Maus,,,,,,,1,Q520387,Pantheon Books,text,Pantheon Books,books,1230-2,2.2
881,Full name of Michael Jackson?,Q2831,Michael Jackson,,,,,,,1,Q2831,Michael Jackson,kb,Michael Joseph Jackson,music,294-0,2.2
3388,Who wrote the novel Gaban?,Q28419570,Gaban,,,,,,,1,Q174152,Premchand,kb,Premchand,books,1150-2,2.2
1455,What album followed Red Medicine?,Q971672,Red Medicine,,,,,,,1,Q2278289,End Hits,table,End Hits,music,484-4,2.2
4667,Who was Harper  Lee's influence?,Q182658,Harper Lee,,,,,,,1,Q38392,William Faulkner,kb,William Faulkner,books,1580-2,2.2
4091,when did Lorenzo Richelmy born?,Q3837061,Lorenzo Richelmy,,,,,,,1,1990-03-25T00:00:00Z,25 March 1990,kb,25 March 1990,tvseries,1386-1,2.2
651,Where was the Friends plotted?,Q79784,Friends,,,,,,,1,Q2944467,Central Perk,kb,New York City,tvseries,216-4,2.2
3729,What is Beyoncé's vocal type?,Q36153,Beyonc\u00E9,,,,,,,1,Q186506,Mezzo-soprano,infobox,mezzo-soprano,music,1264-3,2.2
4428,What year was Adidas founded?,Q3895,Adidas,,,,,,,1,1924-01-01T00:00:00Z,1924,infobox,1924,soccer,1498-4,2.2
3326,"Who wrote ""Don Quixote"" novel?",Q480,Don Quixote,,,,,,,1,Q5682,Miguel de Cervantes,kb,Miguel de Cervantes,books,1130-0,2.2
2626,What year was Slipknot formed?,Q254138,Slipknot,,,,,,,1,1995-01-01T00:00:00Z,1995,kb,1995,music,885-0,2.2
423,When was Ernest Hemingway born?,Q23434,Ernest Hemingway,,,,,,,1,1899-07-21T00:00:00Z,21 July 1899,infobox,21 July 1899,books,140-3,2.2
48,How many seasons in Mindhunter?,Q25340152,Mindhunter,,,,,,,1,2,2,kb,2,tvseries,16-0,2.2
4527,Who distributed The Goodbye Girl?,Q679746,The Goodbye Girl,,,,,,,1,Q1156642,Warner Bros. Television Studios,infobox,Warner Bros. Television Studios,movies,1532-4,2.2
3514,When did Harold Ramis die?,Q286890,Harold Ramis,,,,,,,1,2014-02-24T00:00:00Z,24 February 2014,infobox,24 February 2014,movies,1192-2,2.2
3582,"Riverdale series, what is genre?",Q23001951,Riverdale,,,,,,,1,Q775344,teen drama,kb,"Teen drama ,Mystery",tvseries,1216-0,2.2
984,which citizenship Antoine Griezmann have?,Q455462,Antoine Griezmann,,,,,,,1,Q142,France,infobox,France,soccer,328-1,2.2
3008,Who did he first marry?,Q363653,Guy Hamilton,,,,,,,1,Q6964624,Naomi Chance,text,Naomi Chance,movies,1022-3,2.2
1904,Where did André Previn born?,Q155712,Andr\u00E9 Previn,,,,,,,1,Q64,Berlin,infobox,Berlin,music,634-3,2.2
3614,What genre is Boston Legal?,Q308984,Boston Legal,,,,,,,1,Q859369,comedy-drama,kb,dramedy,tvseries,1226-2,2.2
4287,Who directed the film Dil?,Q905399,Dil,,,,,,,1,Q3150542,Indra Kumar,text,Indra Kumar,movies,1452-1,2.2
79,What is Kelly Overton occupation?,Q461131,Kelly Overton,,,,,,,1,Q461131,Kelly Overton,kb,"film director, screenwriter, stage actor, film actor, television actor",tvseries,26-1,2.2
916,Ennio Morricone plays which instrument?,Q23848,Ennio Morricone,,,,,,,1,Q8338,trumpet,text,trumpet,music,305-0,2.2
2026,When did the Promises released?,Q106318794,Promises,,,,,,,1,2021-03-26T00:00:00Z,26 March 2021,kb,26 March 2021,music,675-0,2.2
441,Who is Cillian Murphy's spouse?,Q202589,Cillian Murphy,,,,,,,1,Q521990,Yvonne McGuinness,text,Yvonne McGuinness,tvseries,146-3,2.2
3420,What company published this book?,Q7775613,The Wonder City of Oz,,,,,,,1,Q7310162,Reilly & Britton,infobox,Reilly & Lee,books,1160-4,2.2
894,Where was Cristiano Ronaldo born?,Q11571,Cristiano Ronaldo,,,,,,,1,Q45,Portugal,infobox,Portugal,soccer,298-1,2.2
4124,When did Leonard Nimoy die?,Q16345,Leonard Nimoy,,,,,,,1,2015-02-27T00:00:00Z,27 February 2015,kb,27 February 2015,tvseries,1396-4,2.2
2103,When was Rick Riordan born?,Q212727,Rick Riordan,,,,,,,1,1964-06-05T00:00:00Z,5 June 1964,kb,5 June 1964,books,700-4,2.2
976,What is Justin Bieber's birthday?,Q34086,Justin Bieber,,,,,,,1,1994-03-01T00:00:00Z,1 March 1994,text,1 March 1994,music,325-0,2.2
2529,What is Eminem's birth name?,Q5608,Eminem,,,,,,,1,Q19927199,Marshall Mathers,kb,Marshall Bruce Mathers III,music,844-1,2.2
413,Lark Voorhies' first television appearance?,Q440070,Lark Voorhies,,,,,,,1,Q639023,"Good Morning, Miss Bliss",table,"Good Morning, Miss Bliss",tvseries,137-0,2.2
4626,"What company distributed ""Full House?""",Q465472,Full House,,,,,,,1,Q1156642,Warner Bros. Television Studios,infobox,Warner Bros. Television Distribution,tvseries,1566-1,2.2
2102,What is Rick Riordan's nationality?,Q212727,Rick Riordan,,,,,,,1,Q30,United States of America,kb,United States of America,books,700-3,2.2
1514,Who owns the RCA records?,Q202585,RCA Records,,,,,,,1,Q56760250,Sony Music,text,Sony Music,music,504-3,2.2
4509,Where was Tiffany Brissette born?,Q2278470,Tiffany Brissette,,,,,,,1,Q387183,Paradise,kb,Paradise,tvseries,1526-4,2.2
2020,Who edited the film Shazam!?,Q23685878,Shazam!,,,,,,,1,Q62015683,Michel Aller,infobox,Michel Aller,movies,673-0,2.2
2413,Instrument played by Olivier Messiaen?,Q151593,Olivier Messiaen,,,,,,,1,Q1444,organ,text,organ,music,805-0,2.2
2401,Genre of the book Hamlet?,Q41567,Hamlet,,,,,,,1,Q80930,tragedy,infobox,tragedy,books,801-0,2.2
1316,Who owns Paris Saint-Germain F.C.?,Q483020,Paris Saint-Germain F.C.,,,,,,,1,Q1571175,Qatar Investment Authority,infobox,Qatar Investment Authority,soccer,438-2,2.2
4726,Who influenced Arthur Conan Doyle?,Q35610,Arthur Conan Doyle,,,,,,,1,Q1512,Robert Louis Stevenson,kb,Robert Louis Stevenson,books,1600-1,2.2
3931,Who directs the flim Ratatouille?,Q170035,Ratatouille,,,,,,,1,Q310960,Brad Bird,infobox,Brad Bird,movies,1332-2,2.2
2481,which citizenship Cristiano Ronaldo have?,Q11571,Cristiano Ronaldo,,,,,,,1,Q45,Portugal,infobox,Portugal,soccer,828-1,2.2
3523,What year did Coldplay formed?,Q45188,Coldplay,,,,,,,1,1996-01-01T00:00:00Z,1996,kb,1996,music,1195-0,2.2
1593,Who is George Orwell's influence?,Q3335,George Orwell,,,,,,,1,Q5686,Charles Dickens,kb,Charles Dickens,books,530-4,2.2
3749,"Author of ""Jane Eyre"" novel?",Q182961,Jane Eyre,,,,,,,1,Q127332,Charlotte Bront\u00EB,kb,Charlotte Brontë,books,1271-0,2.2
3135,What is Madonna's middle name?,Q1744,Madonna,,,,,,,1,Q3215140,Louise,text,Louise,music,1064-4,2.2
3250,Who directed the movie Sherni?,Q107176275,Sherni,,,,,,,1,Q28914756,Amit Masurkar,kb,Amit V. Masurkar,movies,1103-0,2.2
246,Who directed the movie Panga?,Q61995311,Panga,,,,,,,1,Q28012317,Ashwiny Iyer Tiwari,kb,Ashwiny Iyer Tiwari,movies,82-0,2.2
787,When was Virginia Madsen born?,Q229784,Virginia Madsen,,,,,,,1,1961-09-11T00:00:00Z,11 September 1961,kb,11 September 1961,movies,262-2,2.2
3295,Position played by Robert Lewandowski?,Q280658,forward,,,,,,,1,Q151269,Robert Lewandowski,text,forward,soccer,1119-0,2.2
3073,When was John Williams born?,Q131285,John Williams,,,,,,,1,1932-02-08T00:00:00Z,8 February 1932,kb,8 February 1932,music,1044-2,2.2
4570,No. of episodes in Mindhunter?,Q25340152,Mindhunter,,,,,,,1,19,19,kb,19,tvseries,1547-0,2.2
4148,Where did Britney Spears born?,Q11975,Britney Spears,,,,,,,1,Q846178,McComb,infobox,McComb,music,1404-4,2.2
4492,Which university employs Robert Langdon?,Q210548,Robert Langdon,,,,,,,1,Q13371,Harvard University,kb,Harvard University,books,1520-4,2.2
2174,Who played drums in Metallica?,Q15920,Metallica,,,,,,,1,Q106193,Lars Ulrich,infobox,Lars Ulrich,music,724-3,2.2
3436,What network broadcast this show?,Q110514458,Total Panic,,,,,,,1,Q154958,Nickelodeon,infobox,Nickelodeon,tvseries,1166-2,2.2
4618,Director of Above the Law?,Q923195,Above the Law,,,,,,,1,Q504461,Andrew Davis,kb,Andrew Davis,movies,1563-0,2.2
3575,what genre of Dolittle movie?,Q38689704,Dolittle,,,,,,,1,Q319221,adventure film,kb,adventure film,movies,1213-0,2.2
4756,What year was Exodus published?,Q1384109,Exodus,,,,,,,1,1958-01-01T00:00:00Z,1958,infobox,1958,books,1610-1,2.2
3158,When did Robin Williams die?,Q83338,Robin Williams,,,,,,,1,2014-08-11T00:00:00Z,11 August 2014,kb,11 August 2014,movies,1072-3,2.2
4291,Who produced the film Dil?,Q905399,Dil,,,,,,,1,Q3150542,Indra Kumar,infobox,Indra Kumar; Ashok Thakeria,movies,1453-0,2.2
3011,What was Queen's first single?,Q15862,Queen,,,,,,,1,Q597273,Keep Yourself Alive,text,Keep Yourself Alive,music,1024-0,2.2
4149,What instrument Britney Spears played?,Q11975,Britney Spears,,,,,,,1,Q5994,piano,kb,piano,music,1405-0,2.2
512,Who director of Little Women?,Q523076,Little Women,,,,,,,1,Q271967,Greta Gerwig,infobox,Greta Gerwig,books,170-2,2.2
1917,Where did Aleksandr Kerzhakov born?,Q201866,Aleksandr Kerzhakov,,,,,,,1,Q15270,Kingisepp,infobox,Kingisepp,soccer,638-4,2.2
2803,who performed without me song?,Q57903096,Without Me,,,,,,,1,Q57393247,Without Me,text,Halsey,music,954-1,2.2
3684,Who wrote Romeo and Juliet?,Q83186,Romeo and Juliet,,,,,,,1,Q692,William Shakespeare,kb,https://www.Q692,books,1250-0,2.2
2918,When was Clint Eastwood born?,Q43203,Clint Eastwood,,,,,,,1,1930-05-31T00:00:00Z,31 May 1930,kb,31 May 1930,movies,992-2,2.2
2869,Who Played of Royal Mint?,Q733486,Royal Mint of Spain,,,,,,,1,Q29,Spain,infobox,Spain,tvseries,976-1,2.2
3375,Who is Kiefer Sutherland's father?,Q103946,Kiefer Sutherland,,,,,,,1,Q103784,Donald Sutherland,kb,Donald Sutherland,tvseries,1146-1,2.2
3177,What is Christine Bleakley's occupation?,Q5110936,Christine Bleakley,,,,,,,1,Q947873,television presenter,kb,television presenter,soccer,1078-4,2.2
4838,"Seasons of ""The Walking Dead""?",Q232737,The Walking Dead,,,,,,,1,11,11,kb,11,tvseries,1637-0,2.2
416,What team won that game?,Q16191936,Soccer Bowl '77,,,,,,,1,Q646135,New York Cosmos,infobox,New York Cosmos,soccer,138-2,2.2
4071,What is Bruno Fernandes height?,Q1912,Karim Benzema,,,,,,,1,185 centimetre,185 centimetre,infobox,185 centimetre,soccer,1379-0,2.2
784,Year of Mirrorshades first publication?,Q2085020,Mirrorshades,,,,,,,1,1986-01-01T00:00:00Z,1986,kb,1986,books,261-0,2.2
1897,Who distributes the film Smallfoot?,Q30607974,Smallfoot,,,,,,,1,Q126399,Warner Bros.,text,Warner Bros.,movies,632-2,2.2
4709,Drummer of Fleetwood Mac band?,Q106648,Fleetwood Mac,,,,,,,1,Q508439,Mick Fleetwood,kb,Mick Fleetwood,music,1594-2,2.2
3352,which citizenship Bruno Fernandes have?,Q4979316,Bruno Fernandes,,,,,,,1,Q45,Portugal,infobox,Portugal,soccer,1138-2,2.2
3090,Where is James Baldwin from?,Q273210,James Baldwin,,,,,,,1,Q60388749,If Beale Street Could Talk,kb,Harlem,books,1050-1,2.2
2865,Names of married partner madonna?,Q1744,Madonna,,,,,,,1,Q192990,Guy Ritchie,table,Guy Ritchie;Sean Penn,music,974-4,2.2
4573,What is Kylian Mbappé position?,Q21621995,Kylian Mbapp\u00E9,,,,,,,1,Q280658,forward,kb,forward,soccer,1548-2,2.2
17,Location of the Queen Band?,Q15862,Queen,,,,,,,1,Q84,London,infobox,London,music,5-0,2.2
3291,Which position did Robert Lewandowski?,Q280658,forward,,,,,,,1,Q151269,Robert Lewandowski,text,forward,soccer,1118-0,2.2
3054,Where did Harry Kane born?,Q969725,Harry Kane,,,,,,,1,Q2321784,Walthamstow,infobox,Walthamstow,soccer,1038-1,2.2
4674,Where was Studio Ghibli formed?,Q182950,Studio Ghibli,,,,,,,1,Q1490,Tokyo,kb,Tokyo,movies,1582-3,2.2
1009,When was Peter Chung born?,Q489286,Peter Chung,,,,,,,1,1961-04-19T00:00:00Z,19 April 1961,kb,19 April 1961,tvseries,336-2,2.2
4746,Where was Alexander Skarsgård born?,Q310637,Alexander Skarsg\u00E5rd,,,,,,,1,Q2559389,V\u00E4llingby,kb,Vällingby,tvseries,1606-3,2.2
2186,How tall is Cristiano Ronaldo?,Q11571,Cristiano Ronaldo,,,,,,,1,6 ft 2 in,6 ft 2 in,infobox,6 ft 2 in,soccer,728-3,2.2
3232,which platform released Mindhunter web-series?,Q25340152,Mindhunter,,,,,,,1,Q907311,Netflix,infobox,Netflix,tvseries,1097-0,2.2
2336,Neymar belongs to which country?,Q142794,Neymar,,,,,,,1,Q142794,Neymar,text,Brazil,soccer,779-0,2.2
4137,genre of the book Thumbelina?,Q699,fairy tale,,,,,,,1,Q11870,Thumbelina,infobox,Fairy tale,books,1401-0,2.2
4943,When did Matt Damon born?,Q175535,Matt Damon,,,,,,,1,1970-10-08T00:00:00Z,8 October 1970,kb,8 October 1970,movies,1672-1,2.2
3638,Where did Zhou Long born?,Q2382001,Zhou Long,,,,,,,1,Q956,Beijing,kb,Beijing,music,1234-2,2.2
3331,"Author of ""Don Quixote"" novel?",Q480,Don Quixote,,,,,,,1,Q5682,Miguel de Cervantes,kb,Miguel de Cervantes,books,1131-0,2.2
2632,What year did Seinfeld debut?,Q23733,Seinfeld,,,,,,,1,1989-01-01T00:00:00Z,1989,infobox,1989,tvseries,887-0,2.2
3393,Who directed the movie Lagaan?,Q843949,Lagaan,,,,,,,1,Q281249,Ashutosh Gowariker,text,Ashutosh Gowariker,movies,1152-1,2.2
2113,What influenced Joe Hisaishi's career?,Q275900,Joe Hisaishi,,,,,,,1,watched 300 movies a year with his father at age of four,watched 300 movies a year with his father at age of four,text,watched 300 movies a year with his father at age of four,music,704-2,2.2
2520,What is Mark Twain's religion?,Q7245,Mark Twain,,,,,,,1,Q7066,atheism,kb,atheism,books,840-4,2.2
4243,What actor portrayed Sam Malone?,Q732063,Cheers,,,,,,,1,Q381203,Ted Danson,text,Ted Danson,tvseries,1437-0,2.2
327,Who is Neymar's official sponsor?,Q142794,Neymar,,,,,,,1,Q51482,Red Bull,infobox,Red Bull,soccer,108-3,2.2
1496,Who founded Chelsea Football Club?,Q9616,Chelsea F.C.,,,,,,,1,Q955255,Gus Mears,text,Gus Mears,soccer,498-3,2.2
3319,"Director of ""Mare of Easttown""",Q61040213,Mare of Easttown,,,,,,,1,Q5181627,Craig Zobel,kb,Craig Zobel,tvseries,1127-0,2.2
3930,Who distributes the flim Ratatouille?,Q1005887,F\u00F3rum Hungary,,,,,,,1,Q170035,Ratatouille,kb,Fórum Hungary,movies,1332-1,2.2
3827,What is Ronaldinho full name?,Q39444,Ronaldinho,,,,,,,1,Q19819804,Ronaldo,infobox,Ronaldo de Assis Moreira,soccer,1298-0,2.2
4852,Where did Ellar Coltrane born?,Q16728806,Ellar Coltrane,,,,,,,1,Q16559,Austin,kb,Austin,movies,1642-1,2.2
1327,When did James Franco born?,Q306403,James Franco,,,,,,,1,1978-04-19T00:00:00Z,19 April 1978,kb,19 April 1978,movies,442-1,2.2
2969,Author of The Scarlet Letter?,Q907568,The Scarlet Letter,,,,,,,1,Q69339,Nathaniel Hawthorne,kb,Nathaniel Hawthorne,books,1010-0,2.2
803,When was the Maracanazo played?,Q754483,Uruguay v Brazil 1950,,,,,,,1,1950-07-16T00:00:00Z,16 July 1950,kb,16 July 1950,soccer,268-0,2.2
3086,Where did Robert Lewandowski born?,Q151269,Robert Lewandowski,,,,,,,1,Q270,Warsaw,kb,Warsaw,soccer,1048-3,2.2
597,Where did Thomas Müller born?,Q43666,Thomas M\u00FCller,,,,,,,1,Q535674,Weilheim in Oberbayern,text,Weilheim in Oberbayern,soccer,198-4,2.2
2548,which citizenship  Cristiano Ronaldo have?,Q11571,Cristiano Ronaldo,,,,,,,1,Q45,Portugal,infobox,Portugal,soccer,858-1,2.2
4524,Who wrote The Goodbye Girl?,Q679746,The Goodbye Girl,,,,,,,1,Q315808,Neil Simon,infobox,Neil Simon,movies,1532-1,2.2
4902,Which award nominated for Neymer?,Q142794,Neymar,,,,,,,1,Q680221,Laureus World Sports Award for Breakthrough of the Year,kb,Laureus World Sports Award for Breakthrough of the Year,soccer,1658-2,2.2
25,Where was Paul Pogba born?,Q129027,Paul Pogba,,,,,,,1,Q9155,Lagny-sur-Marne,infobox,Lagny-sur-Marne,soccer,8-1,2.2
206,Where was Kylian Mbappé born?,Q21621995,Kylian Mbapp\u00E9,,,,,,,1,Q204622,19th arrondissement of Paris,kb,19th arrondissement of Paris,soccer,68-2,2.2
3442,What college did he attend?,Q2865008,Arthur Blank,,,,,,,1,Q650167,Babson College,infobox,Babson College,soccer,1168-2,2.2
3355,What is Bruno Fernandes' height?,Q4979316,Bruno Fernandes,,,,,,,1,179 centimetre,179 centimetre,infobox,179 centimetre,soccer,1139-0,2.2
419,Home field of Portland Timbers?,Q1031200,Portland Timbers,,,,,,,1,Q262291,Providence Park,infobox,https://www.Q262291,soccer,139-0,2.2
4526,Who directed The Goodbye Girl?,Q679746,The Goodbye Girl,,,,,,,1,Q495813,Richard Benjamin,infobox,Richard Benjamin,movies,1532-3,2.2
2205,How tall is Harry Styles?,Q3626966,Harry Styles,,,,,,,1,1.83 metre,1.83 metre,kb,1.83 metre,music,734-4,2.2
1973,What is Neymar full name?,Q142794,Neymar,,,,,,,1,Q142794,Neymar,kb,Neymar da Silva Santos Júnior,soccer,658-0,2.2
1604,Where is Warner Records headquartered?,Q67030918,Warner Records Inc.,,,,,,,1,Q65,Los Angeles,infobox,Los Angeles,music,534-3,2.2
3768,which citizenship Mohamed Salah have?,Q1354960,Mohamed Salah,,,,,,,1,Q79,Egypt,infobox,Egypt,soccer,1278-1,2.2
2561,Where was Carly Simon born?,Q181683,Carly Simon,,,,,,,1,Q18426,The Bronx,kb,The Bronx,music,864-0,2.2
3437,What company owns the network?,Q154958,Nickelodeon,,,,,,,1,Q76846862,ViacomCBS,text,ViacomCBS,tvseries,1166-3,2.2
927,Where did Josep Guardiola born?,Q164038,Pep Guardiola,,,,,,,1,Q16736,Santpedor,infobox,Santpedor,soccer,308-4,2.2
1162,When did Grange Hill end?,Q5595658,Grange Hill,,,,,,,1,2008-01-01T00:00:00Z,2008,text,2008,tvseries,386-4,2.2
4278,Where did Luka Modrić born?,Q483837,Luka Modri\u0107,,,,,,,1,Q3370,Zadar,text,Zadar,soccer,1448-4,2.2
2769,When was Macaulay Culkin born?,Q103578,Macaulay Culkin,,,,,,,1,1980-08-26T00:00:00Z,26 August 1980,kb,26 August 1980,movies,942-3,2.2
4082,Notable work of Sebastián Cordero?,Q1377059,Sebasti\u00E1n Cordero,,,,,,,1,Q3420034,"Ratas, Ratones, Rateros",kb,"Ratas, Ratones, Rateros",movies,1382-4,2.2
11,director of the film Encanto?,Q103372692,Encanto,,,,,,,1,Q20995253,Jared Bush,table,Jared Bush,movies,3-0,2.2
4457,What is Antoine Griezmann height?,Q455462,Antoine Griezmann,,,,,,,1,176 centimetre,176 centimetre,kb,176 centimetre,soccer,1509-0,2.2
615,which award received queen band?,Q15862,Queen,,,,,,,1,Q179191,Rock and Roll Hall of Fame,infobox,Rock and Roll Hall of Fame,music,204-4,2.2
1666,Where was Vanessa Paradis born?,Q51023,Vanessa Paradis,,,,,,,1,Q193313,Saint-Maur-des-Foss\u00E9s,infobox,Saint-Maur-des-Fossés,music,555-0,2.2
2374,when did avatar movie released?,Q24871,Avatar,,,,,,,1,2009-12-18T00:00:00Z,18 December 2009,kb,18 December 2009,movies,792-1,2.2
990,When was Watership Down published?,Q936801,Watership Down,,,,,,,1,Q7064669,November 1972,kb,November 1972,books,330-1,2.2
3816,When was Louis Armstrong born?,Q1779,Louis Armstrong,,,,,,,1,1901-08-04T00:00:00Z,4 August 1901,infobox,4 August 1901,music,1294-1,2.2
4759,Where did Exodus take place?,Q1384109,Exodus,,,,,,,1,Q5200532,Cyprus internment camps,text,Cyprus internment camp,books,1610-4,2.2
697,Who directed the movie Oblivion?,Q638544,Oblivion,,,,,,,1,Q2444076,Joseph Kosinski,kb,Joseph Kosinski,movies,232-2,2.2
358,Where did Landon Donovan born?,Q202237,Landon Donovan,,,,,,,1,Q488134,Ontario,text,Ontario,soccer,118-4,2.2
4048,"Author of ""Wuthering Heights"" novel?",Q202975,Wuthering Heights,,,,,,,1,Q80137,Emily Bront\u00EB,kb,Emily Brontë,books,1371-0,2.2
3227,what Network released Mindhunter TV-Series?,Q25340152,Mindhunter,,,,,,,1,Q907311,Netflix,infobox,Netflix,tvseries,1096-0,2.2
2164,Creator of Millennium crime novels?,Q847022,Millennium,,,,,,,1,Q186317,Stieg Larsson,text,Stieg Larsson,books,721-0,2.2
3652,Where did Franz Beckenbauer born?,Q4457,Franz Beckenbauer,,,,,,,1,Q1726,Munich,infobox,Munich,soccer,1238-4,2.2
2375,who directed the avatar movie?,James Cameron,James Cameron,,,,,,,1,Q42574,James Cameron,infobox,https://en.wikipedia.org/wiki/James_Cameron,movies,792-2,2.2
2498,Where was John Prine born?,Q520296,John Prine,,,,,,,1,Q165247,Maywood,infobox,"Maywood, Illinois",music,834-0,2.2
2555,Who directed The Turning Point?,Q451558,The Turning Point,,,,,,,1,Q711415,Herbert Ross,infobox,Herbert Ross,movies,862-0,2.2
526,Selena Gomez held which position?,Q83287,Selena Gomez,,,,,,,1,Q19969187,UNICEF Goodwill Ambassador,table,UNICEF Goodwill Ambassador,music,174-4,2.2
4959,Director of Hellbound tv series?,Q100934044,Hellbound,,,,,,,1,Q19947205,Yeon Sang-ho,kb,Yeon Sang-ho,tvseries,1677-0,2.2
4356,When was Pat Monahan born?,Q2713723,Patrick Monahan,,,,,,,1,1969-02-28T00:00:00Z,28 February 1969,infobox,"February 28, 1969",music,1474-4,2.2
3445,Home team of Mercedes-Benz Stadium?,Q7007552,Mercedes-Benz Stadium,,,,,,,1,Q16836317,Atlanta United FC,infobox,Atlanta United FC,soccer,1169-0,2.2
2670,Publication date of Homeland Elegies?,Q105082070,Homeland Elegies,,,,,,,1,2020-09-15T00:00:00Z,15 September 2020,kb,15 September 2020,books,910-0,2.2
1277,When did the suburbs released?,Q1575638,The Suburbs,,,,,,,1,2010-08-02T00:00:00Z,2 August 2010,kb,2 August 2010,music,425-0,2.2
2818,pele was which team player?,Q12897,Pel\u00E9,,,,,,,1,Q1991022,Pel\u00E9,infobox,Brazil,soccer,958-4,2.2
1806,Who directed the movie Hamlet?,Q898721,Hamlet,,,,,,,1,Q55294,Kenneth Branagh,infobox,Kenneth Branagh,movies,602-1,2.2
659,which language of this story?,Q7751674,The Mirror and the Light,,,,,,,1,Q1860,English,kb,English,books,220-0,2.2
2913,When did Anne Rice die?,Q184785,Anne Rice,,,,,,,1,2021-12-11T00:00:00Z,11 December 2021,kb,11 December 2021,books,990-3,2.2
4501,What is Beck's spouse's name?,Q11901,Beck,,,,,,,1,Q299790,Marissa Ribisi,kb,Marissa Ribisi,music,1524-2,2.2
2331,which country does neymar belongs?,Q142794,Neymar,,,,,,,1,Q142794,Neymar,text,Brazil,soccer,778-0,2.2
514,Who Quotes Little Women's Work?,Q523076,Little Women,,,,,,,1,Q19102846,Love Between Brothers and Sisters,infobox,Love Between Brothers and Sisters,books,170-4,2.2
4589,Who formed the band Euphoria?,Q172367,Euphoria,,,,,,,1,Q3348185,Palash Sen,kb,Palash Sen,music,1554-0,2.2
6470,What was Johann Morgenstern's profession?,Q67149,Johann Karl Simon Morgenstern,,,,,,,1,Q40634,philology,text,Philologist,books,2180-4,2.2
6262,Who directed the film Ant-Man?,Q5901134,Ant-Man,,,,,,,1,Q944763,Peyton Reed,kb,Peyton Reed,movies,2112-0,2.2
6218,What year did ER end?,Q207375,ER,,,,,,,1,2009-01-01T00:00:00Z,2009,infobox,2009,tvseries,2096-4,2.2
6243,Nirvana was founded by who?,Q11649,Nirvana,,,,,,,1,Q8446,Kurt Cobain,text,Kurt Cobain,music,2105-0,2.2
5617,Where was Rob Brydon born?,Q2322261,Rob Brydon,,,,,,,1,Q2477613,Baglan,kb,Baglan,tvseries,1896-2,2.2
6229,What religion inspired the author?,Q160219,Stephenie Meyer,,,,,,,1,Q1097673,Latter Day Saint movement,text,Mormonism,books,2100-3,2.2
5080,Genre of the series ER?,Q207375,ER,,,,,,,1,Q1786567,medical drama,text,medical drama,tvseries,1717-0,2.2
6525,position played by Christian Pulisic?,Q22279773,Christian Pulisic,,,,,,,1,Q193592,midfielder,kb,midfielder,soccer,2199-0,2.2
5801,When was Johan Cruyff born?,Q17163,Johan Cruyff,,,,,,,1,1947-04-25T00:00:00Z,25 April 1947,kb,25 April 1947,soccer,1958-1,2.2
5391,When was George Orwell born?,Q1774606,Motihari,,,,,,,1,1950-01-21T00:00:00Z,21 January 1950,infobox,21 January 1950,books,1820-4,2.2
5850,When was Britney Spears born?,Q11975,Britney Spears,,,,,,,1,1981-12-02T00:00:00Z,2 December 1981,kb,2 December 1981,music,1974-2,2.2
5272,Publisher of the book Lolita?,Q127149,Lolita,,,,,,,1,Q532567,Olympia Press,kb,Olympia Press,books,1781-0,2.2
6522,Where did Christian Pulisic born?,Q22279773,Christian Pulisic,,,,,,,1,Q868666,Hershey,infobox,Hershey,soccer,2198-2,2.2
5727,director of the flim Minions?,Q13619743,Minions,,,,,,,1,Q3384479,Pierre Coffin,infobox,Pierre Coffin,movies,1933-0,2.2
6575,When was Ming-Na Wen born?,Q254205,Ming-Na Wen,,,,,,,1,1963-11-20T00:00:00Z,20 November 1963,kb,20 November 1963,tvseries,2216-1,2.2
5573,Who directed The King's Speech?,Q160060,The King's Speech,,,,,,,1,Q295912,Tom Hooper,infobox,Tom Hooper,movies,1882-0,2.2
5126,What year was Rocky released?,Q188652,Rocky,,,,,,,1,1976-01-01T00:00:00Z,1976,infobox,1976,movies,1732-3,2.2
5322,Where was Andrés Iniesta born?,Q43729,Andr\u00E9s Iniesta,,,,,,,1,Q389171,Fuentealbilla,text,Fuentealbilla,soccer,1798-1,2.2
5328,When did it come out?,Q643263,Sense and Sensibility,,,,,,,1,1996-03-07T00:00:00Z,7 March 1996,kb,7 March 1996,books,1800-1,2.2
6355,Who distributes the movie Eternals?,Q23894629,Eternals,,,,,,,1,Q1323594,Walt Disney Studios Motion Pictures,kb,Walt Disney Studios Motion Pictures,movies,2142-3,2.2
5332,Author of Sense and Sensibility?,Q643263,Sense and Sensibility,,,,,,,1,Q168724,Emma Thompson,infobox,Emma Thompson,books,1801-0,2.2
5613,Where was Sharon Osbourne born?,Q1806985,Sharon Osbourne,,,,,,,1,Q146690,Brixton,kb,Brixton,music,1894-4,2.2
5372,Is Heidi Klum a supermodel?,Q60036,Heidi Klum,,,,,,,1,Yes,Yes,text,Yes,music,1814-3,2.2
6543,When did the Tapestry released?,Q411032,Tapestry,,,,,,,1,1971-02-10T00:00:00Z,10 February 1971,kb,10 February 1971,music,2205-0,2.2
5733,Type of voice has Beyoncé?,Q36153,Beyonc\u00E9,,,,,,,1,Q186506,Mezzo-soprano,text,mezzo-soprano,music,1935-0,2.2
6000,What was America's first album?,Q463081,America,,,,,,,1,Q126852,America,text,America,music,2024-2,2.2
5082,which handedness did pele have?,Q12897,Pel\u00E9,,,,,,,1,Q789447,left-handedness,kb,left-handedness,soccer,1718-1,2.2
5133,What was the Beatles' nickname?,Q1299,The Beatles,,,,,,,1,Q1299,The Beatles,text,Fab Four,music,1734-4,2.2
6585,Which squad won Euro 2020?,Q373501,UEFA Euro 2020,,,,,,,1,Q676899,Italy national association football team,kb,Italy national association football team,soccer,2219-0,2.2
5731,What is nominated for Beyoncé?,Q36153,Beyonc\u00E9,,,,,,,1,Q19858055,Artist of the Year,text,Artist of the Year,music,1934-3,2.2
6421,When was Billboard magazine founded?,Q485240,Billboard,,,,,,,1,1894-11-01T00:00:00Z,1 November 1894,infobox,01 November 1894,music,2164-3,2.2
5685,Where did Luis Suárez born?,Q26517,Luis Su\u00E1rez,,,,,,,1,Q335506,Salto,text,Salto,soccer,1918-4,2.2
5829,Who developed the Deadly Class?,Q52096005,Deadly Class,,,,,,,1,"Rick Remender, Miles Orion Feldsott","Rick Remender, Miles Orion Feldsott",infobox,"Rick Remender, Miles Orion Feldsott",tvseries,1967-0,2.2
6134,Which is capital of Netherlands?,Q55,Netherlands,,,,,,,1,Q727,Amsterdam,kb,Amsterdam,soccer,2068-4,2.2
5442,What is Cafu's birth name?,Q178683,Cafu,,,,,,,1,Marcos Evangelista de Morais,Marcos Evangelista de Morais,kb,Marcos Evangelista de Morais,soccer,1838-1,2.2
5314,Location of the Bob Dylan?,Q30,United States of America,,,,,,,1,Q392,Bob Dylan,kb,United States of America,music,1795-0,2.2
6043,Where did Daniel Passarella born?,Q15802,Daniel Passarella,,,,,,,1,Q2755081,"Chacabuco, Buenos Aires",infobox,"Chacabuco, Buenos Aires",soccer,2038-3,2.2
5624,Where was Philipp Lahm born?,Q43682,Philipp Lahm,,,,,,,1,Q1726,Munich,kb,Munich,soccer,1898-3,2.2
6238,Who founded the band Nirvana?,Q11649,Nirvana,,,,,,,1,Q8446,Kurt Cobain,text,Kurt Cobain,music,2104-0,2.2
6208,Who did the song Macarena?,Q1149738,Macarena,,,,,,,1,Q170252,Los del R\u00EDo,text,Los del Río,music,2094-0,2.2
5839,Where was Herman Melville born?,Q4985,Herman Melville,,,,,,,1,Q11299,Manhattan,text,Manhattan,books,1970-3,2.2
6062,Where does Ali Hewson live?,Q777287,Ali Hewson,,,,,,,1,Q2435120,Killiney,kb,Killiney,music,2044-4,2.2
4989,TV series Lucifer developed by?,Q19520525,Lucifer,,,,,,,1,Q541899,Tom Kapinos,infobox,Tom Kapinos,tvseries,1687-0,2.2
5837,Who wrote the novel Moby-Dick?,Q174596,Moby-Dick,,,,,,,1,Q4985,Herman Melville,infobox,Herman Melville,books,1970-1,2.2
6562,Who played Gilda in Gilda?,Q382307,Gilda,,,,,,,1,Q42745,Rita Hayworth,text,Rita Hayworth,movies,2212-0,2.2
5033,When was Robert Altman born?,Q55163,Robert Altman,,,,,,,1,1925-02-20T00:00:00Z,20 February 1925,infobox,20 February 1925,movies,1702-1,2.2
5638,Who wrote the movie Togo?,Q58814567,Togo,,,,,,,1,Q7815818,Tom Flynn,infobox,Tom Flynn,movies,1903-0,2.2
6603,Elton John plays what insturment?,Q2808,Elton John,,,,,,,1,Q5994,piano,text,piano,music,2225-0,2.2
5797,Where was Seth McFarlane born?,Q188492,Seth MacFarlane,,,,,,,1,Q1739029,Kent,kb,Kent,tvseries,1956-3,2.2
4977,Article 15 is directed by?,Q62073524,Article 15,,,,,,,1,Q4777707,Anubhav Sinha,kb,Anubhav Sinha,movies,1683-0,2.2
6488,When is Ben Affleck's birthday?,Q483118,Ben Affleck,,,,,,,1,1972-08-15T00:00:00Z,15 August 1972,infobox,15 August 1972,tvseries,2186-4,2.2
5452,Who translated the book 2666?,Q219437,2666,,,,,,,1,Q6968513,Natasha Wimmer,infobox,Natasha Wimmer,books,1841-0,2.2
5857,When was John Cleese born?,Q25014,John Cleese,,,,,,,1,1939-10-27T00:00:00Z,27 October 1939,kb,27 October 1939,tvseries,1976-3,2.2
5694,When did Paul walker die?,Q213864,Paul Walker,,,,,,,1,2013-11-30T00:00:00Z,30 November 2013,text,30 November 2013,movies,1922-1,2.2
6376,who published To the Lighthouse?,Q478016,To the Lighthouse,,,,,,,1,Q1623362,Hogarth Press,kb,Hogarth Press,books,2150-0,2.2
5722,Who directs the flim Minions?,Q13619743,Minions,,,,,,,1,Q3384479,Pierre Coffin,infobox,Pierre Coffin,movies,1932-0,2.2
5355,When was Sergio Busquets born?,Q49704,Sergio Busquets,,,,,,,1,Q12258,Sabadell,infobox,Sabadell,soccer,1808-4,2.2
6281,How tall is Ali Dia?,Q742136,Ali Dia,,,,,,,1,5 ft 10 in,5 ft 10 in,infobox,5 ft 10 in,soccer,2118-1,2.2
5170,TV series Cursed created by?,Q55608702,Cursed,,,,,,,1,Q207676,Frank Miller,infobox,Frank Miller;Tom Wheeler,tvseries,1747-0,2.2
5197,Which place of Toby Stephens?,Q40103,Toby Stephens,,,,,,,1,Q25201358,London,kb,London,tvseries,1756-2,2.2
5125,Where did Rocky take place?,Q188652,Rocky,,,,,,,1,Q1345,Philadelphia,text,Philadelphia,movies,1732-2,2.2
6563,When was Rita Hayworth born?,Q42745,Rita Hayworth,,,,,,,1,1918-10-17T00:00:00Z,17 October 1918,kb,17 October 1918,movies,2212-1,2.2
6387,screenwriter for movie American Gangster?,Q270351,American Gangster,,,,,,,1,Q291141,Steven Zaillian,kb,Steven Zaillian,movies,2153-0,2.2
6068,Where was Ed Westwick born?,Q297198,Ed Westwick,,,,,,,1,1987-06-27T00:00:00Z,27 June 1987,kb,27 June 1987,tvseries,2046-4,2.2
5438,Where was Jerry Seinfeld born?,Q215506,Jerry Seinfeld,,,,,,,1,Q18419,Brooklyn,kb,Brooklyn,tvseries,1836-3,2.2
6353,Who directs the movie Eternals?,Q21078321,Chlo\u00E9 Zhao,,,,,,,1,Q23894629,Eternals,infobox,Chloé Zhao,movies,2142-1,2.2
6442,highest grossing film in 1994?,Q753345,1994 in film,,,,,,,1,Q36479,The Lion King,text,The Lion King,movies,2172-0,2.2
6031,Where did Mstislav Rostropovich born?,Q152043,Mstislav Rostropovich,,,,,,,1,Q9248,Baku,text,Baku,music,2034-3,2.2
5055,When did the Bundesliga start?,Q82595,Bundesliga,,,,,,,1,1963-08-24T00:00:00Z,24 August 1963,infobox,24 August 1963,soccer,1709-0,2.2
5844,Where was Vivien Leigh born?,Q129429,Vivien Leigh,,,,,,,1,Q169997,Darjeeling,kb,Darjeeling,movies,1972-2,2.2
6464,What is Helen Svedin's occupation?,Q446037,Helen Svedin,,,,,,,1,Q4610556,model,kb,model,soccer,2178-4,2.2
5208,Where did Fyodor Dostoyevsky die?,Q991,Fyodor Dostoyevsky,,,,,,,1,Q656,Saint Petersburg,kb,Saint Petersburg,books,1760-1,2.2
6112,Who directed the movie Darling?,Q108765481,Darling,,,,,,,1,Sameer Asha Patil,Sameer Asha Patil,infobox,Sameer Asha Patil,movies,2062-0,2.2
5142,Where was Álvaro Morata born?,Q48770,\u00C1lvaro Morata,,,,,,,1,Q2807,Madrid,text,"Madrid, Spain",soccer,1738-1,2.2
5394,When did Danny Aiello die?,Q299314,Danny Aiello,,,,,,,1,2019-12-12T00:00:00Z,12 December 2019,text,12 December 2019,movies,1822-1,2.2
6047,When was the writer born?,Q39212,John Steinbeck,,,,,,,1,1902-02-27T00:00:00Z,27 February 1902,kb,27 February 1902,books,2040-1,2.2
5184,When did Vera Farmiga born?,Q264840,Vera Farmiga,,,,,,,1,1973-08-06T00:00:00Z,6 August 1973,kb,6 August 1973,movies,1752-1,2.2
5181,When was Diana Gabaldon born,Q272492,Diana Gabaldon,,,,,,,1,1952-01-11T00:00:00Z,11 January 1952,kb,11 January 1952,books,1750-4,2.2
6123,When did the wall released?,Q151114,The Wall,,,,,,,1,1979-11-30T00:00:00Z,30 November 1979,text,30 November 1979,music,2065-0,2.2
5094,When did Judy Garland die?,Q11637,Judy Garland,,,,,,,1,1969-06-22T00:00:00Z,22 June 1969,kb,22 June 1969,movies,1722-1,2.2
6513,instrument played by Selena Gomez?,Q83287,Selena Gomez,,,,,,,1,Q17172850,voice,text,voice,music,2195-0,2.2
5429,When was Elvis Presley born?,Q303,Elvis Presley,,,,,,,1,1935-01-08T00:00:00Z,8 January 1935,text,8 January 1935,music,1834-0,2.2
5732,Where did Beyoncé born on?,Q36153,Beyonc\u00E9,,,,,,,1,Q16555,Houston,infobox,Houston,music,1934-4,2.2
5087,Who wrote the novel Dune?,Q190192,Dune,,,,,,,1,Q7934,Frank Herbert,infobox,Frank Herbert,books,1720-0,2.2
6254,Who is David Beckham spouse?,Q10520,David Beckham,,,,,,,1,Q19810,Victoria Beckham,kb,Victoria Beckham,soccer,2108-4,2.2
5903,When did Cory Monteith die?,Q296484,Cory Monteith,,,,,,,1,2013-07-13T00:00:00Z,13 July 2013,text,13 July 2013,movies,1992-1,2.2
5215,When was Sylvester Stallone born?,Q40026,Sylvester Stallone,,,,,,,1,1946-07-06T00:00:00Z,6 July 1946,kb,6 July 1946,movies,1762-2,2.2
6512,Where did Selena Gomez born?,Q83287,Selena Gomez,,,,,,,1,Q51694,Grand Prairie,infobox,Grand Prairie,music,2194-4,2.2
6033,Genre played by Mstislav Rostropovich?,Q152043,Mstislav Rostropovich,,,,,,,1,Q9730,western classical music,kb,classical music,music,2035-0,2.2
5769,what genre of dark series?,Q28443710,Dark,,,,,,,1,Q336059,science fiction television series,kb,"Science fiction ,Thriller ,Mystery ,Tragedy",tvseries,1947-0,2.2
5327,Who wrote Sense and Sensibility?,Q643263,Sense and Sensibility,,,,,,,1,Q168724,Emma Thompson,infobox,Emma Thompson,books,1800-0,2.2
6055,When was Chloé Zhao born?,Q21078321,Chlo\u00E9 Zhao,,,,,,,1,1982-03-31T00:00:00Z,31 March 1982,kb,31 March 1982,movies,2042-3,2.2
5050,When was the Bundesliga founded?,Q82595,Bundesliga,,,,,,,1,1963-08-24T00:00:00Z,24 August 1963,infobox,24 August 1963,soccer,1708-0,2.2
5214,Where was Sylvester Stallone born?,Q40026,Sylvester Stallone,,,,,,,1,Q840133,Hell's Kitchen,kb,Hell's Kitchen,movies,1762-1,2.2
6056,where was Chloé Zhao born?,Q21078321,Chlo\u00E9 Zhao,,,,,,,1,Q956,Beijing,kb,Beijing,movies,2042-4,2.2
8970,What is Paolo Maldini's birthplace?,Q483027,Paolo Maldini,,,,,,,1,Q490,Milan,infobox,Milan,soccer,2918-9,2.2
8895,Which field Taylor Swift worked?,Q26876,Taylor Swift,,,,,,,1,Q177220,singer,kb,singer,music,2905-0,2.2
9392,What was Homeland based on?,Q23594,Homeland,,,,,,,1,Q2085782,Prisoners of War,kb,Prisoners of War,tvseries,2996-4,2.2
7349,When was Michael Jackson born?,Q2831,Michael Jackson,,,,,,,1,1958-08-29T00:00:00Z,29 August 1958,infobox,29 August 1958,music,2474-2,2.2
9318,Who is Shirley MacLaine's brother?,Q95026,Shirley MacLaine,,,,,,,1,Q95030,Warren Beatty,kb,Warren Beatty,movies,2982-7,2.2
8928,Screenwriter for a troy movie?,Q186587,Troy,,,,,,,1,Q503997,David Benioff,kb,David Benioff,movies,2912-0,2.2
8640,When did Bruno Fernandes born?,Q4979316,Bruno Fernandes,,,,,,,1,1994-09-08T00:00:00Z,8 September 1994,kb,8 September 1994,soccer,2858-8,2.2
8893,Where did Taylor Swift born?,Q26876,Taylor Swift,,,,,,,1,Q528626,West Reading,infobox,West Reading,music,2904-8,2.2
8458,when did Katee Sackhoff born?,Q230335,Katee Sackhoff,,,,,,,1,1980-04-08T00:00:00Z,8 April 1980,kb,8 April 1980,tvseries,2826-1,2.2
8912,Where did Diego Maradona death?,Q17515,Diego Maradona,,,,,,,1,Q2463131,Q2463131,text,Dique Luján,soccer,2908-5,2.2
8430,When did Stephen King born?,Q39829,Stephen King,,,,,,,1,1947-09-21T00:00:00Z,21 September 1947,kb,21 September 1947,books,2820-6,2.2
6804,Who directs the movie alive?,Q96631538,Cho Il-hyeong,,,,,,,1,Q85740993,#Alive,kb,Cho Il-hyeong,movies,2292-2,2.2
7660,Where was Diego Maradona born?,Q1622565,Lan\u00FAs,,,,,,,1,Q17515,Diego Maradona,kb,Lanús,soccer,2578-1,2.2
8604,How did Irrfan Khan died?,Q360927,Irrfan Khan,,,,,,,1,Q1981276,neuroendocrine tumor,kb,neuroendocrine tumor,movies,2852-5,2.2
6987,What year did Metallica form?,Q15920,Metallica,,,,,,,1,1981-01-01T00:00:00Z,1981,kb,1981,music,2354-0,2.2
8519,Who was The WB's founder?,Q844972,The WB,,,,,,,1,Q6147052,Jamie Kellner,infobox,Jamie Kellner,tvseries,2836-7,2.2
7676,Release year of movie Deadpool?,Q19347291,Deadpool,,,,,,,1,2016-01-01T00:00:00Z,2016,kb,2016,movies,2583-0,2.2
8330,When was Patrick Stewart born?,Q16296,Patrick Stewart,,,,,,,1,1940-07-13T00:00:00Z,13 July 1940,kb,13 July 1940,movies,2802-5,2.2
9175,What year did M*A*S*H end?,Q494244,M*A*S*H,,,,,,,1,1983-01-01T00:00:00Z,1983,text,1983,tvseries,2956-6,2.2
8010,Where did Yoko Kanno born?,Q224981,Yoko Kanno,,,,,,,1,Q46747,Sendai,text,Sendai,music,2694-3,2.2
8596,when was Cassandra Clare born?,Q235364,Cassandra Clare,,,,,,,1,1973-07-27T00:00:00Z,27 July 1973,kb,27 July 1973,books,2850-8,2.2
8064,Who directed the film Commando?,Q16246456,Commando,,,,,,,1,Q55639584,Dilip Ghosh,infobox,Dilip Ghosh,movies,2712-3,2.2
8328,When was Virginia Madsen born?,Q229784,Virginia Madsen,,,,,,,1,1961-09-11T00:00:00Z,11 September 1961,kb,11 September 1961,movies,2802-3,2.2
9199,What country is Forks in?,Q226013,Forks,,,,,,,1,Q30,United States,kb,United States of America,books,2960-9,2.2
9193,What actress portrayed Bella Swan?,Q223757,Bella Swan,,,,,,,1,Q126599,Kristen Stewart,kb,Kristen Stewart,books,2960-3,2.2
8584,What is Brooklyn Beckham's occupation?,Q17410449,Brooklyn Beckham,,,,,,,1,Q27894565,Model,infobox,Model;Photographer,soccer,2848-7,2.2
8114,inception year of Austin FC?,Q60643348,Austin FC,,,,,,,1,2018-01-01T00:00:00Z,2018,text,2018,soccer,2729-0,2.2
8534,Who wrote the Twilight series?,Q189378,Twilight,,,,,,,1,Q160219,Stephenie Meyer,text,Stephenie Meyer,books,2840-0,2.2
7197,Pink Floyd was formed where?,Q191527,Edward Cullen,,,,,,,1,Q191527,Edward Cullen,text,London,music,2424-0,2.2
8785,Who released the album Wishmaster?,Q473274,Wishmaster,,,,,,,1,Q43510,Nightwish,text,Nightwish,music,2885-0,2.2
7762,When did Christopher Nolan born?,Q25191,Christopher Nolan,,,,,,,1,1970-07-30T00:00:00Z,30 July 1970,kb,30 July 1970,movies,2612-1,2.2
8969,What is Paolo Maldini's surname?,Q483027,Paolo Maldini,,,,,,,1,Q99981505,Q99981505,table,Maldini,soccer,2918-8,2.2
6992,What was Metallica's formation year?,Q15920,Metallica,,,,,,,1,1981-01-01T00:00:00Z,1981,kb,1981,music,2355-0,2.2
7707,Where was Tony Bennett born?,Q296729,Tony Bennett,,,,,,,1,Q60,New York City,infobox,New York City,music,2594-0,2.2
7374,Who distributed the avatar movie?,Q1097348,InterCom,,,,,,,1,Q54958752,Disney+,kb,Disney+,movies,2482-3,2.2
8436,When did Ellar Coltrane born?,Q16728806,Ellar Coltrane,,,,,,,1,1994-08-27T00:00:00Z,27 August 1994,kb,27 August 1994,movies,2822-1,2.2
7577,When was John Grisham born?,Q106465,John Grisham,,,,,,,1,1955-02-08T00:00:00Z,8 February 1955,kb,8 February 1955,books,2550-2,2.2
9038,What is James Cameron's birthdate?,Q42574,James Cameron,,,,,,,1,1954-08-16T00:00:00Z,"August 16, 1954",text,"August 16, 1954",movies,2932-2,2.2
7742,Significant event of ABBA Band?,Q108717288,ABBA reunion,,,,,,,1,Q18233,ABBA,kb,ABBA reunion,music,2605-0,2.2
8271,What band wrote Hotel California?,Q780394,Hotel California,,,,,,,1,Q189635,Eagles,text,Eagles,music,2785-0,2.2
9167,Was Rainbow formed in 1975?,Q16005,Rainbow,,,,,,,1,Yes,Yes,text,Yes,music,2954-9,2.2
8440,when did Boyhood movie released?,Q4103201,Boyhood,,,,,,,1,2014-01-19T00:00:00Z,19 January 2014,kb,19 January 2014,movies,2822-5,2.2
7597,What is Matthew McConaughey's religion?,Q188955,Matthew McConaughey,,,,,,,1,Q5043,Christianity,kb,Christianity,tvseries,2556-4,2.2
7766,Who directed the movie Inception?,Q25188,Inception,,,,,,,1,Q25191,Christopher Nolan,kb,Christopher Nolan,movies,2613-0,2.2
6931,Where did Teodor Currentzis born?,Q536185,Theodoros Currentzis,,,,,,,1,Q1524,Athens,text,Athens,music,2334-3,2.2
8046,When was Newsday first founded?,Q1140593,Newsday,,,,,,,1,1940-09-03T00:00:00Z,3 September 1940,infobox,03 September 1940,tvseries,2706-3,2.2
9401,Home venue of Barnsley F.C.?,Q19442,Barnsley F.C.,,,,,,,1,Q1138270,Oakwell,infobox,Oakwell,soccer,2998-2,2.2
8319,When was Catching Fire published?,Q837140,Catching Fire,,,,,,,1,2009-09-01T00:00:00Z,1 September 2009,kb,1 September 2009,books,2800-5,2.2
9361,What is Enid Blyton's pseudonym?,Q192069,Enid Blyton,,,,,,,1,Q76079589,Mary Pollock,kb,Mary Pollock,books,2990-6,2.2
9057,What band sings Closing Time?,Q5135443,Closing Time,,,,,,,1,1998-03-10T00:00:00Z,"March 10, 1998",text,Semisonic,music,2935-0,2.2
7739,What nominated for  ABBA Band??,Q18233,ABBA,,,,,,,1,Q60774799,Brit Award for International Album,kb,Brit Award for International Album,music,2604-2,2.2
8579,Who is David Beckham's wife?,Q10520,David Beckham,,,,,,,1,Q19810,Victoria Beckham,kb,Victoria Beckham,soccer,2848-1,2.2
7360,When was Lionel Messi born?,Q615,Lionel Messi,,,,,,,1,1987-06-24T00:00:00Z,24 June 1987,kb,24 June 1987,soccer,2478-1,2.2
8149,Where did Gigliola Cinquetti born?,Q229295,Gigliola Cinquetti,,,,,,,1,Q2028,Verona,infobox,Verona,music,2744-3,2.2
8667,"What label released ""Bryan Adams?""",Q776068,Bryan Adams,,,,,,,1,Q277626,A&M Records,infobox,A&M Records,music,2864-2,2.2
8685,"Who created ""The Twilight Zone?""",Q742103,The Twilight Zone,,,,,,,1,Q435920,Rod Serling,text,Rod Serling,tvseries,2866-9,2.2
7569,Which year Liverpool team founded?,Q1130849,Liverpool F.C.,,,,,,,1,1892-01-01T00:00:00Z,1892,kb,1892,soccer,2548-1,2.2
8845,When was Peter Graves born?,Q156532,Peter Graves,,,,,,,1,1926-03-18T00:00:00Z,18 March 1926,infobox,18 March 1926,tvseries,2896-4,2.2
7698,What company published Maisie Dobbs?,Q6736997,Maisie Dobbs,,,,,,,1,Q7554766,Soho Press,kb,Soho Press,books,2590-3,2.2
8160,Where did  Nuno Gomes born?,Q193568,Nuno Gomes,,,,,,,1,Q454875,Amarante,infobox,Amarante,soccer,2748-2,2.2
9033,Where did Anne Rice die?,Q184785,Anne Rice,,,,,,,1,Q506446,Rancho Mirage,infobox,Rancho Mirage,books,2930-8,2.2
8578,When was David Beckham born?,Q10520,David Beckham,,,,,,,1,1975-05-02T00:00:00Z,2 May 1975,kb,2 May 1975,soccer,2848-0,2.2
8279,What year was Pelé born?,Q12897,Pel\u00E9,,,,,,,1,1940-01-01T00:00:00Z,1940,text,1940,soccer,2788-1,2.2
7210,Where was Zinedine Zidane born?,Q23482,Marseille,,,,,,,1,Q23482,Marseille,kb,Marseille,soccer,2428-1,2.2
6943,Where did Andrey Arshavin born?,Q47230,Andrei Arshavin,,,,,,,1,Q656,Saint Petersburg,text,Saint Petersburg,soccer,2338-3,2.2
9035,Author of the Vampire Chronicles,Q840516,The Vampire Chronicles,,,,,,,1,Q184785,Anne Rice,text,Anne Rice,books,2931-0,2.2
7865,When was Aaron Paul born?,Q302491,Aaron Paul,,,,,,,1,1979-01-01T00:00:00Z,1979,infobox,1979,tvseries,2646-2,2.2
8529,Where was Luigi Ridolfi born?,Q3840082,Luigi Ridolfi,,,,,,,1,Q13367,Forl\u00EC,kb,Forlì,soccer,2838-6,2.2
7759,which city Enid Blyton born?,Q192069,Enid Blyton,,,,,,,1,Q3305828,East Dulwich,kb,East Dulwich - England,books,2610-4,2.2
8414,Where did Robert Lewandowski born?,Q151269,Robert Lewandowski,,,,,,,1,Q270,Warsaw,infobox,Warsaw,soccer,2818-1,2.2
7146,When was Xenia Seeberg born?,Q76113,Xenia Seeberg,,,,,,,1,1967-04-04T00:00:00Z,4 April 1967,text,4 April 1967,tvseries,2406-3,2.2
7212,What is Zinedine Zidane's height?,Q1835,Zinedine Zidane,,,,,,,1,185 centimetre,185 centimetre,kb,185 centimetre,soccer,2428-3,2.2
7415,Who directed Mars Tv series?,Q27888038,Mars,,,,,,,1,Q27891742,Everardo Gout,kb,Everardo Gout,tvseries,2496-2,2.2
7652,Director name of The Beatles?,Q1299,The Beatles,,,,,,,1,Q203690,Brian Epstein,kb,Brian Epstein,music,2575-0,2.2
7341,Who directed the movie Braveheart?,Q162729,Braveheart,,,,,,,1,Q42229,Mel Gibson,infobox,Mel Gibson,movies,2472-0,2.2
9025,Who wrote the Vampire Chronicles?,Q840516,The Vampire Chronicles,,,,,,,1,Q184785,Anne Rice,text,Anne Rice,books,2930-0,2.2
9174,Did M*A*S*H end in 1990?,Q494244,M*A*S*H,,,,,,,1,No,No,text,No,tvseries,2956-5,2.2
7178,lead actor of Scam 1992?,Q100709273,Scam 1992: The Harshad Metha story,,,,,,,1,Q20788175,Pratik Gandhi,infobox,Pratik Gandhi,tvseries,2417-0,2.2
8600,When did Suraj Sharma born?,Q327446,Suraj Sharma,,,,,,,1,1993-03-21T00:00:00Z,21 March 1993,kb,21 March 1993,movies,2852-1,2.2
8834,Where was Roland Orzabal born?,Q554025,Roland Orzabal,,,,,,,1,Q72259,Portsmouth,infobox,"Portsmouth, Hampshire",music,2894-4,2.2
6901,When was Axl Rose born?,Q11885,Axl Rose lml,,,,,,,1,1962-02-06T00:00:00Z,6 February 1962,kb,6 February 1962,music,2324-3,2.2
7408,When was Eagles band formed?,Q189635,Eagles,,,,,,,1,1971-01-01T00:00:00Z,1971,kb,1971,music,2494-1,2.2
7471,Is Nirvana a rock group?,Q11649,Nirvana,,,,,,,1,Yes,Yes,kb,Yes,music,2514-4,2.2
8186,Where does Elizabeth Meriwether reside?,Q2314503,Elizabeth Meriwether,,,,,,,1,Q8652,Miami,kb,Miami,tvseries,2756-4,2.2
9042,What is Leonardo dicaprio's birthdate?,Q38111,Leonardo DiCaprio,,,,,,,1,1974-11-11T00:00:00Z,"November 11, 1974",text,"November 11, 1974",movies,2932-6,2.2
8544,Author of the Twilight series?,Q189378,Twilight,,,,,,,1,Q160219,Stephenie Meyer,text,Stephenie Meyer,books,2841-0,2.2
9330,What year was Twoism released?,Q1951695,Twoism,,,,,,,1,1995-01-01T00:00:00Z,1995,kb,1995,music,2984-8,2.2
7972,When did Marilyn Monroe die?,Q4616,Marilyn Monroe,,,,,,,1,1962-08-04T00:00:00Z,4 August 1962,text,4 August 1962,movies,2682-1,2.2
9247,Who wrote the novel Middlesex?,Q1609780,Middlesex,,,,,,,1,Q357108,Jeffrey Eugenides,kb,Jeffrey Eugenides,books,2970-2,2.2
8984,Who directed the movie Panga?,Q61995311,Panga,,,,,,,1,Q28012317,Ashwiny Iyer Tiwari,text,Ashwiny Iyer Tiwari,movies,2922-3,2.2
7312,When did Matthew McConaughey born?,Q188955,Matthew McConaughey,,,,,,,1,1969-11-04T00:00:00Z,4 November 1969,kb,4 November 1969,movies,2462-1,2.2
8766,What year was Youngblood released?,Q661833,Youngblood,,,,,,,1,1986-01-01T00:00:00Z,1986,infobox,1986,movies,2882-2,2.2
8566,Female lead in the Eurythmics?,Q207706,Eurythmics,,,,,,,1,Q151231,Annie Lennox,text,Annie Lennox,music,2845-0,2.2
6926,Who distributed the movie Leviathan?,Q15972383,Leviathan,,,,,,,1,Q28871365,Cirko Film,kb,Cirko Film,movies,2332-4,2.2
8927,Emma was written by whom?,Q223880,Emma,,,,,,,1,Q36322,Jane Austen,infobox,Jane Austen,books,2911-0,2.2
8501,"Who performed the song ""Hook?""",Q17010773,Hook,,,,,,,1,Q886047,Blues Traveler,text,Blues Traveler,music,2834-0,2.2
9214,What was Inna's first album?,Q12349,Inna,,,,,,,1,Q683783,Hot,text,Hot,music,2964-2,2.2
8975,When was Vladimir Nabokov died?,Q36591,Vladimir Nabokov,,,,,,,1,1977-07-02T00:00:00Z,2 July 1977,infobox,2 July 1977,books,2920-4,2.2
8471,When did Sergio Agüero born?,Q119562,Sergio Ag\u00FCero,,,,,,,1,1988-06-02T00:00:00Z,2 June 1988,kb,2 June 1988,soccer,2828-3,2.2
9386,When did Harry Warner die?,Q104161,Harry Warner,,,,,,,1,1958-07-25T00:00:00Z,25 July 1958,text,25 July 1958,music,2994-9,2.2
7907,What book followed Little Women?,Q523076,Little Women,,,,,,,1,Q3902626,Little Men: Life at Plumfield with Jo\u2019s Boys,infobox,Little Men,books,2660-2,2.2
6807,Genre of the movie Alive?,Q85740993,#Alive,,,,,,,1,Q3072049,zombie film,text,zombie film,movies,2293-0,2.2
6785,What year did Leverage end?,Q868835,Leverage,,,,,,,1,2012-01-01T00:00:00Z,2012,kb,2012,tvseries,2286-1,2.2
9032,When did Anne Rice die?,Q184785,Anne Rice,,,,,,,1,2021-11-12T00:00:00Z,12 November 2021,text,12 November 2021,books,2930-7,2.2
6809,Where did Marc Shaiman born?,Q979312,Marc Shaiman,,,,,,,1,Q25395,Newark,infobox,Newark,music,2294-1,2.2
7406,Cinematographer of the movie Avatar?,Q24871,Avatar,,,,,,,1,Q926054,Mauro Fiore,infobox,Mauro Fiore,movies,2493-0,2.2
7260,what country is Rihanna born?,Q36844,Rihanna,,,,,,,1,Q244,Barbados,kb,Barbados,music,2444-3,2.2
6822,where did Paolo Maldini born?,Q483027,Paolo Maldini,,,,,,,1,Q490,Milan,infobox,Milan,soccer,2298-2,2.2
7969,When was Toni Morrison born?,Q72334,Toni Morrison,,,,,,,1,1931-02-18T00:00:00Z,18 February 1931,text,18 February 1931,books,2680-4,2.2
7555,director of The Shawshank Redemption?,Q172241,The Shawshank Redemption,,,,,,,1,Q295445,Frank Darabont,kb,Frank Darabont,movies,2543-0,2.2
8856,What was Gérard Houllier's nationality?,Q295615,G\u00E9rard Houllier,,,,,,,1,Q142,France,text,France,soccer,2898-4,2.2
7211,What is Zinedine Zidane's religion?,Q432,Islam,,,,,,,1,Q432,Islam,kb,Islam,soccer,2428-2,2.2
8432,Who is Stephen King's spouse?,Q39829,Stephen King,,,,,,,1,Q284287,Tabitha King,kb,Tabitha King,books,2820-8,2.2
7612,Where was Keanu Reeves born?,Q43416,Keanu Reeves,,,,,,,1,Q3820,Beirut,kb,Beirut,movies,2562-1,2.2
7993,what type of sport USMNT?,Q164134,United States men's national soccer team,,,,,,,1,Q2736,soccer,text,association football,soccer,2688-4,2.2
7357,Where was Andrew Lincoln born?,Q296843,Andrew Lincoln,,,,,,,1,Q84,London,kb,London,tvseries,2476-4,2.2
8278,What is Pelé birth name?,Q12897,Pel\u00E9,,,,,,,1,Q18697757,Edson,kb,Edson,soccer,2788-0,2.2
9196,Where was Stephenie Meyer born?,Q160219,Stephenie Meyer,,,,,,,1,Q33486,Hartford,kb,Hartford,books,2960-6,2.2
7776,Who produced Squid Game series?,Q106582931,Squid Game,,,,,,,1,Q907311,Netflix,kb,Netflix,tvseries,2616-3,2.2
8533,Home stadium of Torino F.C.?,Q2768,Torino F.C.,,,,,,,1,Q214629,Stadio Olimpico di Torino,text,Stadio Olimpico Grande Torino,soccer,2839-0,2.2
7261,does Rihanna have any awards?,Q36844,Rihanna,,,,,,,1,Yes,Yes,text,Yes,music,2444-4,2.2
7409,In which location Eagles formed?,Q189635,Eagles,,,,,,,1,Q65,Los Angeles,kb,Los Angeles,music,2494-2,2.2
8486,What companies own this railroad?,Q1741628,Kunming\u2013Haiphong railway,,,,,,,1,Q1073489,China Railway,infobox,China Railway; Vietnam Railways,books,2830-7,2.2
7262,Which artist sings Summertime Sadness?,Q951715,Summertime Sadness,,,,,,,1,Q37150,Lana Del Rey,infobox,Lana Del Rey,music,2445-0,2.2
8066,Who wrote the Movie Commando?,Q16246456,Commando,,,,,,,1,Q41586211,Ritesh Shah,kb,Ritesh Shah,movies,2713-0,2.2
7468,Where was Kurt Cobain born?,Q8446,Kurt Cobain,,,,,,,1,Q233808,Aberdeen,kb,Aberdeen,music,2514-1,2.2
8917,Emma was written by who?,Q223880,Emma,,,,,,,1,Q36322,Jane Austen,infobox,Jane Austen,books,2910-0,2.2
8349,Who first broadcast The Expanse?,Q18389644,The Expanse,,,,,,,1,Q276542,Syfy,kb,Syfy,tvseries,2806-2,2.2
7402,When did Mauro Fiore born?,Q926054,Mauro Fiore,,,,,,,1,1964-11-15T00:00:00Z,15 November 1964,kb,15 November 1964,movies,2492-1,2.2
6922,Who directs the movie Leviathan?,Q15972383,Leviathan,,,,,,,1,Q122425,Andrey Zvyagintsev,infobox,Andrey Zvyagintsev,movies,2332-0,2.2
7748,TV Series Titans director name?,Q38542856,Titans,,,,,,,1,Q598238,Brad Anderson,kb,Brad Anderson,tvseries,2607-0,2.2
8191,When was S.L. Benfica formed?,Q131499,S.L. Benfica,,,,,,,1,1904-02-28T00:00:00Z,28 February 1904,kb,28 February 1904,soccer,2758-3,2.2
8450,When did Pete Wentz born?,Q310166,Pete Wentz,,,,,,,1,1979-06-05T00:00:00Z,5 June 1979,kb,5 June 1979,music,2824-4,2.2
7758,when was Enid Blyton died?,Q1134354,The Famous Five,,,,,,,1,1968-11-28T00:00:00Z,28 November 1968,kb,28 November 1968,books,2610-3,2.2
8180,When was Jack Daugherty born?,Q6112019,Jack Daugherty,,,,,,,1,1930-08-13T00:00:00Z,13 August 1930,kb,13 August 1930,music,2754-4,2.2
7397,Who wrote Millennium novel series?,Q847022,Millennium,,,,,,,1,Q186317,Stieg Larsson,kb,"Stieg Larsson, David Lagercrantz",books,2490-2,2.2
7827,third album of Arcade Fire?,Q58608,Arcade Fire,,,,,,,1,Q1630983,Neon Bible,text,Neon Bible,music,2634-0,2.2
9213,What country is Inna from?,Q12349,Inna,,,,,,,1,Q218,Romania,kb,Romania,music,2964-1,2.2
9279,Who created TV series See?,Q55632795,See,,,,,,,1,Q1337354,Steven Knight,infobox,Steven Knight,tvseries,2976-1,2.2
9030,Where was Anne Rice born?,Q184785,Anne Rice,,,,,,,1,Q34404,New Orleans,table,New Orleans,books,2930-5,2.2
8770,Who directed St. Elmo's Fire?,Q1406821,St. Elmo's Fire,,,,,,,1,Q295207,Joel Schumacher,text,Joel Schumacher,movies,2882-6,2.2
7308,When was Carl Sagan born?,Q410,Carl Sagan,,,,,,,1,1934-11-09T00:00:00Z,9 November 1934,kb,9 November 1934,books,2460-3,2.2
9212,What year was Inna born?,Q12349,Inna,,,,,,,1,1986-01-01T00:00:00Z,1986,kb,1986,music,2964-0,2.2
7558,Number of worldwide records sold?,Q34086,Justin Bieber,,,,,,,1,Over 150 million,Over 150 million,text,Over 150 million,music,2544-2,2.2
8302,Who created Game of Thrones?,Q23572,Game of Thrones,,,,,,,1,Q1151388,D. B. Weiss,kb,David Benioff and D. B. Weiss,tvseries,2796-0,2.2
6885,Where Jan Oblak was born?,Q2058682,Jan Oblak,,,,,,,1,Q15922,\u0160kofja Loka,text,Škofja Loka,soccer,2319-0,2.2
7556,When did Justin Bieber born?,Q34086,Justin Bieber,,,,,,,1,1994-03-01T00:00:00Z,1 March 1994,kb,1 March 1994,music,2544-0,2.2
9085,When did Dr. Seuss die?,Q298685,Dr. Seuss,,,,,,,1,1991-09-24T00:00:00Z,"September 24, 1991",text,"September 24, 1991",books,2940-4,2.2
7251,Who directed the movie Titanic?,Q44578,Titanic,,,,,,,1,Q42574,James Cameron,kb,James Cameron,movies,2442-0,2.2
7741,Who founded by ABBA Band?,Q10430687,Benny Andersson & Bj\u00F6rn Ulvaeus,,,,,,,1,Q18233,ABBA,kb,Benny Andersson & Björn Ulvaeus,music,2604-4,2.2
7144,When was Eva Habermann born?,Q66742,Eva Habermann,,,,,,,1,1976-01-16T00:00:00Z,16 January 1976,kb,16 January 1976,tvseries,2406-1,2.2
8974,Who wrote the novel Lolita?,Q127149,Lolita,,,,,,,1,Q36591,Vladimir Nabokov,text,Vladimir Nabokov,books,2920-2,2.2
7129,When did Frank Herbert die?,Q7934,Frank Herbert,,,,,,,1,1986-02-11T00:00:00Z,11 February 1986,kb,11 February 1986,books,2400-4,2.2
8911,Where did Diego Maradona born?,Q17515,Diego Maradona,,,,,,,1,Q1622565,Lan\u00FAs,infobox,Lanús,soccer,2908-4,2.2
9031,When was Anne Rice born?,Q184785,Anne Rice,,,,,,,1,1941-04-10T00:00:00Z,10 April 1941,text,10 April 1941,books,2930-6,2.2
8688,Who was Villa Park's architecht?,Q175339,Villa Park,,,,,,,1,Q344137,Archibald Leitch,kb,Archibald Leitch,soccer,2868-1,2.2
7562,Who is Walter White in,Q1079,Breaking Bad,,,,,,,1,Q23547,Bryan Cranston,kb,Bryan Cranston,tvseries,2546-0,2.2
8023,Where did Kylian Mbappé born?,Q21621995,Kylian Mbapp\u00E9,,,,,,,1,Q204622,19th arrondissement of Paris,kb,19th arrondissement of Paris,soccer,2698-4,2.2
7137,What was Jewel's first album?,Q6189497,Jewel discography,,,,,,,1,Q1814801,Pieces of You,table,Pieces of You,music,2404-0,2.2
6786,Did Leverage get a revival?,Q868835,Leverage,,,,,,,1,Yes,Yes,text,Yes,tvseries,2286-2,2.2
8603,When did Irrfan Khan died?,Q360927,Irrfan Khan,,,,,,,1,2020-04-29T00:00:00Z,29 April 2020,kb,29 April 2020,movies,2852-4,2.2
7855,Who is Mark Wahlberg's wife?,Q164119,Mark Wahlberg,,,,,,,1,Q435055,Rhea Durham,infobox,Rhea Durham,movies,2642-4,2.2
7256,Who was the director Titanic?,Q44578,Titanic,,,,,,,1,Q42574,James Cameron,kb,James Cameron,movies,2443-0,2.2
8661,"Who directed ""The Princess Diaries?""",Q1046295,The Princess Diaries,,,,,,,1,Q315087,Garry Marshall,infobox,Garry Marshall,movies,2862-7,2.2
9240,What country is Fulham in?,Q3367868,Fulham,,,,,,,1,Q145,United Kingdom,kb,United Kingdom,soccer,2968-6,2.2
315,Britney Spears' eye colour?,Q11975,Britney Spears,,,,,,,1,Q17122705,brown,infobox,Brown,music,104-3,1.9
1294,Who published The Chosen?,Q2752989,The Chosen,,,,,,,1,Q1756332,Simon & Schuster,infobox,Simon & Schuster,books,430-4,1.9
2608,Argentina FIFA code name?,https://www.fifa.com/about-fifa/associations/ARG,https://www.fifa.com/about-fifa/associations/ARG,,,,,,,1,Q79800,Argentina national football team,infobox,ARG,soccer,879-0,1.9
2849,Who Wrote Harry Potter?,Q8337,Harry Potter,,,,,,,1,Q34660,J. K. Rowling,kb,J. K. Rowling,books,970-0,1.9
2170,David Lynch's first movie?,Q2071,David Lynch,,,,,,,1,Q11618,Eraserhead,text,Eraserhead,movies,723-0,1.9
875,Who directed The Mummy?,Q202508,The Mummy,,,,,,,1,Q363402,Stephen Sommers,kb,Stephen Sommers,movies,292-0,1.9
2876,Highest league in Barcelona?,Q1492,Barcelona,,,,,,,1,Yes,Yes,text,Yes,soccer,978-2,1.9
2461,"Author of ""It"" novel?",Q602288,It,,,,,,,1,Q39829,Stephen King,infobox,Stephen King,books,821-0,1.9
4430,"Who wrote ""Ulysses"" novel?",Q6511,Ulysses,,,,,,,1,Q6882,James Joyce,kb,James Joyce,books,1500-0,1.9
989,Who wrote Watership Down?,Q936801,Watership Down,,,,,,,1,Q313289,Richard Adams,kb,Richard Adams,books,330-0,1.9
3016,Queen's earliest released single?,Q15862,Queen,,,,,,,1,Q597273,Keep Yourself Alive,text,Keep Yourself Alive,music,1025-0,1.9
220,Spouse of J.k Simmons?,Q150482,J. K. Simmons,,,,,,,1,Q11989309,Michelle Schumacher,text,Michelle Schumacher,movies,72-4,1.9
4594,Band Euphoria formed by?,Q172367,Euphoria,,,,,,,1,Q3348185,Palash Sen,kb,Palash Sen,music,1555-0,1.9
3430,Who mixed this song?,Q86603333,Candy,,,,,,,1,Q16733227,Neal Pogue,text,Neal H Pogue,music,1164-2,1.9
3021,Where was he born?,Q710739,Donald Bellisario,,,,,,,1,Q1131839,Cokeburg,infobox,"Cokeburg, PA",tvseries,1026-4,1.9
4765,Who directed The Wiz?,Q428158,The Wiz,,,,,,,1,Q51559,Sidney Lumet,infobox,Sidney Lumet,movies,1612-4,1.9
995,When was Inception released?,Q25188,Inception,,,,,,,1,2010-07-08T00:00:00Z,8 July 2010,kb,8 July 2010,movies,332-0,1.9
2032,Who composed Teen Wolf?,Q836393,Teen Wolf,,,,,,,1,Q557954,Dino Meneghin,infobox,Dino Meneghin,tvseries,677-0,1.9
2651,Budget of Titanic movie?,Q44578,Titanic,,,,,,,1,$200 million,$200 million,table,$200 million,movies,903-0,1.9
515,Author of Little Women?,Q523076,Little Women,,,,,,,1,Q185696,Louisa May Alcott,infobox,Louisa May Alcott,books,171-0,1.9
4228,Who wrote the screenplay?,Q163038,Psycho,,,,,,,1,Q326681,Joseph Stefano,infobox,Joseph Stefano,movies,1432-1,1.9
3007,Who directed the movie?,Q27204,Live and Let Die,,,,,,,1,Q363653,Guy Hamilton,infobox,Guy Hamilton,movies,1022-2,1.9
2262,Who wrote the song?,Q2282559,Fall Out,,,,,,,1,Q315711,Stewart Copeland,text,Stewart Copeland,music,754-3,1.9
511,When was Little Women?,Q523076,Little Women,,,,,,,1,1869-01-01T00:00:00Z,1869,infobox,1869,books,170-1,1.9
1409,The Hunchback of Notre-Dame,Q191380,The Hunchback of Notre Dame,,,,,,,1,Q535,Victor Hugo,infobox,Victor Hugo,books,470-0,1.9
806,Who lost the Maracanazo?,Q754483,Uruguay v Brazil 1950,,,,,,,1,Q83459,Brazil national football team,kb,Brazil national football team,soccer,268-3,1.9
2229,movie Roohi directed by?,Q64768529,Roohi (2021 film),,,,,,,1,Q35488479,Hardik Mehta,infobox,Hardik Mehta,movies,743-0,1.9
4265,Where did Eminem born?,Q5608,Eminem,,,,,,,1,Q745120,St. Joseph,infobox,St. Joseph,music,1444-3,1.9
3829,Where did Ronaldinho born?,Q39444,Ronaldinho,,,,,,,1,Q40269,Porto Alegre,text,Porto Alegre,soccer,1298-2,1.9
2257,What architect designed it?,Q4811100,Old Astoria City Hall,,,,,,,1,Q5371435,Emil Schacht,infobox,Emil Schacht,movies,752-3,1.9
3714,Who wrote Enola Holmes?,Q65032692,Enola Holmes,,,,,,,1,Q6115483,Jack Thorne,kb,Jack Thorne,books,1260-0,1.9
510,Who wrote Little Women?,Q523076,Little Women,,,,,,,1,Q185696,Louisa May Alcott,infobox,Louisa May Alcott,books,170-0,1.9
4435,"Author of ""Ulysses"" novel?",Q6511,Ulysses,,,,,,,1,Q6882,James Joyce,kb,James Joyce,books,1501-0,1.9
3719,Author of Enola Holmes?,Q65032692,Enola Holmes,,,,,,,1,Q6115483,Jack Thorne,kb,Jack Thorne,books,1261-0,1.9
2655,who formed Metallica band?,Q15920,Metallica,,,,,,,1,Q484302,James Hetfield,,James Hetfield;Lars Ulrich,music,904-3,1.9
360,Who wrote Good Omens?,Q1052459,Good Omens,,,,,,,1,Q46248,Terry Pratchett,kb,Terry Pratchett;Neil Gaiman,books,120-0,1.9
2456,"Who wrote ""It"" novel?",Q602288,It,,,,,,,1,Q39829,Stephen King,infobox,Stephen King,books,820-0,1.9
2552,Who illustrated Oliver Twist?,Q164974,Oliver Twist,,,,,,,1,Q360466,George Cruikshank,infobox,George Cruikshank,books,860-3,1.9
2551,Who published Oliver Twist?,Q164974,Oliver Twist,,,,,,,1,Q172299,Richard Bentley,infobox,Richard Bentley,books,860-2,1.9
805,Who won the Maracanazo?,Q754483,Uruguay v Brazil 1950,,,,,,,1,Q134916,Uruguay national football team,kb,Uruguay national football team,soccer,268-2,1.9
399,Who was the cinematographer?,Q432526,The Sugarland Express,,,,,,,1,Q963628,Vilmos Zsigmond,infobox,Vilmos Zsigmond,movies,132-3,1.9
4624,Jennifer Lopez's first album?,Q40715,Jennifer Lopez,,,,,,,1,Q526575,On the 6,text,On the 6,music,1565-0,1.9
1630,Who directed film Shiddat?,Q85800832,Shiddat,,,,,,,1,Q6444153,Kunal Deshmukh,infobox,Kunal Deshmukh,movies,543-0,1.9
1008,Who created Æon Flux?,Q127310,\u00C6on Flux,,,,,,,1,Q489286,Peter Chung,kb,Peter Chung,tvseries,336-1,1.9
2649,Who directed Titanic movie?,Q44578,Titanic,,,,,,,1,Q42574,James Cameron,kb,James Cameron,movies,902-3,1.9
4664,Lionel Messi born on?,Q615,Lionel Messi,,,,,,,1,1987-06-24T00:00:00Z,24 June 1987,kb,24 June 1987,soccer,1579-0,1.9
4500,Where was Beck born?,Q11901,Beck,,,,,,,1,Q65,Los Angeles,kb,Los Angeles,music,1524-1,1.9
2269,Who named the city?,Q968392,"Milwaukie, Oregon",,,,,,,1,Q6684596,Lot Whitcomb,text,Lot Whitcomb,tvseries,756-4,1.9
3720,Who Story by Passengers?,Q20962283,Passengers,,,,,,,1,Q6271612,Jon Spaihts,infobox,Jon Spaihts,movies,1262-0,1.9
3715,When was Enola Holmes?,Q65032692,Enola Holmes,,,,,,,1,2020-09-23T00:00:00Z,23 September 2020,table,23 September 2020,books,1260-1,1.9
2867,Who is country madonna?,Q1744,Madonna,,,,,,,1,Q857880,French Canadian,text,French Canadian;Italian American,music,975-1,1.9
2367,Who wrote Jurassic park?,Q756866,Jurassic Park,,,,,,,1,Q172140,Michael Crichton,kb,Michael Crichton,books,790-0,1.9
2532,What is Eminem's height?,Q5608,Eminem,,,,,,,1,1.74 metre,1.74 metre,kb,1.74 metre,music,844-4,1.9
2854,Author Of Harry Potter?,Q8337,Harry Potter,,,,,,,1,Q34660,J. K. Rowling,kb,J. K. Rowling,books,971-0,1.9
4157,Where did Xavi born?,Q17500,Xavi,,,,,,,1,Q13939,Terrassa,infobox,Terrassa,soccer,1408-1,1.9
3903,Spouse of Dennis Haysbert?,Q350208,Dennis Haysbert,,,,,,,1,Q17479151,Lynn B. Griffith,text,Lynn B. Griffith,movies,1322-4,1.9
4675,Who owns Studio Ghibli?,Q182950,Studio Ghibli,,,,,,,1,Q1372258,Tokuma Shoten,kb,Tokuma Shoten,movies,1582-4,1.9
4333,Developer the series Dexter?,Q23577,Dexter,,,,,,,1,Q1110157,"James Manos, Jr.",infobox,James Manos Jr.,tvseries,1467-0,1.9
375,Who founded Arcade Fire?,Q58608,Arcade Fire,,,,,,,1,Q1349573,Win Butler,text,Win Butler;Josh Deu,music,124-3,1.9
1262,Who wrote the Moby-Dick?,Q174596,Moby-Dick,,,,,,,1,Q4985,Herman Melville,kb,Herman Melville,books,420-2,1.9
4303,Who created the Ghoul?,Q48673879,Ghoul,,,,,,,1,Q7146590,Patrick Graham,infobox,Patrick Graham,tvseries,1457-0,1.9
4945,Spouse of Matt Damon?,Q175535,Matt Damon,,,,,,,1,Q17118995,Luciana Boz\u00E1n Barroso,kb,Luciana Bozán Barroso,movies,1672-3,1.9
4267,Genre played by Eminem?,Q11401,hip hop music,,,,,,,1,Q5608,Eminem,text,hip hop music,music,1445-0,1.9
2253,Ready Player One's protagonist?,Q3906523,Ready Player One,,,,,,,1,Q3906523,Ready Player One,text,Wade Watts,books,751-0,1.9
1096,Where did Ilaiyaraaja born?,Q2720141,Ilaiyaraaja,,,,,,,1,Q2716759,Pannaipuram,kb,Pannaipuram,music,364-4,1.9
2596,awarded to Elvis Presley?,Q303,Elvis Presley,,,,,,,1,Q935843,Grammy Lifetime Achievement Award,text,Grammy Lifetime Achievement Award,music,875-0,1.9
3095,Where was Juice filmed?,Q642419,Juice,,,,,,,1,Q60,New York City,text,New York City,movies,1052-0,1.9
4826,Direction of Captain Marvel?,Q23781129,Captain Marvel,,,,,,,1,Q33093747,Anna Boden and Ryan Fleck,kb,Anna Boden and Ryan Fleck,movies,1633-0,1.9
3020,Who created the series?,Q948828,Tales of the Gold Monkey,,,,,,,1,Q710739,Donald Bellisario,infobox,Donald P. Bellisario,tvseries,1026-3,1.9
1199,Luka Modric's citizenship country?,Q483837,Luka Modri\u0107,,,,,,,1,Q224,Croatia,infobox,Croatia,soccer,399-0,1.9
3476,What is the genre?,Q191949,Brave New World,,,,,,,1,Q24925,science fiction,text,"Science fiction, dystopian fiction",books,1180-0,1.9
143,Who first created Jeopardy!?,Q499767,Jeopardy!,,,,,,,1,Q598344,Merv Griffin,text,Merv Griffin,tvseries,47-0,1.9
4706,Screenwriter's of Parasite movie?,Q61448040,Parasite,,,,,,,1,Q495980,Bong Joon-ho,kb,"Bong Joon-ho, Han Jin-won",movies,1593-0,1.9
3133,Where is Madonna from?,Q1744,Madonna,,,,,,,1,Q746820,"Bay City, Michigan",text,"Bay City, MI",music,1064-2,1.9
3190,Who plays John Wick?,Q29554576,John Wick,,,,,,,1,Q29554576,John Wick,text,Keanu Charles Reeves,movies,1083-0,1.9
2554,Who wrote Oliver Twist?,Q164974,Oliver Twist,,,,,,,1,Q5686,Charles Dickens,infobox,Charles Dickens,books,861-0,1.9
2276,Yankee Stadium's home team?,Q753529,Yankee Stadium,,,,,,,1,Q13361030,New York City FC,infobox,New York City Football Club,soccer,759-0,1.9
3433,Doja Cat's first album?,Q51120673,Doja Cat,,,,,,,1,Q65090802,Amala,text,Amala,music,1165-0,1.9
2372,Author of Jurassic park?,Q756866,Jurassic Park,,,,,,,1,Q172140,Michael Crichton,kb,Michael Crichton,books,791-0,1.9
395,"Who wrote ""The Martian?""",Q17111624,The Martian,,,,,,,1,Q18590295,Andy Weir,kb,Andy Weir,books,131-0,1.9
5891,FC Cincinnati soccer club?,Q20855983,FC Cincinnati,,,,,,,1,Football Club Cincinnati,Football Club Cincinnati,infobox,Football Club Cincinnati,soccer,1988-1,1.9
6578,What company owns Lucasfilm?,Q242446,Lucasfilm,,,,,,,1,Q7414,The Walt Disney Company,kb,The Walt Disney Company,tvseries,2216-4,1.9
5343,What position held shakira?,Q34424,Shakira,,,,,,,1,Q19969187,UNICEF Goodwill Ambassador,infobox,UNICEF Goodwill Ambassador,music,1804-4,1.9
5697,Spouse of Vin Diesel?,Q178166,Vin Diesel,,,,,,,1,Q2048362,Paloma Jim\u00E9nez,text,https://www.Q2048362,movies,1922-4,1.9
6132,Where Breda is located?,Q40844,Breda,,,,,,,1,Q1101,North Brabant,text,North Brabant,soccer,2068-2,1.9
5333,Who Story by Seven?,Q190908,Seven,,,,,,,1,Q505689,Andrew Kevin Walker,kb,Andrew Kevin Walker,movies,1802-0,1.9
5906,Spouse of Kevin Zegers?,Q311517,Kevin Zegers,,,,,,,1,Q76435961,Jaime,text,Jaime Feld,movies,1992-4,1.9
6213,Who created the Macarena?,Q1149738,Macarena,,,,,,,1,Q170252,Los del R\u00EDo,text,Los del Río,music,2095-0,1.9
5225,Who created Black Mirror?,Q558112,Black Mirror,,,,,,,1,Q2960837,Charlie Brooker,infobox,Charlie Brooker,tvseries,1766-0,1.9
5294,CF Montréal soccer team?,Q167615,CF Montr\u00E9al,,,,,,,1,Q340,Montreal,kb,Montreal,soccer,1788-3,1.9
6129,Who created the Decoupled?,Q110323803,Decoupled,,,,,,,1,Q6752277,Manu Joseph,kb,Manu Joseph,tvseries,2067-0,1.9
6577,When was Lucasfilm created?,Q242446,Lucasfilm,,,,,,,1,1971-01-01T00:00:00Z,1971,kb,1971,tvseries,2216-3,1.9
6580,Who won Euro 2020?,Q373501,UEFA Euro 2020,,,,,,,1,Q676899,Italy national association football team,kb,Italy national association football team,soccer,2218-0,1.9
5397,Spouse of Ossie Davis?,Q515632,Ossie Davis,,,,,,,1,Q234360,Ruby Dee,text,Ruby Dee,movies,1822-4,1.9
6565,When was Gilda released?,Q382307,Gilda,,,,,,,1,1946-02-14T00:00:00Z,14 February 1946,kb,14 February 1946,movies,2212-3,1.9
5032,Who directed Gosford Park?,Q165392,Gosford Park,,,,,,,1,Q55163,Robert Altman,kb,Robert Altman,movies,1702-0,1.9
6199,Who wrote Blood Price?,Q4927664,Blood Price,,,,,,,1,Q447025,Tanya Huff,infobox,Tanya Huff,books,2090-3,1.9
6622,year Dune movie out?,Q60834962,Dune,,,,,,,1,2021-01-01T00:00:00Z,2021,infobox,2021,movies,2232-0,1.9
9047,Who sang closing time?,Q5135443,Closing Time,,,,,,,1,Q1572584,Semisonic,text,Semisonic,music,2934-0,1.9
8401,Marc Shaiman's native language?,Q979312,Marc Shaiman,,,,,,,1,Q1860,English,kb,English,music,2815-0,1.9
7904,division of Philadelphia Union?,Q689874,Philadelphia Union,,,,,,,1,Q18543,Major League Soccer,infobox,Major League Soccer,soccer,2659-0,1.9
8522,Who is Reacher's actor?,Q109901438,Q109901438,,,,,,,1,Q926963,Alan Ritchson,text,Alan Ritchson,tvseries,2837-0,1.9
7376,Performer in Avatar movie?,Q24871,Avatar,,,,,,,1,Q106221,James Horner,kb,James Horner,movies,2483-0,1.9
8675,"""Summer of '69"" performer?",Q1472791,Summer of '69,,,,,,,1,Q482907,Bryan Adams,infobox,Bryan Adams,music,2865-0,1.9
7149,Who owns Manchester United?,Q18656,Manchester United F.C.,,,,,,,1,Q99870964,Manchester United Limited,kb,Manchester United Limited,soccer,2408-0,1.9
7589,Who is Beyonce's spouse?,Q36153,Beyonc\u00E9,,,,,,,1,Q62766,Jay-Z,kb,Jay-Z,music,2554-2,1.9
7315,Spouse of Matthew McConaughey?,Q188955,Matthew McConaughey,,,,,,,1,Q458809,Camila Alves,kb,Camila Alves,movies,2462-4,1.9
7195,Hugh Jackman's birth year?,Q129591,Hugh Jackman,,,,,,,1,1970-01-01T00:00:00Z,1970,kb,1970,movies,2422-4,1.9
9125,When was FIFA founded?,Q253414,FIFA,,,,,,,1,1904-05-21T00:00:00Z,21 May 1904,infobox,21 May 1904,soccer,2948-0,1.9
8364,When was Shakira born?,Q34424,Shakira,,,,,,,1,1977-02-02T00:00:00Z,2 February 1977,kb,2 February 1977,soccer,2808-6,1.9
8555,Premiere date for Carrie?,Q162672,Carrie,,,,,,,1,1976-11-03T00:00:00Z,"November 3, 1976",infobox,"November 3, 1976",movies,2843-0,1.9
9046,Year Titanic was released?,Q44578,Titanic,,,,,,,1,1997-01-01T00:00:00Z,1997,kb,1997,movies,2933-0,1.9
7975,Spouse of Jack Lemmon?,Q94123,Jack Lemmon,,,,,,,1,Q3573759,Cynthia Stone,text,Cynthia Stone,movies,2682-4,1.9
6753,guitarist of Black Sabbath?,Q47670,Black Sabbath,,,,,,,1,Q202733,Tony Iommi,text,Tony Iommi,music,2275-0,1.9
8195,Which author wrote Cosmos?,Q1194705,Cosmos,,,,,,,1,Q410,Carl Sagan,infobox,Carl Sagan,books,2760-1,1.9
7649,What wears The Beatles?,Q1299,The Beatles,,,,,,,1,Q2911851,Beatle boot,kb,Beatle boot,music,2574-2,1.9
7856,Director of Licorice Pizza?,Q102036245,Licorice Pizza,,,,,,,1,Q25132,Paul Thomas Anderson,kb,Paul Thomas Anderson,movies,2643-0,1.9
7599,Where was Neymar born?,Q142794,Neymar,,,,,,,1,Q194332,Mogi das Cruzes,infobox,Mogi das Cruzes,soccer,2558-0,1.9
8672,"Who performed ""16 Candles?""",Q3875629,16 Candles,,,,,,,1,Q465246,The Crests,text,The Crests,music,2864-7,1.9
9328,Where is Hexagon Sun?,Q17029226,Hexagon Sun,,,,,,,1,Q7165251,Pentland Hills,text,Pentland Hills,music,2984-6,1.9
7430,Author of The Shining?,Q470937,The Shining,,,,,,,1,Q39829,Stephen King,infobox,Stephen King,books,2501-0,1.9
7590,When was Jay-Z born?,Q62766,Jay-Z,,,,,,,1,1969-12-04T00:00:00Z,4 December 1969,kb,4 December 1969,music,2554-3,1.9
7184,Louis Saha played for?,Q484968,Louis Saha,,,,,,,1,Q47774,France national association football team,infobox,France,soccer,2419-0,1.9
7232,who produced Thriller album?,Q44320,Thriller,,,,,,,1,Q2831,Michael Jackson,kb,Michael Jackson,music,2435-0,1.9
7694,Bhaichung Bhutia born on?,Q333448,Bhaichung Bhutia,,,,,,,1,1976-12-15T00:00:00Z,15 December 1976,kb,15 December 1976,soccer,2589-0,1.9
9036,When was Titanic released?,Q44578,Titanic,,,,,,,1,1997-01-01T00:00:00Z,1997,kb,1997,movies,2932-0,1.9
8485,What railroad serves Haiphong?,Q72818,Haiphong,,,,,,,1,Q1741628,Kunming\u2013Haiphong railway,text,Kunming–Haiphong railway,books,2830-6,1.9
7113,Who created the X-Files?,Q2744,The X-Files,,,,,,,1,Q437267,Chris Carter,infobox,Chris Carter,tvseries,2396-0,1.9
9136,Who wrote the Shining?,Q470937,The Shining,,,,,,,1,Q39829,Stephen King,infobox,Stephen King,books,2950-0,1.9
8709,Who directed The Godfather?,Q47703,The Godfather,,,,,,,1,Q56094,Francis Ford Coppola,kb,Francis Ford Coppola,movies,2872-0,1.9
7147,When did Lexx end?,Q657308,Lexx,,,,,,,1,2002-04-26T00:00:00Z,26 April 2002,kb,26 April 2002,tvseries,2406-4,1.9
7226,producer of Jurassic Park?,Q167726,Jurassic Park,,,,,,,1,Q237207,Kathleen Kennedy,kb,Kathleen Kennedy,movies,2433-0,1.9
7425,Who wrote The Shining?,Q470937,The Shining,,,,,,,1,Q39829,Stephen King,infobox,Stephen King,books,2500-0,1.9
7670,Cairo Trilogy written by?,Q5017794,Cairo Trilogy,,,,,,,1,Q7176,Naguib Mahfouz,text,Nagib Mahfuz,books,2581-0,1.9
8587,Birthday for David Beckham?,Q10520,David Beckham,,,,,,,1,1975-05-02T00:00:00Z,2 May 1975,kb,2 May 1975,soccer,2849-0,1.9
7427,Who published The Shining?,Q470937,The Shining,,,,,,,1,Q1251563,Doubleday,kb,Doubleday,books,2500-2,1.9
8680,"What show succeed ""Roseanne?""",Q575373,Roseanne,,,,,,,1,Q56471830,The Conners,infobox,The Conners,tvseries,2866-4,1.9
8321,When was Mockingjay published?,Q40354,Mockingjay,,,,,,,1,2010-08-24T00:00:00Z,24 August 2010,kb,24 August 2010,books,2800-7,1.9
647,Who created Friends?,Q79784,Friends,,,,,,,1,Q237454,Marta Kauffman,infobox,David Crane and Marta Kauffman,tvseries,216-0,1.5999999999999999
120,Who wrote Slaughterhouse-Five?,Q265954,Slaughterhouse-Five,,,,,,,1,Q49074,Kurt Vonnegut,text,Kurt Vonnegut,books,40-0,1.5999999999999999
998,Who composed Inception?,Q25188,Inception,,,,,,,1,Q76364,Hans Zimmer,kb,Hans Zimmer,movies,332-3,1.5999999999999999
4192,Who wrote Matilda?,Q1426188,Matilda,,,,,,,1,Q25161,Roald Dahl,text,Roald Dahl,books,1420-0,1.5999999999999999
992,Where is Hampshire?,Q23204,Hampshire,,,,,,,1,Q48015,South East England,kb,South East England,books,330-3,1.5999999999999999
3034,Charlotte's Web genre?,Q45735,Charlotte's Web,,,,,,,1,Q21615367,children's novel,infobox,children's novel,books,1031-0,1.5999999999999999
1639,Who composed Parampara?,Q110174250,Parampara,,,,,,,1,Naresh Kumaran,Naresh Kumaran,infobox,Naresh Kumaran,tvseries,546-2,1.5999999999999999
4520,Who published Emma?,Q223880,Emma,,,,,,,1,Q1232629,John Murray,infobox,John Murray,books,1530-3,1.5999999999999999
3809,Who directed Jumanji?,Q222939,Jumanji,,,,,,,1,Q352948,Joe Johnston,infobox,Joe Johnston,movies,1292-0,1.5999999999999999
401,"Director of ""Jaws?""",Q189505,Jaws,,,,,,,1,Q8877,Steven Spielberg,infobox,Steven Spielberg,movies,133-0,1.5999999999999999
2817,Neymar is from?,Q142794,Neymar,,,,,,,1,Q61901279,Neymar,table,Portuguese,soccer,958-3,1.5999999999999999
125,Author of Slaughterhouse-Five?,Q265954,Slaughterhouse-Five,,,,,,,1,Q49074,Kurt Vonnegut,text,Kurt Vonnegut,books,41-0,1.5999999999999999
2270,"Producer of ""Rugrats?""",Q304290,Rugrats,,,,,,,1,Q1744498,Klasky Csupo,kb,Klasky Csupo,tvseries,757-0,1.5999999999999999
3004,"First ""Goosebumps"" book?",Q1148268,list of Goosebumps books,,,,,,,1,Q3210399,Welcome to Dead House,text,"""Welcome to Dead House""",books,1021-0,1.5999999999999999
3814,Who created Jumanji?,Q222939,Jumanji,,,,,,,1,Q352948,Joe Johnston,infobox,Joe Johnston,movies,1293-0,1.5999999999999999
5543,Titanic costume designer?,Q44578,Titanic,,,,,,,1,Q176324,Deborah Lynn Scott,kb,Deborah Lynn Scott,movies,1872-0,1.5999999999999999
5124,Who wrote Rocky?,Q188652,Rocky,,,,,,,1,Q40026,Sylvester Stallone,text,Sylvester Stallone,movies,1732-1,1.5999999999999999
5092,author of Dune?,Q190192,Dune,,,,,,,1,Q7934,Frank Herbert,infobox,Frank Herbert,books,1721-0,1.5999999999999999
8653,"""Frankenstein"" first author?",Q150827,Frankenstein,,,,,,,1,Q47152,Mary Shelley,infobox,Mary Shelley,books,2861-0,1.5999999999999999
9037,Who directed Titanic?,Q44578,Titanic,,,,,,,1,Q42574,James Cameron,text,James Cameron,movies,2932-1,1.5999999999999999
8516,"Who created ""Lucifer?""",Q19520525,Lucifer,,,,,,,1,Q541899,Tom Kapinos,kb,Tom Kapinos,tvseries,2836-4,1.5999999999999999
8651,Who founded Philadelphia?,Q1345,Philadelphia,,,,,,,1,Q209152,William Penn,text,William Penn,books,2860-8,1.5999999999999999
8645,"Who published ""Mathilda?""",Q3851863,Mathilda,,,,,,,1,Q7895937,University of North Carolina Press,infobox,University of North Carolina Press,books,2860-2,1.5999999999999999
8500,"""Universal Soldier's"" director?",Q640547,Universal Soldier,,,,,,,1,Q60100,Roland Emmerich,infobox,Roland Emmerich,movies,2833-0,1.5999999999999999
8511,"Performer of ""Hook?""",Q17010773,Hook,,,,,,,1,Q886047,Blues Traveler,text,Blues Traveler,music,2835-0,1.5999999999999999
8921,Capital of England?,Q21,England,,,,,,,1,Q84,London,kb,London,books,2910-4,1.5999999999999999
4232,"""Psycho's"" director?",Q163038,Psycho,,,,,,,1,Q7374,Alfred Hitchcock,infobox,Alfred Hitchcock,movies,1433-0,1.2999999999999998
3544,"""Jurassic Park""?",Q167726,Jurassic Park,,,,,,,1,Q172140,Michael Crichton,text,Michael Crichton,movies,1202-2,1.2999999999999998
3305,"""The Irishman""?",Q29057443,The Irishman,,,,,,,1,Q3418802,Randall Emmett,text,"Who was the producer of the movie ""The Irishman""?",movies,1122-3,1.2999999999999998
5888,"""Mad Man""?",Q223977,Mad Men,,,,,,,1,Q3639189,Betty Draper,kb,Betty Draper,tvseries,1986-4,1.2999999999999998
7196,James Mangold,Q433893,James Mangold,,,,,,,1,Q433893,James Mangold,infobox,James Mangold,movies,2423-0,1.2999999999999998
