question_id,question,entity_id1,entity_label1,entity_id2,entity_label2,entity_id3,entity_label3,entity_id4,entity_label4,entity_number,answer_id,answer_label,answer_src,answer_text,domain,convmix_question_id,context_score
97,What is the name of the movie in which Gregory Peck played the character of a lawyer which is based on the novel written by author Harper Lee?,Q108366,Gregory Peck,Q182658,Harper Lee,,,,,2,Q177922,To Kill a Mockingbird,text,To Kill a Mockingbird,movies,32-1,9.8
8573,"What was the name of The X-Files spin-off that started that featured the X-Files characters Melvin Frohike, John Fitzgerald Byers, and Richard Langly?",Q2744,The X-Files,Q3305307,Melvin Frohike,Q60216046,John Fitzgerald Byers,Q60216081,Richard Langly,4,Q1218201,The Lone Gunmen,text,The Lone Gunmen,tvseries,2846-6,9.7
9400,What is the name of the team that was played against in which Rafael Pereira da Silva committed a foul and Fábio Pereira da Silva was booked?,Q189184,Rafael Pereira da Silva,Q213401,F\u00E1bio Pereira da Silva,,,,,2,Q19442,Barnsley F.C.,text,Barnsley F.C.,soccer,2998-1,9.5
8812,Which novel introduced the character George Smiley who also appeared in The Spy Who Came in from the Cold and A Murder of Quality?,Q2335880,George Smiley,Q468071,The Spy Who Came in from the Cold,Q1305005,A Murder of Quality,,,3,Q652350,Call for the Dead,text,Call for the Dead,books,2890-4,9.299999999999999
741,Who is the actress playing the character of one of the broke girls other than the role played by Kat Dennings in 2 Broke Girls?,Q231751,Kat Dennings,Q32488,2 Broke Girls,,,,,2,Q264306,Beth Behrs,text,Beth Behrs,tvseries,246-4,8.9
8810,What was the name of a main character that appears in both The Spy Who Came in from the Cold and A Murder of Quality?,Q468071,The Spy Who Came in from the Cold,Q1305005,A Murder of Quality,,,,,2,Q2335880,George Smiley,text,George Smiley,books,2890-2,8.9
6614,"How many goals did Ellen White, Alex Morgan, and Megan Rapinoe each score at the 2019 FIFA Women's World Cup?",Q4630361,2019 FIFA Women's World Cup,Q10911,Ellen White,Q233510,Alex Morgan,Q260725,Megan Rapinoe,4,6,6,infobox,6,soccer,2228-4,8.8
1837,Is the actor who played the FBI agent Carl Hanratty in Catch Me If You Can younger or older than Leonardo DiCaprio?,Q38111,Leonardo DiCaprio,Q2263,Tom Hanks,Q208108,Catch Me If You Can,,,3,Q2214293,Older,kb,Older,movies,612-2,8.7
734,What is the name of the album by The Police that won a Grammy award as well as a Juno award?,Q178095,The Police,Q41254,Grammy Award,Q507057,Juno Award,,,3,Q1064318,Synchronicity,table,Synchronicity,music,244-3,8.399999999999999
2150,What is the name of the actor who portrayed the bumbling anchorman on the situation comedy The Mary Tyler Moore Show?,Q7692997,Ted Baxter,Q1277943,Ted Knight,Q1277943,Ted Knight,,,3,Q1277943,Ted Knight,text,Ted Knight,tvseries,716-3,8.399999999999999
8811,For which organization did George Smiley work in The Spy Who Came in from the Cold and A Murder of Quality?,Q2335880,George Smiley,Q468071,The Spy Who Came in from the Cold,Q1305005,A Murder of Quality,,,3,Q184560,Secret Intelligence Service,text,Secret Intelligence Service,books,2890-3,8.399999999999999
2288,What is the name of the actress that played Lisbeth Salander in 2011 film The Girl with the Dragon Tattoo?,Q1191282,Lisbeth Salander,Q184903,David Fincher,Q474093,The Girl with the Dragon Tattoo,,,3,Q228766,Rooney Mara,kb,Rooney Mara,movies,763-0,8.1
8565,When was the song I Saved the World Today from the album Peace by the Eurythmics released as a single?,Q935372,I Saved the World Today,Q949491,Peace,Q207706,Eurythmics,,,3,1999-10-04T00:00:00Z,4 October 1999,infobox,4 October 1999,music,2844-9,8.1
8815,How many John le Carré novels featured the character George Smiley after The Spy Who Came in from the Cold?,Q209641,John le Carr\u00E9,Q2335880,George Smiley,Q468071,The Spy Who Came in from the Cold,,,3,6,6,table,6,books,2890-7,8.1
8572,"What was the name of the song by Moby that was featured in the episode ""all things"" on The X-Files?",Q14045,Moby,Q4730233,all things,Q2744,The X-Files,,,3,The Sky Is Broken,The Sky Is Broken,text,The Sky Is Broken,tvseries,2846-5,8.1
1448,What is the name of the actor who plays the character of Luke Skywalker in the film Star Wars: The Last Jedi?,Q18486021,Star Wars: The Last Jedi,Q51746,Luke Skywalker,,,,,2,Q210447,Mark Hamill,text,Mark Hamill,movies,482-3,8.0
3534,In 2006 which team did the former San Jose Earthquakes head coach Dominic Kinnear joined after the team went on a hiatus?,Q978882,Dominic Kinnear,Q575370,San Jose Earthquakes,,,,,2,Q328313,Houston Dynamo FC,text,Houston Dynamo FC,soccer,1198-4,8.0
2780,What is the actor's name from the TV series The Big Bang Theory who also starred in the movie School for Scoundrels?,Q8539,The Big Bang Theory,Q959876,School for Scoundrels,,,,,2,Q190972,Jim Parsons,table,Jim Parsons,tvseries,946-2,8.0
6320,What is the title of the short story that F. Scott Fitzgerald considered to be the first draft for The Great Gatsby?,Q93354,F. Scott Fitzgerald,Q214371,The Great Gatsby,,,,,2,Q14008449,Winter Dreams,text,Winter Dreams,books,2130-4,8.0
6897,What is the name of the actor who won the Academy Award for Best Actor for his performance in The King's Speech?,Q160060,The King's Speech,Q103916,Academy Award for Best Actor,,,,,2,Q162492,Colin Firth,table,Colin Firth,movies,2323-0,8.0
2897,Name the Los Angeles rock and roll band known for hits like November Rain and Sweet Child o' Mine which came together in 1985.,Q11399,rock music,,,,,,,1,Q11895,Guns N\u2019 Roses,text,Guns N' Roses,music,985-0,7.8999999999999995
2147,What beloved TV character was played by Mary Tyler Moore after she starred in The Dick Van Dyke Show?,Q615944,The Mary Tyler Moore Show,Q6780602,Mary Richards,Q6780602,Mary Richards,,,3,Q6780602,Mary Richards,kb,Mary Richards,tvseries,716-0,7.8
7722,How many goals did Pat Healey make in the 2008 season when he was playing for Crystal Palace Baltimore?,Q7143535,Pat Healey,Q1142391,Crystal Palace Baltimore,Q2004,2008,,,3,8,8,table,8,soccer,2598-3,7.8
1209,What is the name of the actor in the movie Jumanji: Welcome to the Jungle who is also a WWE star?,Q20762680,Jumanji: Welcome to the Jungle,Q35339,WWE,,,,,2,Q10738,Dwayne Johnson,text,Dwayne Johnson,movies,402-3,7.699999999999999
3798,What was Bob Bradley's previous job before he took the job as the head coach of the United States men's national soccer team?,Q442325,Bob Bradley,,,,,,,1,Q642433,C.D. Chivas USA,table,Head coach of Chivas USA,soccer,1288-1,7.6
738,What is the name of the actress playing the role of Max Black in the TV series 2 Broke Girls?,Q32488,2 Broke Girls,Q62094425,Maxine Black,,,,,2,Q231751,Kat Dennings,text,Kat Dennings,tvseries,246-1,7.4
1353,"Which empire did Miguel de Cervantes, the author of Don Quixote, lived in at the time of the book's publication?",Q5682,Miguel de Cervantes,Q480,Don Quixote,,,,,2,Q600093,Habsburg Spain,infobox,Habsburg Spain,books,450-3,7.4
4908,What is the name of the author of The Eye of the World from the Wheel of Time book series?,Q477994,The Eye of the World,Q4470,The Wheel of Time,,,,,2,Q166351,Robert Jordan,text,Robert Jordan,books,1660-2,7.4
1828,Which player was awarded the most number of Man of the match titles in the FIFA world cup of 2006?,Q37285,2006 FIFA World Cup,Q368974,FIFA World Cup awards,,,,,2,Q43926,Andrea Pirlo,table,Andrea Pirlo,soccer,609-0,7.4
5046,What was the name of the actor who played the role of Silvio Dante on the TV series The Sopranos?,Q23628,The Sopranos,Q2326089,Silvio Dante,,,,,2,Q354181,Steven Van Zandt,text,Steven Van Zandt,tvseries,1706-2,7.4
5368,What is the name of the actress who featured in both the movies The Breakfast Club and Pretty in Pink?,Q499152,The Breakfast Club,Q777564,Pretty in Pink,,,,,2,Q231460,Molly Ringwald,text,Molly Ringwald,movies,1813-0,7.4
8561,What was the title of the seventh track on the album Sweet Dreams (Are Made of This) by the Eurythmics?,Q1069455,Sweet Dreams (Are Made Of This),Q207706,Eurythmics,,,,,2,Q596054,Love Is a Stranger,text,Love Is a Stranger,music,2844-5,7.4
199,What is the name of the actress who plays the role of Jay Pritchett's second wife in the TV series Modern Family?,Q16756,Modern Family,,,,,,,1,Q231911,Sof\u00EDa Vergara,text,Sofía Vergara,tvseries,66-1,7.3
2892,What LA-based hard rock band formed in 1985 and is known for songs such as Sweet Child o' Mine and November Rain?,Q11399,rock music,,,,,,,1,Q11895,Guns N\u2019 Roses,text,Guns N' Roses,music,984-0,7.3
6328,Which girl band formed in 1980 had 30 singles reach the Top 50 of the UK Singles Chart between 1982 and 2009?,Q193259,UK Singles Chart,,,,,,,1,Q725926,Bananarama,text,Bananarama,music,2134-0,7.3
9109,"Where is the location of the photo on the album cover, where the 4 members of the Beatles walk across the road?",Q1299,The Beatles,,,,,,,1,Q173643,Abbey Road,infobox,Abbey Road,music,2944-6,7.3
6427,What was the first movie that Mila Kunis who played Jackie on That '70s Show act in?,Q208072,That '70s Show,Q37628,Mila Kunis,Q17093126,Mila Kunis filmography,,,3,Q1631700,Santa with Muscles,table,Santa with Muscles,tvseries,2166-3,7.199999999999999
9313,What film did James L. Brooks direct that starred Jack Nicholson besides As Good as It Gets?,Q95125,James L. Brooks,Q39792,Jack Nicholson,Q221594,As Good as It Gets,,,3,Q185071,Terms of Endearment,text,Terms of Endearment,movies,2982-2,7.199999999999999
1835,Who is the author of the semi-autobiographical book that the movie Catch Me If You Can is based on?,Q208108,Catch Me If You Can,Q12857422,Catch Me If You Can,,,,,2,Q116774,Frank Abagnale,kb,Frank William Abagnale Jr.,movies,612-0,7.1
202,What is the name of the TV series played by Joe Manganiello where his character was called Alcide Herveaux?,Q470005,Joe Manganiello,Q3608990,Alcide Herveaux,,,,,2,Q186219,True Blood,text,True Blood,tvseries,66-4,7.1
3706,What is the name of the actor playing the character of Bill Compton in the TV series True Blood?,Q186219,True Blood,Q1771309,Bill Compton,,,,,2,Q316622,Stephen Moyer,table,Stephen Moyer,tvseries,1256-4,7.1
2525,What is the character's name that was the love interest of the character Jack Dawson in the film Titanic?,Q3805567,Jack Dawson,Q44578,Titanic,,,,,2,Q4892194,Rose DeWitt Bukater,text,Rose DeWitt Bukater,movies,842-3,7.1
2138,"Who was the author of the novel Airport, the source material for the 1970 film of the same name?",Q409022,Airport,Q2604087,Airport,,,,,2,Q249544,Arthur Hailey,infobox,Arthur Hailey,movies,712-3,7.1
948,What is the name of the actor playing the character role of Harvey Specter in the TV series Suits?,Q18509256,Harvey Specter,Q370185,Suits,,,,,2,Q320651,Gabriel Macht,kb,Gabriel Macht,tvseries,316-1,7.1
1853,How many appearance did the American goalkeeper Sean Johnson make with the US men's national soccer team in 2011?,Q2458826,Sean Johnson,Q164134,United States men's national soccer team,,,,,2,1,1,table,1,soccer,618-0,7.1
3799,Did the United States men's national team coached by Bob Bradley made it to the World Cup knockout stage?,Q164134,United States men's national soccer team,Q176883,2010 FIFA World Cup,,,,,2,Yes,Yes,text,Yes,soccer,1288-2,7.1
3703,What is the name of the role played by Michael C. Hall in the TV show Six Feet Under?,Q203268,Michael C. Hall,Q216919,Six Feet Under,,,,,2,Q5233661,David Fisher,table,David Fisher,tvseries,1256-1,7.1
1598,What is the name of the film in the Bridget Jones series that was not directed by Sharon Maguire?,Q27657001,Bridget Jones,Q444638,Sharon Maguire,,,,,2,Q843612,Bridget Jones: The Edge of Reason,infobox,Bridget Jones: The Edge of Reason,movies,532-3,7.1
4643,What is the running time of the first movie of The Hobbit series - The Hobbit: An Unexpected Journey?,Q74331,The Hobbit,Q80379,The Hobbit: An Unexpected Journey,,,,,2,169 minutes,169 minutes,infobox,169 minutes,movies,1572-1,7.1
6440,"What is the name of the ghostwriter of the first book in the Hardy Boys series, The Tower Treasure?",Q1471089,The Hardy Boys,Q23541148,The Tower Treasure,,,,,2,Q14767574,Leslie McFarlane,table,Leslie McFarlane,books,2170-4,7.1
6343,What is the total number of appearances made by Marco Reus as of 2021 for the club Borussia Dortmund?,Q152377,Robert Lewandowskis Side Ting,Q41420,Borussia Dortmund,,,,,2,332,332,table,332,soccer,2138-3,7.1
5778,What is the name of the book that comes after the book Killing Floor in the Jack Reacher series?,Q911224,Killing Floor,Q25210939,Jack Reacher,,,,,2,Q5274452,Die Trying,table,Die Trying,books,1950-2,7.1
5618,Does the show Would I Lie To You have the comedian Lee Mack as a captain of a team?,Q655817,Would I Lie to You?,Q2405844,Lee Mack,,,,,2,Yes,Yes,kb,Yes,tvseries,1896-3,7.1
6065,What is the name of the actress who plays the role of Blair Waldorf in the show Gossip girl?,Q199853,Gossip Girl,Q1785006,Blair Waldorf,,,,,2,Q199931,Leighton Meester,kb,Leighton Meester,tvseries,2046-1,7.1
6611,As of 2020 how many FIFA Women's World Cup wins does the United States women's national soccer team have?,Q19323,FIFA Women's World Cup,Q334526,United States women's national soccer team,,,,,2,4,4,infobox,4,soccer,2228-1,7.1
6168,"What year was it on Earth in the last novel of The Chronicles of Narnia series, The Last Battle?",Q483412,The Chronicles of Narnia,Q289130,The Last Battle,,,,,2,1949-01-01T00:00:00Z,1949,table,1949,books,2080-2,7.1
6837,Is the 2019 movie Little Women an adaptation of novel of the same name written by Louisa May Alcott?,Q56881140,Little Women,Q523076,Little Women,,,,,2,Yes,Yes,kb,Yes,movies,2303-0,7.1
8844,Which actor returned in the 1980s TV version of Mission: Impossible who was also in the original Mission: Impossible?,Q715107,Mission: Impossible,Q369111,Mission: Impossible (1966 TV series),,,,,2,Q156532,Peter Graves,text,Peter Graves,tvseries,2896-3,7.1
7924,What is the name of the actress playing the role of Hugh Bonneville's character's eldest daughter in Downton Abbey?,Q155775,Hugh Bonneville,Q83071,Downton Abbey,,,,,2,Q259760,Michelle Dockery,text,Michelle Dockery,tvseries,2666-1,7.1
7116,Which 2009 first person shooter game did Lance Henriksen who was Frank Black in Millennium did voice work for?,Q312077,Lance Henriksen,Q1477859,Millennium,,,,,2,Q486351,Call of Duty: Modern Warfare 2,table,Call of Duty: Modern Warfare 2,tvseries,2396-3,7.1
6893,What is the name of the actress who played the role of Colin Firth's wife in The King's Speech?,Q160060,The King's Speech,Q162492,Colin Firth,,,,,2,Q170428,Helena Bonham Carter,text,Helena Bonham Carter,movies,2322-1,7.1
575,Who is the director of the first part The Curse of the Black Pearl  in the flim Pirates of the Caribbean?,Q194318,Pirates of the Caribbean,,,,,,,1,Q295463,Gore Verbinski,table,Gore Verbinski,movies,192-0,7.0
9402,What is the name of the football player who won the player of the season title in 2021 for Barnsley F.C?,Q19442,Barnsley F.C.,,,,,,,1,Q16236772,Micha\u0142 Helik,table,Michał Helik,soccer,2998-3,7.0
2148,In what city did the character of Mary Richards reside on The Mary Tyler Moore Show?,Q6780602,Mary Richards," https://en.wikipedia.org/wiki/Minneapolis,_Minnesota"," https://en.wikipedia.org/wiki/Minneapolis,_Minnesota",Q36091,Minneapolis,,,3,Q36091,Minneapolis,kb,Minneapolis,tvseries,716-1,6.8999999999999995
8576,"Besides The X-Files, what other show by Chris Carter did Mark Snow compose the music for?",Q534413,Mark Snow,Q2744,The X-Files,Q437267,Chris Carter,,,3,Q1477859,Millennium,text,Millennium,tvseries,2846-9,6.8999999999999995
4744,What is the name of the character played by actress Anna Paquin in the TV series True Blood?,Q199884,Anna Paquin,Q186219,True Blood,,,,,2,Q2624424,Sookie Stackhouse,kb,Sookie Stackhouse,tvseries,1606-1,6.799999999999999
314,Who Was the Oops!... I Did It Again song on the Britney Spears album Baby One More Time?,Q733931,Oops!... I Did It Again,Q11975,Britney Spears,,,,,2,Yes,Yes,infobox,Yes,music,104-2,6.799999999999999
4579,What is the Publication date of the second book of the novel series Little House on the Prairie?,Q5400672,Little House on the Prairie,Q5435715,Farmer Boy,,,,,2,1993-10-01T00:00:00Z,1 October 1993,infobox,1 October 1993,books,1550-2,6.799999999999999
729,What is the name of the 2012 movie that fetched Meryl Streep an Oscar for the best actress?,Q873,Meryl Streep,Q103618,Academy Award for Best Actress,,,,,2,Q269810,The Iron Lady,table,The Iron Lady,movies,242-4,6.799999999999999
1228,What is the name of the person who replaced Tony Waddington as the manager of Stoke City F.C.?,Q18736,Stoke City F.C.,Q3993319,Tony Waddington,,,,,2,Q709041,George Eastham,text,George Eastham,soccer,408-4,6.799999999999999
3380,What team did the United States men's national soccer team faced in the 2009 FIFA Confederations Cup final?,Q183674,2009 FIFA Confederations Cup,Q1039981,2009 FIFA Confederations Cup Final,,,,,2,Q83459,Brazil national football team,kb,Brazil national football team,soccer,1148-0,6.799999999999999
2338,"What is the publication date of the second book ""The Subtle Knife"" of the series His Dark Materials?",Q129240,His Dark Materials trilogy,Q472208,The Subtle Knife,,,,,2,1997-07-22T00:00:00Z,22 July 1997,infobox,22 July 1997,books,780-1,6.799999999999999
112,What Emmy award did the actress Anna Gunn get for her role in the TV show Breaking Bad?,Q271050,Anna Gunn,Q1079,Breaking Bad,,,,,2,Q1285504,Primetime Emmy Award for Outstanding Supporting Actress in a Drama Series,kb,Primetime Emmy Award for Outstanding Supporting Actress in a Drama Series,tvseries,36-4,6.799999999999999
187,What was the name of the character played by the actress Lindsay Lohan in the movie Mean Girls?,Q44903,Lindsay Lohan,Q631103,Mean Girls,,,,,2,Q51596897,Cady Heron,kb,Cady Heron,movies,62-1,6.799999999999999
3178,What is the name of the captain for the football club Chelsea in the 2012 Champions League final?,Q9616,Chelsea F.C.,Q719820,2012 UEFA Champions League Final,,,,,2,Q41533,Frank Lampard,text,Frank Lampard,soccer,1079-0,6.799999999999999
2782,What is the name of the character Jim Parsons plays in the TV series The Big Bang Theory?,Q190972,Jim Parsons,Q8539,The Big Bang Theory,,,,,2,Q629583,Sheldon Cooper,kb,Sheldon Cooper,tvseries,946-4,6.799999999999999
2930,What is the name of the actor playing the character of Professor in the TV series Money Heist?,Q29647346,Money Heist,Q55194580,Professor,,,,,2,Q17566714,\u00C1lvaro Morte,text,Álvaro Morte,tvseries,996-2,6.799999999999999
4682,What is the name of the renowned singer who was part of the bands Aerosmith and Chain Reaction?,Q126826,Aerosmith,Q5067900,Chain Reaction,,,,,2,Q194045,Steven Tyler,infobox,Steven Tyler,music,1585-0,6.799999999999999
94,"What pseudonym did Charlotte Brontë use for her book The Green Dwarf, A Tale of the Perfect Tense?",Q127332,Charlotte Bront\u00EB,Q16593988,"The Green Dwarf, A Tale of the Perfect Tense",,,,,2,Lord Charles Albert Florian Wellesley,Lord Charles Albert Florian Wellesley,text,Lord Charles Albert Florian Wellesley,books,30-4,6.799999999999999
1858,The American goalkeeper Sean Johnson played how many game for the US men's national soccer team in 2011?,Q2458826,Sean Johnson,Q164134,United States men's national soccer team,,,,,2,1,1,table,1,soccer,619-0,6.799999999999999
6194,Did Olympique Lyonnais retained their league title when Megan Rapinoe was on their roster from 2013 to 2014?,Q260725,Megan Rapinoe,Q1276685,Olympique Lyonnais,,,,,2,Yes,Yes,table,Yes,soccer,2088-4,6.799999999999999
6192,Who took the penalty kick that Alex Morgan won in the 2019 Women's World Cup final against Netherland?,Q64831570,2019 FIFA Women's World Cup Final,Q233510,Alex Morgan,,,,,2,Q260725,Megan Rapinoe,kb,Megan Rapinoe,soccer,2088-2,6.799999999999999
7120,What year did Tim Howard play his first game for the senior United Stated men's national soccer team?,Q200785,Tim Howard,Q164134,United States men's national soccer team,,,,,2,2002-01-01T00:00:00Z,2002,infobox,2002,soccer,2398-1,6.799999999999999
9397,What are the names of the other writers who won the Emmy Award with Gideon Raff in 2012?,Q123737,Emmy Award,Q5559656,Gideon Raff,,,,,2,Q2410088,Howard Gordon,text,Howard Gordon;Alex Gansa,tvseries,2996-9,6.799999999999999
8571,What is the name of the episode of The X-Files that was written and directed by Gillian Anderson?,Q485298,Gillian Anderson,Q2744,The X-Files,,,,,2,Q4730233,all things,text,all things,tvseries,2846-4,6.799999999999999
8580,What was the name of the musical group that David Beckham's wife Victoria Beckham was in from 1994-2000?,Q19810,Victoria Beckham,Q10520,David Beckham,,,,,2,Q55641,Spice Girls,text,Spice Girls,soccer,2848-2,6.799999999999999
6905,What was the name of the dog that played the character of Lassie in the TV series Lassie?,Q289537,Lassie,Q941640,Lassie,,,,,2,Q7126106,Pal,infobox,Pal,tvseries,2326-1,6.799999999999999
6832,Is the 2019 movie Little Women based on the 1868 Louisa May Alcott novel of the same name?,Q56881140,Little Women,Q523076,Little Women,,,,,2,Yes,Yes,kb,Yes,movies,2302-0,6.799999999999999
726,What is the name of the role played by the actress Meryl streep in the movie The Devil Wears Prada?,Q873,Meryl Streep,,,,,,,1,Q2720206,Miranda Priestly,text,Miranda Priestly,movies,242-1,6.7
1847,In which year did the American sitcom series Will & Grace return for another three seasons after ending in 2006?,Q212135,Will & Grace,,,,,,,1,2017-01-01T00:00:00Z,2017,table,2017,tvseries,616-0,6.7
1852,What year did the American sitcom series Will & Grace return for three more seasons after the original run ended?,Q212135,Will & Grace,,,,,,,1,2017-01-01T00:00:00Z,2017,table,2017,tvseries,617-0,6.7
6190,Which American soccer player became the first female to appear on the cover of a FIFA video game in 2015?,Q326704,FIFA,,,,,,,1,Q233510,Alex Morgan,text,Alex Morgan,soccer,2088-0,6.7
6459,Name of the TV series that was an adaptation of the movie Cast Away and was co-created by Jeffrey Lieber?,Q376260,Jeffrey Lieber,,,,,,,1,Q23567,Lost,text,Lost,tvseries,2177-0,6.7
6412,How many movies were in the Die Hard series before A Good Day to Die Hard came out in 2013?,Q2716420,Die Hard,,,,,,,1,4,4,table,4,movies,2162-0,6.7
8037,What was the name of the 1994 Warren G hip-hop single that reached No. 2 on the Billboard Hot 100?,Q319585,Warren G,,,,,,,1,Q7309633,Regulate,text,Regulate,music,2704-0,6.7
6852,"Out of the 86 appearance for the Germany national association football team, how many time was Kahn the team captain?",Q131261,Oliver Kahn,,,,,,,1,49,49,text,49,soccer,2308-2,6.7
2149,Who were the creators of the situation comedy known as The Mary Tyler Moore Show?,Q615944,The Mary Tyler Moore Show,Q95125,James L. Brooks,Q4730499,Allan Burns,,,3,Q95125,James L. Brooks,kb,James L. Brooks and Allan Burns,tvseries,716-2,6.6
2152,Who did Mary Tyler Moore play following her stint on The Dick Van Dyke Show?,Q615944,The Mary Tyler Moore Show,Q6780602,Mary Richards,Q6780602,Mary Richards,,,3,Q6780602,Mary Richards,kb,Mary Richards,tvseries,717-0,6.6
6186,What is the birthday of the actress who portrayed the housekeeper of the Frasier household?,Q6869178,list of minor characters on Frasier,Q4355835,Daphne Moon,Q239558,Jane Leeves,,,3,1961-04-18T00:00:00Z,18 April 1961,infobox,18 April 1961,tvseries,2086-2,6.6
8726,Did The Cranberries release their last album after the death of lead singer Dolores O'Riordan?,Q60642525,In the End,Q541599,Dolores O'Riordan,Q483810,The Cranberries,,,3,Yes,yes,text,"yes, using her vocals posthumously",music,2874-6,6.6
2151,What was the year of the final season of the situation comedy The Mary Tyler Moore Show?,Q615944,The Mary Tyler Moore Show,Q2481,1977,,,,,2,1977-01-01T00:00:00Z,1977,text,1977,tvseries,716-4,6.5
2154,What is the name of the set of rules under which the sport of soccer is played?,Q506630,Laws of the Game,Q506630,Laws of the Game,,,,,2,Q506630,Laws of the Game,kb,Laws of the Game,soccer,718-1,6.5
1840,The 2002 movie Catch Me If You Can is based on the semi-autobiographical book written by who?,Q208108,Catch Me If You Can,Q12857422,Catch Me If You Can,,,,,2,Q116774,Frank Abagnale,kb,Frank William Abagnale Jr.,movies,613-0,6.5
4130,Have the Portland Timbers won the MLS Cup before they lost to New York FC in 2021?,Q1031200,Portland Timbers,Q577698,MLS Cup,,,,,2,Yes,Yes,text,Yes,soccer,1398-4,6.5
1597,What is the name of the role played by actor Hugh Grant in the Bridget Jones series?,Q27657001,Bridget Jones,Q163286,Hugh Grant,,,,,2,Daniel Cleaver,Daniel Cleaver,table,Daniel Cleaver,movies,532-2,6.5
4637,What is the Publication date of the first book of the novel series The Chronicles of Narnia?,Q483412,The Chronicles of Narnia,Q485093,"The Lion, the Witch and the Wardrobe",,,,,2,1950-10-16T00:00:00Z,16 October 1950,infobox,16 October 1950,books,1570-1,6.5
4173,What is the name of the first James Bond movie with Daniel Craig in the lead role?,Q2009573,James Bond,Q4547,Daniel Craig,,,,,2,Q151904,Casino Royale,text,Casino Royale,movies,1413-0,6.5
2072,Who was the winner of the Nobel Prize in Literature the year Brave New World was published?,Q191949,Brave New World,Q6461210,List of Nobel laureates in Literature,,,,,2,Q82248,John Galsworthy,table,John Galsworthy,books,690-3,6.5
4932,Which player scored the most goals for the D.C. United during the 1996 Major League Soccer season?,Q238593,D.C. United,Q18543,Major League Soccer,,,,,2,Q2035466,Ra\u00FAl D\u00EDaz Arce,table,Raúl Díaz Arce,soccer,1668-2,6.5
2888,Who is the actor who starred in Blazing Saddles and also appeared in Mel Brooks' Young Frankenstein?,Q957323,Blazing Saddles,Q104266,Mel Brooks,,,,,2,Q191966,Gene Wilder,infobox,Gene Wilder,movies,982-2,6.5
2768,What is the name of the character played by Macaulay Culkin in the first Home Alone film?,Q103578,Macaulay Culkin,Q105031,Home Alone,,,,,2,Q55653512,Kevin McCallister,text,Kevin McCallister,movies,942-2,6.5
98,What is the name of the character Gregory Peck played in the movie To Kill a Mockingbird?,Q108366,Gregory Peck,Q177922,To Kill a Mockingbird,,,,,2,Q525777,Atticus Finch,kb,Atticus Finch,movies,32-2,6.5
6612,When did the United States women's national soccer team get their 4th FIFA Women's World Cup win?,Q19323,FIFA Women's World Cup,Q334526,United States women's national soccer team,,,,,2,2019-01-01T00:00:00Z,2019,infobox,2019,soccer,2228-2,6.5
5787,What is the name of the actress who stars in the films Freaky Friday and True Lies?,Q110397,True Lies,Q118713,Freaky Friday,,,,,2,Q106997,Jamie Lee Curtis,text,Jamie Lee Curtis,movies,1953-0,6.5
6321,What book set in Jazz Age considered to be a Great American Novel was written in 1925?,Q388483,Jazz Age,Q1544219,Great American Novel,,,,,2,Q214371,The Great Gatsby,table,The Great Gatsby,books,2131-0,6.5
9157,What was the name of the actor who played Charlie in Willy Wonka and the Chocolate Factory?,Q936327,Willy Wonka & the Chocolate Factory,Q19238836,list of Charlie and the Chocolate Factory characters,,,,,2,Q386564,Peter Ostrum,table,Peter Ostrum,movies,2953-0,6.5
8744,Who was the captain of the Women's National Soccer Team during their 2015 Women's World Cup win?,Q334526,United States women's national soccer team,Q4630361,2019 FIFA Women's World Cup,,,,,2,Q181302,Christie Pearce,,Christie Pearce,soccer,2878-2,6.5
8745,Which players were co-captains for the US Women's National Soccer Team during their 2019 World Cup victory?,Q334526,United States women's national soccer team,Q4630361,2019 FIFA Women's World Cup,,,,,2,Q260725,Megan Rapinoe,text,Megan Rapino;Carli Lloyd;Alex Morgan,soccer,2878-3,6.5
6854,How many World Cup titles the Italy national football team has before winning it again in 2006?,Q676899,Italy national association football team,Q19317,FIFA World Cup,,,,,2,3,3,table,3,soccer,2308-4,6.5
7488,"In which year was the author of the Book ""The Power of Habit"" Charles Duhigg was born?",Q16979586,The Power of Habit,Q5076992,Charles Duhigg,,,,,2,1974-01-01T00:00:00Z,1974,infobox,1974,books,2520-3,6.5
6836,Which 1985 science fiction novel series written by Orson Scott Card is a good example of bildungsroman?,Q223945,Bildungsroman,Q217110,Orson Scott Card,,,,,2,Q816016,Ender's Game,text,Ender's Game,movies,2302-4,6.5
1057,"Who won the Best Actor award in the Los Angeles Film Critics Association Awards for the movie ""Taxi Driver""?",Q47221,Taxi Driver,,,,,,,1,Q36949,Robert De Niro,table,Robert De Niro,movies,352-2,6.4
3183,What was the name of the last novel that Hercule Poirot appeared in that was authored by Agatha Christie?,Q731626,Curtain,,,,,,,1,Q731626,Curtain,text,Curtain,books,1080-4,6.4
722,Which book is the sequel to the second book The Wicked King in The Folk of the Air series?,Q47008389,The Cruel Prince,,,,,,,1,The Queen of Nothing,The Queen of Nothing,text,The Queen of Nothing,books,240-3,6.4
2707,"Who won the Best Film Music award in the 26th British Academy Film Awards for the movie ""The Godfather""?",Q47703,The Godfather,,,,,,,1,Q214665,Nino Rota,table,Nino Rota,movies,922-1,6.4
1468,What is the name of the player who had captained Arsenal and was named its head coach in 2019?,Q9617,Arsenal F.C.,,,,,,,1,Q185572,Mikel Arteta,text,Mikel Arteta,soccer,489-0,6.4
1064,"When was the original version of the song ""I am not a woman, I’m a god"" released in USA?",Q108822278,"I Am Not a Woman, I'm a God",,,,,,,1,2021-08-31T00:00:00Z,31 August 2021,table,"August 31, 2021",music,354-3,6.4
3366,Who were the main actors in The Sting that won an Academy Award for Best Picture over American Graffiti?,Q62665,The Sting,,,,,,,1,Q41871,Paul Newman,infobox,Paul Newman;Robert Redford;Robert Shaw,movies,1142-4,6.4
1135,According to the 11 Nov 2021 result who called the most capped player in Brazil Nation Football Team ?,Q83459,Brazil national football team,,,,,,,1,Q5017206,Cafu,table,Cafu,soccer,378-1,6.4
2284,What is the name of the actor that play the killer in the The Girl with the Dragon Tattoo?,Q474093,The Girl with the Dragon Tattoo,,,,,,,1,Q208667,Stellan Skarsg\u00E5rd,text,Stellan Skarsgård,movies,762-1,6.4
6417,"Before A Good Day to Die Hard's release in 2013, how many movies were in the Die Hard series?",Q2716420,Die Hard,,,,,,,1,4,4,table,4,movies,2163-0,6.4
5400,Which album by Selena Gomez & The Scene was released first:Kiss & Tell or when the sun goes down?,Q726076,Selena Gomez & the Scene,,,,,,,1,Q848484,Kiss & Tell,text,Kiss & Tell,music,1824-1,6.4
6063,Name of the band from Dublin has a lead vocalist who got the Time Person of the Year award?,Q207826,Time Person of the Year,,,,,,,1,Q396,U2,text,U2,music,2045-0,6.4
7626,Who was the director of the episode called Welcome to the Hellmouth in the Buffy the Vampire Slayer series?,Q2902031,Welcome to the Hellmouth,,,,,,,1,Q730100,Charles Martin Smith,kb,Charles Martin Smith,tvseries,2566-3,6.4
8581,What was the name of the football club David Beckham made his first team debut with at age 17?,Q10520,David Beckham,,,,,,,1,Q18656,Manchester United F.C.,text,Manchester United,soccer,2848-3,6.4
9118,Who is the character that Robin ends up marrying in the last season of How I Met Your Mother?,Q838512,Barney Stinson,,,,,,,1,Q838512,Barney Stinson,table,Barney Stinson,tvseries,2946-4,6.4
7625,"What is the name of the first episode of the first season of the series, Buffy the Vampire Slayer?",Q183513,Buffy the Vampire Slayer,,,,,,,1,Q2902031,Welcome to the Hellmouth,table,Welcome to the Hellmouth,tvseries,2566-2,6.4
8172,What was the name of the author of the book on which the movie The Notebook was based on?,Q223374,The Notebook,,,,,,,1,Q219377,Nicholas Sparks,infobox,Nicholas Sparks,movies,2752-2,6.4
2564,Was the song Legend in Your Own Time on the Carly Simon album Anticipation?,Q17020238,Legend in Your Own Time,Q181683,Carly Simon,Q4774622,Anticipation,,,3,Yes,Yes,text,yes,music,864-3,6.3
2172,Which album by Metallica was released first: Ride the Lightning or Master of Puppets?,Q15920,Metallica,Q190989,Ride the Lightning,Q187507,Master of Puppets,,,3,Q190989,Ride the Lightning,table,Ride the Lightning,music,724-1,6.3
6461,In which year did the player Luís Figo transfer from Barcelona to Real Madrid?,Q483145,Lu\u00EDs Figo,Q7156,FC Barcelona,Q8682,Real Madrid C.F.,,,3,2000-01-01T00:00:00Z,2000,table,2000,soccer,2178-1,6.3
5143,Who provided a loan for Álvaro Morata to play for Serie A club Juventus?,Q48770,\u00C1lvaro Morata,Q15804,Serie A,Q1422,Juventus F.C.,,,3,Q324867,La Liga,text,La Liga,soccer,1738-2,6.3
1826,What number of appearances has Andrea Pirlo made for the football club New York City FC?,Q13361030,New York City FC,Q43926,Andrea Pirlo,,,,,2,62,62,table,62,soccer,608-3,6.199999999999999
3856,What is the name of the actress who played Lorelai's daughter in the show Gilmore Girls?,Q193462,Gilmore Girls,Q2533281,Lorelai Gilmore,,,,,2,Q192887,Alexis Bledel,text,Alexis Bledel,tvseries,1307-0,6.199999999999999
2763,What is the genre of the book The Importance of Being Earnest written by Oscar Wilde?,Q830501,The Importance of Being Earnest,Q30875,Oscar Wilde,,,,,2,Q40831,comedy,kb,comedy,books,940-3,6.199999999999999
3145,What year did the El Salvador national football team make their first FIFA World Cup appearance?,Q188228,El Salvador national football team,Q19317,FIFA World Cup,,,,,2,1970-01-01T00:00:00Z,1970,table,1970,soccer,1068-2,6.199999999999999
1165,After their 2018 FIFA World Cup win how many wins did France national football team have?,Q47774,France national association football team,Q19317,FIFA World Cup,,,,,2,2,2,infobox,2,soccer,388-1,6.199999999999999
2894,On what date was Guns N' Roses inducted into the Rock and Roll Hall of Fame?,Q11895,Guns N\u2019 Roses,Q17981569,14 April 2012,,,,,2,2012-04-14T00:00:00Z,14 April 2012,text,"April 14, 2012",music,984-2,6.199999999999999
3598,What was the other book to get the Newbery Honor in 2019 besides The Night Diary?,Q622813,Newbery Medal,Q65083326,Q65083326,,,,,2,Q65119016,Q65119016,table,The Book of Boy,books,1220-4,6.199999999999999
1458,What was the name of the role played by the actor Stephen Amell in Arrow series?,Q616960,Stephen Amell,Q552314,Arrow,,,,,2,Q19866576,Oliver Queen,text,Oliver Queen,tvseries,486-1,6.199999999999999
368,What award did Ellen DeGeneres receive for playing Dory with the category Favorite Animated Movie Voice?,Q483325,Ellen DeGeneres,Q20823008,Dory,,,,,2,Q501058,People's Choice Awards,table,People's Choice Award,movies,122-2,6.199999999999999
205,What is the number of goals scored by Kylian Mbappé for France in the year 2018?,Q21621995,Kylian Mbapp\u00E9,Q142,France,,,,,2,9,9,table,9,soccer,68-1,6.199999999999999
3774,Which actor played Carl Lee Hailey in the 1996 movie adaptation of A Time to Kill?,Q1213715,A Time to Kill,Q498867,A Time to Kill,,,,,2,Q172678,Samuel L. Jackson,text,Samuel L. Jackson,books,1280-1,6.199999999999999
1855,Sean Johnson was the second choice goalkeeper behind which player during the 2013 CONCACAF Gold Cup?,Q2458826,Sean Johnson,Q275439,2013 CONCACAF Gold Cup,,,,,2,Q1356730,Nick Rimando,text,Nick Rimando,soccer,618-2,6.199999999999999
1833,What type of bomber did the main character Captain John Yossarian fly in the novel Catch-22?,Q278208,Catch-22,Q4022919,Yossarian,,,,,2,Q502117,B-25 Mitchell,text,North American B-25 Mitchell,books,610-4,6.199999999999999
3692,What was the name of the character played by Brad Pitt in the movie Fight Club?,Q35332,Brad Pitt,Q190050,Fight Club,,,,,2,Q4001141,Tyler Durden,table,Tyler Durden,movies,1252-2,6.199999999999999
1301,What actor plays the leading role of Randle McMurphy in One Flew Over the Cuckoo's Nest?,Q2089370,Randle McMurphy,Q171669,One Flew Over the Cuckoo's Nest,,,,,2,Q39792,Jack Nicholson,text,Jack Nicholson,movies,433-0,6.199999999999999
4639,What is the date of birth of the The Chronicles of Narnia writer C. S. Lewis?,Q9204,C. S. Lewis,Q483412,The Chronicles of Narnia,,,,,2,1898-11-29T00:00:00Z,29 November 1898,infobox,29 November 1898,books,1570-3,6.199999999999999
1687,Did Robin Shou reprised his role as Kiu Kang in the rebooted 2021 Mortal Kombat movie?,Q353049,Robin Shou,Q63862159,Mortal Kombat,,,,,2,No,No,text,No,movies,562-2,6.199999999999999
6589,What book did  George R. R. Martin write that was a New York Times best seller?,Q9684,The New York Times,Q181677,George R. R. Martin,,,,,2,Q1764445,A Feast for Crows,text,A Feast for Crows,books,2220-3,6.199999999999999
6453,What is the name of the band which had Darren Hayes and Daniel Jones as members?,Q527055,Darren Hayes,Q679289,Daniel Jones,,,,,2,Q493710,Savage Garden,text,Savage Garden,music,2175-0,6.199999999999999
6170,Which actor portrayed Peter Pevensie in the 1988 BBC tv adaptation of The Chronicles of Narnia?,Q1627590,Peter Pevensie,Q2078932,"The Lion, the Witch and the Wardrobe",,,,,2,Q730353,Richard Dempsey,text,Richard Dempsey,books,2080-4,6.199999999999999
6415,Which movie did Samuel L. Jackson win a BAFTA award for best supporting actor in 1994?,Q172678,Samuel L. Jackson,Q17092800,list of awards and nominations received by Samuel L. Jackson,,,,,2,Q104123,Pulp Fiction,table,Pulp Fiction,movies,2162-3,6.199999999999999
6608,What ship do they use to escape at the end of Space Pilot 3000 in Futurama?,Q185831,Space Pilot 3000,Q73622,Futurama,,,,,2,Q1075007,Planet Express Ship,text,Planet Express Ship,tvseries,2226-4,6.199999999999999
6602,"What year did the Diana, Princess of Wales version of Candle in the Wind come out?",Q56071967,Candle in the Wind,Q9685,"Diana, Princess of Wales",,,,,2,1997-01-01T00:00:00Z,1997,text,1997,music,2224-4,6.199999999999999
6139,What was the Kazuo Ishiguro's next novel to be released after The Remains of the Day?,Q272855,Kazuo Ishiguro,Q829934,The Remains of the Day,,,,,2,Q7771331,The Unconsoled,infobox,The Unconsoled,books,2070-3,6.199999999999999
5149,What is the date of birth of the Diary of a Wimpy Kid's creator Jeff Kinney?,Q1339580,Diary of a Wimpy Kid,Q311704,Jeff Kinney,,,,,2,1971-02-19T00:00:00Z,19 February 1971,text,19 February 1971,books,1740-2,6.199999999999999
9395,What is the total number of years served by Gideon Raff in the Israel Defense Forces?,Q58967,Israel Defense Forces,Q5559656,Gideon Raff,,,,,2,3,3,text,3,tvseries,2996-7,6.199999999999999
6667,Which Master Chef Australia season did the chef Emelia Jackson appear before winning in season 12?,Q97576729,Emelia Jackson,Q85784212,"MasterChef Australia, series 12",,,,,2,Q16997425,"MasterChef Australia, series 6",text,MasterChef Australia series 6,tvseries,2246-3,6.199999999999999
7531,What is the date of birth of lead drummer Tico Torres of the Band Bon Jovi?,Q259254,Bon Jovi,Q310975,Tico Torres,,,,,2,1953-10-07T00:00:00Z,7 October 1953,text,7 October 1953,music,2534-4,6.199999999999999
7669,"Which country awarded the author Najib Mahfouz by ""Grand Cordon of the Order of the Nile""?",Q1783222,Great Nile necklace,Q7176,Naguib Mahfouz,,,,,2,Q79,Egypt,table,Egypt,books,2580-4,6.199999999999999
9349,Who managed Norwich City F.C. when they were promoted to the English Premier League in 2021?,Q18721,Norwich City F.C.,Q9448,Premier League,,,,,2,Q30015253,Daniel Farke,table,Daniel Farke,soccer,2988-5,6.199999999999999
9345,Which team promoted to the English Premier League for 2021-22 won the EFL Championship in 2021?,Q9448,Premier League,Q19510,EFL Championship,,,,,2,Q18721,Norwich City F.C.,table,Norwich City F.C.,soccer,2988-1,6.199999999999999
7489,"The author of the Book ""The Power of Habit"" Charles Duhigg is residing in which city?",Q16979586,The Power of Habit,Q5076992,Charles Duhigg,,,,,2,Q159232,Santa Cruz,text,"Santa Cruz, California",books,2520-4,6.199999999999999
4572,what is Kylian Mbappé age when he became the youngest French player to score at a World Cup?,Q21621995,Kylian Mbapp\u00E9,,,,,,,1,18,18,text,18,soccer,1548-1,6.1
1822,What is the name of the presenter who hosted most of the TV show America's Next Top Model?,Q31426,America's Next Top Model,,,,,,,1,Q172303,BanX,infobox,Tyra Banks,tvseries,607-0,6.1
2893,Who is the lead singer and front man of the iconic rock and roll band Guns N' Roses?,Q11895,Guns N\u2019 Roses,,,,,,,1,Q11885,Axl Rose lml,kb,Axl Rose,music,984-1,6.1
3092,What were the demographics of black people in Memphis Tennessee when If Beale Street Could Talk was written?,Q60388749,If Beale Street Could Talk,,,,,,,1,Q16563,Memphis,table,38.9%,books,1050-3,6.1
111,What is the name of the actress who plays the character Skyler White in the series Breaking Bad?,Q6586283,Skyler White,,,,,,,1,Q271050,Anna Gunn,text,Anna Gunn,tvseries,36-3,6.1
1685,Which fighting video game franchise developed by Midway Games was adapted into a live action movie in 1995?,Q241163,Mortal Kombat,,,,,,,1,Q819196,Mortal Kombat,infobox,Mortal Kombat,movies,562-0,6.1
3312,"When was released the song ""I'm Your Angel"" in United States in the format of Contemporary hit radio?",Q4922282,I'm Your Angel,,,,,,,1,1998-10-13T00:00:00Z,13 October 1998,table,13 October 1998,music,1124-4,6.1
2210,What is the name of the actor who played the character Steve Taylor in the TV series Coupling?,Q1137587,Coupling,,,,,,,1,Q310930,Jack Davenport,text,Jack Davenport,tvseries,736-3,6.1
2919,What is the name of the political party that Clint Eastwood was affiliated to in the year 1970?,Q43203,Clint Eastwood,,,,,,,1,Q29468,Republican Party,infobox,Republican Party,movies,992-3,6.1
2047,What is the name of the actress who won the Academy Award in 2014 instead of Sandra Bullock?,Q13419956,86th Academy Awards,,,,,,,1,Q80966,Cate Blanchett,table,Cate Blanchett,movies,682-2,6.1
580,Director of the first part The Curse of the Black Pearl  in the flim Pirates of the Caribbean?,Q194318,Pirates of the Caribbean,,,,,,,1,Q295463,Gore Verbinski,table,Gore Verbinski,movies,193-0,6.1
3797,Who was the head coach of the United States men's national soccer team during the 2010 World Cup?,Q164134,United States men's national soccer team,,,,,,,1,Q442325,Bob Bradley,text,Bob Bradley,soccer,1288-0,6.1
2155,"In the sport of soccer, what the two most prestigious competitions?",Q18756,UEFA Champions League,Q748389,UEFA Women's Champions League,Q18756,UEFA Champions League,Q748389,UEFA Women's Champions League,4,Q18756,UEFA Champions League,kb,UEFA Champions League and UEFA Women's Champions League,soccer,718-2,6.1
439,What is the name of the character played by the actor Cillian Murphy in the series Peaky Blinders?,Q14944179,Peaky Blinders,,,,,,,1,Q16803320,Tommy Shelby,table,Tommy Shelby,tvseries,146-1,6.1
3906,Which album by The rolling stones was released first:The Rolling Stones No. 2 or you can't catch me?,Q11036,The Rolling Stones,,,,,,,1,Q930757,The Rolling Stones No. 2,text,The Rolling Stones No. 2,music,1324-1,6.1
3179,Who was the author of the famed series of novels and short stories about the detective Hercule Poirot?,https://en.wikipedia.org/wiki/Hercule_Poirot#Appearance_and_proclivities,https://en.wikipedia.org/wiki/Hercule_Poirot#Appearance_and_proclivities,,,,,,,1,Q170534,Hercule Poirot,kb,Agatha Christie,books,1080-0,6.1
576,"Who is the screenwriter  of the second part ""Dead Man's Chest"" in the flim Pirates of the Caribbean?",Q194318,Pirates of the Caribbean,,,,,,,1,Q942914,Terry Rossio,table,Terry Rossio,movies,192-1,6.1
4487,What is the total number of players on each team in a game of soccer AKA association football?,Q2736,soccer,,,,,,,1,11,11,text,11,soccer,1519-0,6.1
5997,What was the name of the actor who played Willy Wonka in Willy Wonka and the Chocolate Factory?,Q936327,Willy Wonka & the Chocolate Factory,,,,,,,1,Q191966,Gene Wilder,kb,Gene Wilder,movies,2023-0,6.1
5492,"When was the song ""Easy on Me"" released in United States in the format of Adult contemporary radio?",Q108805763,Easy on Me,,,,,,,1,2021-10-18T00:00:00Z,18 October 2021,table,18 October 2021,music,1854-3,6.1
5295,"Who was the head coach for CF Montréal soccer team from August 10, 2011 to November 3, 2012?",Q167615,CF Montr\u00E9al,,,,,,,1,Q1336179,Jesse Marsch,table,Jesse Marsch,soccer,1788-4,6.1
6333,Which 1980 girl band had 30 Top 50 singles in the UK singles chart between 1982 and 2009?,Q193259,UK Singles Chart,,,,,,,1,Q725926,Bananarama,text,Bananarama,music,2135-0,6.1
9095,"When was the movie, The Lord of the Rings: The Fellowship of the Ring, directed by Peter Jackson?",Q127367,The Lord of the Rings: The Fellowship of the Ring,,,,,,,1,2001-01-01T00:00:00Z,2001,kb,2001,movies,2942-3,6.1
8729,What song did the band The Cranberries win a MTV Europe Music Award for Best Song in 1995?,Q483810,The Cranberries,,,,,,,1,Q169298,Zombie,kb,Zombie,music,2874-9,6.1
7204,Who wrote the novel A Song of Ice and Fire on which Game of Thrones was based on?,Q181677,George R. R. Martin,,,,,,,1,Q181677,George R. R. Martin,kb,George R. R. Martin,tvseries,2426-1,6.1
8492,What is the name of the street that the University of Television and Film Munich is found on?,Q569350,University of Television and Film Munich,,,,,,,1,Q823225,Bernd-Eichinger-Platz,kb,Bernd-Eichinger-Platz,movies,2832-2,6.1
9128,What is the FIFA organization that was founded in Mexico City and currently includes all of North America?,Q160549,CONCACAF,,,,,,,1,Q160549,CONCACAF,table,CONCACAF,soccer,2948-3,6.1
4351,What number of years later was the sequel of The Bourne Identity released?,Q868683,Bourne,Q105624,The Bourne Identity,Q156608,The Bourne Supremacy,,,3,2,2,table,2,movies,1473-0,6.0
2283,Who played Lisbeth Salander in David Fincher's The Girl with the Dragon Tattoo?,Q1191282,Lisbeth Salander,Q184903,David Fincher,Q474093,The Girl with the Dragon Tattoo,,,3,Q228766,Rooney Mara,kb,Rooney Mara,movies,762-0,6.0
2136,What costume designer received an Oscar nomination for working on the film Airport?,Q409022,Airport,Q234961,Edith Head,Q234961,Edith Head,,,3,Q234961,Edith Head,table,Edith Head,movies,712-1,6.0
6462,What was the fee of Luís Figo's transfer from Barcelona to Real Madrid?,Q483145,Lu\u00EDs Figo,Q7156,FC Barcelona,Q8682,Real Madrid C.F.,,,3,€62 million,€62 million,table,€62 million,soccer,2178-2,6.0
3385,What country did the United States play against in the 2009 FIFA Confederations Cup final?,Q183674,2009 FIFA Confederations Cup,Q1039981,2009 FIFA Confederations Cup Final,,,,,2,Q83459,Brazil national football team,kb,Brazil national football team,soccer,1149-0,5.9
4580,Is the book Farmer boy based on the childhood of the Wilder's husband Almanzo Wilder?,Q5435715,Farmer Boy,Q3090807,Almanzo Wilder,,,,,2,Yes,Yes,text,Yes,books,1550-3,5.9
3156,Name the character played by the actor Robin Williams in the play Waiting for Godot.,Q83338,Robin Williams,Q19871,Waiting for Godot,,,,,2,Q5401769,Estragon,table,Estragon,movies,1072-1,5.9
3858,Who was the captain of Manchester United F.C. when they won the 1999 FA cup?,Q18656,Manchester United F.C.,Q4484528,1999 FA Cup Final,,,,,2,Q188632,Roy Keane,table,Roy Keane,soccer,1308-1,5.9
2048,What is the film which won Cate Blanchett the Oscar for best actress in 2014?,Q80966,Cate Blanchett,Q13419956,86th Academy Awards,,,,,2,Q2907178,Blue Jasmine,table,Blue Jasmine,movies,682-3,5.9
1608,What is the name of the actress playing the role of Betty Cooper in Riverdale?,Q23001951,Riverdale,Q2900232,Betty Cooper,,,,,2,Q28653501,Lili Reinhart,text,Lili Reinhart,tvseries,536-1,5.9
1478,Who won the Los Angeles Film Critics Association Award for Best Actor in Ordinary People?,Q503034,Los Angeles Film Critics Association Award for Best Actor,Q503313,Ordinary People,,,,,2,Q310324,Timothy Hutton,text,Timothy Hutton,movies,492-3,5.9
1850,In the 1998-1999 NBC Must See TV lineup which show directly preceded Will & Grace?,Q4044675,Q4044675,Q212135,Will & Grace,,,,,2,Q79784,Friends,table,Friends,tvseries,616-3,5.9
1884,Did United States women's national soccer team also win the 2019 FIFA women's world cup?,Q334526,United States women's national soccer team,Q4630361,2019 FIFA Women's World Cup,,,,,2,Yes,Yes,kb,Yes,soccer,628-1,5.9
2774,What is the name of the Queen band member who wrote the song Bohemian Rhapsody?,Q15862,Queen,Q187745,Bohemian Rhapsody,,,,,2,Q15869,Freddie Mercury,text,Freddie Mercury,music,944-2,5.9
2133,"In what year was the movie adaptation of the book Carrie, by Stephen King, made?",Q39829,Stephen King,Q162672,Carrie,,,,,2,1976-01-01T00:00:00Z,1976,text,1976,books,710-4,5.9
1823,Who won the most Man of the match awards in the 2006 FIFA World Cup?,Q37285,2006 FIFA World Cup,Q368974,FIFA World Cup awards,,,,,2,Q43926,Andrea Pirlo,table,Andrea Pirlo,soccer,608-0,5.9
2890,Which well-known '70s comedian played a key role in writing the screenplay for Blazing Saddles?,Q957323,Blazing Saddles,Q104266,Mel Brooks,,,,,2,Q294912,Richard Pryor,text,Richard Pryor,movies,982-4,5.9
2146,What was the name of the boy band who released the single MMMBop in 1996?,Q768621,Hanson,Q11987482,MMMBop,,,,,2,Q11987482,MMMBop,kb,Hanson,music,715-0,5.9
2524,What is the name of the character played by Leonardo DiCaprio in the film Titanic?,Q38111,Leonardo DiCaprio,Q44578,Titanic,,,,,2,Q3805567,Jack Dawson,text,Jack Dawson,movies,842-2,5.9
1444,Which writer's mother was named Anne-Charlotte-Laure Sallambier and was also conferred upon with Légion d'honneur?,Q19112644,Anne-Charlotte-Laure Sallambier,Q163700,Legion of Honour,,,,,2,Q9711,Honor\u00E9 de Balzac,text,Honoré de Balzac,books,481-0,5.9
2896,What was the name of the 28-month tour Guns N' Roses embarked upon in 1991?,Q11895,Guns N\u2019 Roses,Q17981569,14 April 2012,,,,,2,Q268925,Use Your Illusion Tour,text,Use Your Illusion Tour,music,984-4,5.9
1305,What year were Simon & Garfunkel inducted into the Rock and Roll Hall of Fame?,Q484918,Simon & Garfunkel,Q41254,Grammy Award,,,,,2,1990-01-01T00:00:00Z,1990,text,1990,music,434-3,5.9
4171,What is the name of the actor cast opposite Rachel Weisz in the film Constantine?,Q134077,Rachel Weisz,Q219150,Constantine,,,,,2,Q43416,Keanu Reeves,table,Keanu Reeves,movies,1412-3,5.9
1230,What year did the first feature film adaptation of the novel Nineteen Eighty-Four come out?,Q208460,Nineteen Eighty-Four,Q31071951,Nineteen Eighty-Four in other media,,,,,2,1956-01-01T00:00:00Z,1956,text,1956,books,410-0,5.9
1921,What book followed the Fellowship of the Ring in the Lord of the Rings series?,Q208002,The Fellowship of the Ring,Q15228,The Lord of the Rings,,,,,2,Q332388,The Two Towers,infobox,The Two Towers,books,640-2,5.9
4543,What member of the San Jose Earthquakes won the Landon Donovan MVP Award in 201?,Q575370,San Jose Earthquakes,Q94494,Landon Donovan MVP Award,,,,,2,Q1077877,Chris Wondolowski,table,Chris Wondolowski,soccer,1538-2,5.9
1839,Which movie did Steven Spielberg directed the same year as Catch Me If You Can?,Q8877,Steven Spielberg,Q2341923,Steven Spielberg filmography,,,,,2,Q244604,Minority Report,table,Minority Report,movies,612-4,5.9
4812,How many goals did Pele scored for Brazil national football team in the year 1971?,Q12897,Pel\u00E9,Q83459,Brazil national football team,,,,,2,1,1,table,1,soccer,1628-3,5.9
4907,When was The Eye of the World from the Wheel of Time book series published?,Q477994,The Eye of the World,Q4470,The Wheel of Time,,,,,2,1990-01-15T00:00:00Z,15 January 1990,infobox,15 January 1990,books,1660-1,5.9
1588,Which English football club made history by being the first to achieve the European treble?,Q2736,soccer,Q845101,treble,,,,,2,Q18656,Manchester United F.C.,text,Manchester United F.C.,soccer,529-0,5.9
758,What was the next starring role Mel Gibson had after the science fiction movie Signs?,Q42229,Mel Gibson,Q22432,Signs,,,,,2,Q760093,Edge of Darkness,text,Edge of Darkness,movies,252-3,5.9
2144,"What is the name of the ""middle member"" of the popular teen pop band Hanson?",Q2610405,Taylor Hanson,Q2610405,Taylor Hanson,,,,,2,Q2610405,Taylor Hanson,kb,Taylor Hanson,music,714-3,5.9
1923,Who dies in Lord of the Rings trying to get the ring back at Mordor?,Q177329,Frodo Baggins,Q15228,The Lord of the Rings,,,,,2,Q15007,Gollum,text,Gollum,books,640-4,5.9
4622,"What position did ""If You Had My Love"" debut at on the Billboard Hot 100?",Q848739,If You Had My Love,Q180072,Billboard Hot 100,,,,,2,Q848739,If You Had My Love,text,81,music,1564-3,5.9
1821,Who won the America's Next Top Model in the season next to Adrianne Curry's cycle?,Q31426,America's Next Top Model,Q234423,Adrianne Curry,,,,,2,Q434414,Yoanna House,table,Yoanna House,tvseries,606-4,5.9
6162,What other cup besides the US Open Cup did Chicago Fire FC win in 1998?,Q308683,Chicago Fire Soccer Club,Q27192,U.S. Open Cup,,,,,2,Q577698,MLS Cup,text,MLS Cup,soccer,2078-2,5.9
6316,Which 1925 novel set in the Jazz age is hailed as a Great American Novel?,Q388483,Jazz Age,Q1544219,Great American Novel,,,,,2,Q214371,The Great Gatsby,table,The Great Gatsby,books,2130-0,5.9
5820,Who are the producers of the Coloratura song from the album Music of the Spheres?,Q107636410,Coloratura,Q107597380,Music of the Spheres,,,,,2,"M. Martin, Holter, Rahko","M. Martin, Holter, Rahko",table,"M. Martin, Holter, Rahko",music,1964-2,5.9
6009,What is the name of the actress who played Bloom in Fate: The Winx Saga?,Q68210731,Fate: The Winx Saga,Q390488,Bloom,,,,,2,Q63379797,Abigail Cowen,kb,Abigail Cowen,tvseries,2027-0,5.9
6601,"Did Elton John rewrite Candle in the Wind to be about Diana, Princess of Wales?",Q56071967,Candle in the Wind,Q9685,"Diana, Princess of Wales",,,,,2,Yes,Yes,text,Yes,music,2224-3,5.9
6593,Which character did Mark Hamill play in Star Wars: Episode IV – A New Hope?,Q17738,Star Wars,Q210447,Mark Hamill,,,,,2,Q51746,Luke Skywalker,text,Luke Skywalker,movies,2222-1,5.9
6486,Did the main character Daredevil appear in other Marvel Cinematic Universe tv shows and movies?,Q16977365,Daredevil,Q110445061,Q110445061,,,,,2,Yes,Yes,text,Yes,tvseries,2186-2,5.9
5791,What is the name of the show in which Shakira and Adam Levine were judges?,Q34424,Shakira,Q219631,Adam Levine,,,,,2,Q7772981,"The Voice, U.S. season 4",text,The Voice,music,1954-3,5.9
7068,Has The Independent selected The White Tiger as one of the 12 best Indian novels?,Q2301826,The White Tiger,Q11149,The Independent,,,,,2,Yes,Yes,text,Yes,books,2380-3,5.9
7667,In which year was the first novel Palace Walk in the series Cairo Trilogy published?,Q5017794,Cairo Trilogy,Q3149381,Palace Walk,,,,,2,1956-01-01T00:00:00Z,1956,infobox,1956,books,2580-2,5.9
7277,What is the publication date of the second book of the series The Kane Chronicles?,Q2516759,The Kane Chronicles,Q282284,The Throne of Fire,,,,,2,2011-05-09T00:00:00Z,9 May 2011,infobox,9 May 2011,books,2450-2,5.9
7342,What was the name of the character played by Mel Gibson in the film Braveheart?,Q162729,Braveheart,Q42229,Mel Gibson,,,,,2,Q82457,William Wallace,text,William Wallace,movies,2472-1,5.9
7119,Which American goalkeeper made 15 saves in a World Cup match against Belgium in 2014?,Q79859,2014 FIFA World Cup,Q15267652,2014 FIFA World Cup knockout stage,,,,,2,Q200785,Tim Howard,text,Tim Howard,soccer,2398-0,5.9
9094,"What is the name of the first movie in the series, Lord of the Rings?",Q190214,The Lord of the Rings trilogy,Q127367,The Lord of the Rings: The Fellowship of the Ring,,,,,2,Q127367,The Lord of the Rings: The Fellowship of the Ring,table,The Lord of the Rings: The Fellowship of the Ring,movies,2942-2,5.9
8031,What's the name of the 1960 psychological horror film produced and directed by Alfred Hitchcock?,Q7374,Alfred Hitchcock,Q2395037,Alfred Hitchcock filmography,,,,,2,Q163038,Psycho,table,Psycho,movies,2702-0,5.9
9389,What is the name of the actress playing the role of Carrie Mathison in Homeland?,Q5046271,Carrie Anne Mathison,Q23594,Homeland,,,,,2,Q867813,Claire Danes,infobox,Claire Danes,tvseries,2996-1,5.9
7100,The 1997 science fiction movie Contact was based on a novel written by which author?,Q270215,Contact,Q741013,Contact,,,,,2,Q410,Carl Sagan,kb,Carl Sagan,books,2391-0,5.9
6648,Which other book than Rabbit Is Rich has won a Pulitzer Prize for John Updike?,Q549152,Rabbit Is Rich,Q105756,John Updike,,,,,2,Q1649823,Rabbit at Rest,text,Rabbit at Rest,books,2240-2,5.9
8802,Who was the Manager of St Johnstone F.C. when they won the 2014 Scottish Cup?,Q308822,Scottish Cup,Q268776,St. Johnstone F.C.,,,,,2,Q3531369,Tommy Wright,table,Tommy Wright,soccer,2888-5,5.9
8564,What was the title of the second track on the album Peace by the Eurythmics?,Q949491,Peace,Q207706,Eurythmics,,,,,2,Q935372,I Saved the World Today,text,I Saved the World Today,music,2844-8,5.9
8751,In what year was Megan Rapinoe named one of Time Magazine's 100 most influential people?,Q260725,Megan Rapinoe,Q604370,Time 100,,,,,2,2020-01-01T00:00:00Z,2020,infobox,2020,soccer,2878-9,5.9
8739,"What actor played Robert Crawley, 7th Earl of Grantham in the TV series Downton Abbey?",Q6382340,list of Downton Abbey characters,Q83071,Downton Abbey,,,,,2,Q155775,Hugh Bonneville,table,Hugh Bonneville,tvseries,2876-8,5.9
7673,Who is the publisher of the character Deadpool on which the movie Deadpool is based?,Q19347291,Deadpool,Q1631090,Deadpool,,,,,2,Q173496,Marvel Comics,infobox,Marvel Comics,movies,2582-2,5.9
9301,Which was the last year that Mary Robinette Kowal won a Hugo Award before 2019?,Q4225496,Mary Robinette Kowal,Q188914,Hugo Award,,,,,2,2014-01-01T00:00:00Z,2014,text,2014,books,2980-1,5.9
7516,What is the Publication date of the first book of the series His Dark Materials?,Q129240,His Dark Materials trilogy,Q169976,Northern Lights,,,,,2,1995-07-09T00:00:00Z,9 July 1995,infobox,9 July 1995,books,2530-1,5.9
7518,What is the Publication date of the Second book of the series His Dark Materials?,Q129240,His Dark Materials trilogy,Q472208,The Subtle Knife,,,,,2,1997-07-22T00:00:00Z,22 July 1997,table,22 July 1997,books,2530-3,5.9
7165,Who played the role of the former boxer Charlie's son in the movie Real steel?,Q129591,Hugh Jackman,Q261759,Real Steel,,,,,2,Q241497,Dakota Goyo,table,Dakota Goyo,movies,2412-4,5.9
7279,What is the publication date of the last book of the series The Kane Chronicles?,Q2516759,The Kane Chronicles,Q7763362,The Serpent's Shadow,,,,,2,2012-05-02T00:00:00Z,2 May 2012,infobox,2 May 2012,books,2450-4,5.9
8756,"Who was the publisher of Kingdom Come, the final book in the left behind series?",Q6412485,Kingdom Come,Q1027525,Left Behind,,,,,2,Q5408143,Tyndale House,kb,Tyndale House,books,2880-3,5.9
8816,Which book by John le Carré was the last to feature the character George Smiley?,Q209641,John le Carr\u00E9,Q2335880,George Smiley,,,,,2,Q48975967,A Legacy of Spies,table,A Legacy of Spies,books,2890-8,5.9
4113,The name of the writer who wrote the script for the 1979 science fiction horror film Alien.,Q103569,Alien,,,,,,,1,Q498430,Dan O'Bannon,kb,Dan O'Bannon;Ronald Shusett,movies,1393-0,5.8
2510,What team won the gold medal for soccer in the men's division in the 2020 Summer Olympics?,Q61056311,football at the 2020 Summer Olympics \u2013 men's tournament,,,,,,,1,Q899189,Brazil Olympic football team,infobox,Brazil,soccer,838-0,5.8
4349,What is the name of the actor who played the lead character role in the Bourne series?,Q868683,Bourne,,,,,,,1,Q175535,Matt Damon,infobox,Matt Damon,movies,1472-3,5.8
1862,When did Alexandre Dumas get the final part of The Vicomte of Bragelonne: Ten Years Later published?,Q769001,The Vicomte of Bragelonne: Ten Years Later,,,,,,,1,1850-01-01T00:00:00Z,1850,kb,1850,books,620-3,5.8
1252,Which tv show did Joel de la Fuente worked on before starring in Space: Above and Beyond?,Q6214117,Joel de la Fuente,,,,,,,1,Q24620,Due South,text,Due South,tvseries,416-4,5.8
938,What is the name of the actor who plays the leading role in the movie The Terminator?,Q162255,The Terminator,,,,,,,1,Q2685,Arnold Schwarzenegger,infobox,Arnold Schwarzenegger,movies,312-3,5.8
1667,"What is the award received for the episodes ""The Woman in Limbo"" in the tv series bones?",Q207803,Bones,,,,,,,1,Q135498,Genesis Award,text,Genesis Award,tvseries,556-0,5.8
1820,What is the name of the model who won the first cycle of America's Next Top Model?,Q31426,America's Next Top Model,,,,,,,1,Q234423,Adrianne Curry,table,Adrianne Curry,tvseries,606-3,5.8
194,What is the name of the movie released in 2004 did the singer Chris Martin appear in?,Q712860,Chris Martin,,,,,,,1,Q858724,Shaun of the Dead,table,Shaun of the Dead,music,64-2,5.8
4129,What position did Portland Timbers ended up in at the end of the 2021 MLS regular season?,Q1031200,Portland Timbers,,,,,,,1,Q25097151,5th,infobox,5th,soccer,1398-3,5.8
748,What is the name of the football club that Oliver Kahn played for in the year 2001?,Q131261,Oliver Kahn,,,,,,,1,Q15789,FC Bayern Munich,table,FC Bayern Munich,soccer,249-0,5.8
3379,Who was the actor who had the central role as Jack Bauer in the tv show 24?,Q56194,24,,,,,,,1,Q103946,Kiefer Sutherland,infobox,Kiefer Sutherland,tvseries,1147-0,5.8
1691,On which social media platform did the pop rock band OneRepublic got their start before being signed?,Q1438730,OneRepublic,,,,,,,1,Q40629,Myspace,text,Myspace,music,564-0,5.8
191,What is the name of the actress who played the leading role in the film Mean Girls?,Q631103,Mean Girls,,,,,,,1,Q44903,Lindsay Lohan,text,Lindsay Lohan,movies,63-0,5.8
3038,"Who is the screen writer of The Chronicles of Narnia: The Lion, the Witch and the Wardrobe?",Q1211909,The Chronicles of Narnia,,,,,,,1,Q5112818,Christopher Markus,table,Christopher Markus,movies,1032-3,5.8
4127,Who was the head coach for New York FC when they won the MLS Cup in 2021?,Q13361030,New York City FC,,,,,,,1,Q1784080,Ronny Deila,text,Ronny Deila,soccer,1398-1,5.8
1866,What was the name of the leader of the evil Kryptonian leader in the first Superman movie?,Q213053,Superman,,,,,,,1,Q105044103,General Zod,text,General Zod,movies,622-1,5.8
4353,What is the name of the single from Train that won two Grammys in the year 2002?,Q282531,Train,,,,,,,1,Q2521798,Drops of Jupiter,text,Drops of Jupiter (Tell Me),music,1474-1,5.8
6058,Which Dublin based band has a lead singer who was named as Time Person of the Year?,Q207826,Time Person of the Year,,,,,,,1,Q396,U2,text,U2,music,2044-0,5.8
6456,What is the name of the role that the actor Nestor Carbonell played in the Lost series?,Q225933,Nestor Carbonell,,,,,,,1,Q51326,Richard Alpert,kb,Richard Alpert,tvseries,2176-2,5.8
5365,What is the name of the film directed and written by John Hughes in the year 1984?,Q311263,John Hughes,,,,,,,1,Q572616,Sixteen Candles,table,Sixteen Candles,movies,1812-2,5.8
6195,The first female professional soccer player to appear on the cover of FIFA video game is who?,Q326704,FIFA,,,,,,,1,Q233510,Alex Morgan,text,Alex Morgan,soccer,2089-0,5.8
5619,Who is the captain other than Lee Mack in the TV show Would I Lie to You??,Q655817,Would I Lie to You?,,,,,,,1,Q457134,David Mitchell,kb,David Mitchell,tvseries,1896-4,5.8
6180,"In Babyface's cover of ""This Is for the Lover in You"" it featured which rapper beside Shalamar?",Q7786031,This Is for the Lover in You,,,,,,,1,Q52440,LL Cool J,text,LL Cool J,music,2084-2,5.8
5615,Who is the host of the TV series Would I Lie to You in the year 2019?,Q655817,Would I Lie to You?,,,,,,,1,Q2322261,Rob Brydon,text,Rob Brydon,tvseries,1896-0,5.8
5376,What is the name of the actor who plays the leading role in the TV series Blackadder?,Q49019,Blackadder,,,,,,,1,Q23760,Rowan Atkinson,text,Rowan Atkinson,tvseries,1816-1,5.8
6444,What is the name of the character that was the protagonist in the movie The Lion King?,Q36479,The Lion King,,,,,,,1,Q1649583,Simba,text,Simba,movies,2172-2,5.8
8682,What was the first show to win the Outstanding Multi-Camera Picture Editing for a Comedy Series award?,Q30633707,Primetime Emmy Award for Outstanding Multi-Camera Picture Editing for a Comedy Series,,,,,,,1,Q4533955,The Adams Chronicles,table,The Adams Chronicles,tvseries,2866-6,5.8
7627,What is the name of the character played by Anthony Head in Buffy the Vampire Slayer series?,Q183513,Buffy the Vampire Slayer,,,,,,,1,Q2340312,Rupert Giles,kb,Rupert Giles,tvseries,2566-4,5.8
6834,"In the 2019 movie Little Women, did Josephine ""Jo"" March get her novel, titled Little Women, printed?",Q56881140,Little Women,,,,,,,1,Yes,Yes,text,Yes,movies,2302-2,5.8
8747,Which country did the US Women's National Team defeat to win the Women's World Cup in 2015?,Q911847,2015 FIFA Women's World Cup,,,,,,,1,Q388232,Japan women's national football team,infobox,Japan,soccer,2878-5,5.8
8699,Who is the author of the Wolf Hall book series?,Q465700,Hilary Mantel,Q2657795,https://www.wikidata.org/wiki/Q2657795l,Q3644822,Bring Up the Bodies,Q7751674,The Mirror and the Light,4,Q465700,Hilary Mantel,infobox,Hilary Mantel,books,2870-1,5.8
8746,Which country did the US Women's National Team defeat to win the Women's World Cup in 2019?,Q4630361,2019 FIFA Women's World Cup,,,,,,,1,Q841563,Netherlands women's national football team,infobox,The Netherlands,soccer,2878-4,5.8
9369,What was the name of the film directed by Sam Wood for his first assignment as director?,Q457269,Sam Wood,,,,,,,1,Q5299883,Double Speed,text,Double Speed,movies,2992-3,5.8
9112,"What is the last album that was recorded by artist George Harrison, from the band the Beatles?",Q666903,Brainwashed,,,,,,,1,Q666903,Brainwashed,table,Brainwashed,music,2944-9,5.8
9117,"What actress was revealed to have been the mother, How I Met Your Mother was based on?",Q89639791,Q89639791,,,,,,,1,Q5186320,Cristin Milioti,text,Cristin Milioti,tvseries,2946-3,5.8
7133,What is the name of the character played by Ana de Armas in No Time to Die?,Q21534241,No Time to Die,,,,,,,1,Q63979466,Paloma,kb,Paloma,movies,2402-2,5.8
7782,How many goals Cristiano Ronaldo scored in 2007-2008 season in which he got the FIFA World Player?,Q11571,Cristiano Ronaldo,,,,,,,1,42,42,text,42,soccer,2618-3,5.8
8212,What's the name of the American sitcom series created by Bonnie Turner and Terry Turner in 1996?,Q892822,Bonnie and Terry Turner,,,,,,,1,Q870490,3rd Rock from the Sun,text,3rd Rock from the Sun,tvseries,2766-0,5.8
9123,How many total awards did How I Met Your Mother eventually win through its full time on?,Q15519161,list of awards and nominations received by How I Met Your Mother,,,,,,,1,21,21,infobox,21,tvseries,2946-9,5.8
7036,Who was responsible for authoring many of the Hardy Boy books under the pseudonym Franklin W. Dixon?,Q1471089,The Hardy Boys,,,,,,,1,Q14767574,Leslie McFarlane,kb,Leslie McFarlane,books,2370-1,5.8
8342,What was the next single released by Kylie Minogue after Can't Get You Out of My Head?,Q155029,Can't Get You Out of My Head,,,,,,,1,Q625701,In Your Eyes,kb,In Your Eyes,music,2804-6,5.8
3134,Is the song La Isla Bonita on the Madonna album True Blue?,Q939998,La Isla Bonita,Q1744,Madonna,Q154467,True Blue,,,3,Yes,Yes,kb,yes,music,1064-3,5.699999999999999
1239,did David Callaham write the screenplay for the sequel The Expendables 2?,Q3062086,The Expendables,Q963032,David Callaham,Q210812,The Expendables 2,,,3,No,No,table,No,movies,412-3,5.699999999999999
6242,What are the names of the members who founded the band Nirvana?,Q11649,Nirvana,Q8446,Kurt Cobain,Q428798,Krist Novoselic,,,3,lead singer and guitarist Kurt Cobain and bassist Krist Novoselic,lead singer and guitarist Kurt Cobain and bassist Krist Novoselic,text,lead singer and guitarist Kurt Cobain and bassist Krist Novoselic,music,2104-4,5.699999999999999
7439,"Which album did Blue Oyster Cult produce first, Spectres or Club Ninja?",Q331016,Blue \u00D6yster Cult,Q2708126,Spectres,Q583011,Club Ninja,,,3,Q2708126,Spectres,text,Spectres,music,2504-2,5.699999999999999
8705,What year did Thomas Cromwell die in the Wolf Hall book series?,Q2657795,Wolf Hall,Q294435,Thomas Cromwell,Q7751674,The Mirror and the Light,,,3,1540-01-01T00:00:00Z,1540,text,1540,books,2870-7,5.699999999999999
177,How many matches did Freddy Adu played for United States men's national soccer team?,Q310369,Freddy Adu,Q164134,United States men's national soccer team,,,,,2,17,17,infobox,17,soccer,58-3,5.6
1701,"In the 2013 biographical drama movie Jobs, which tech CEO did Ashton Kutcher portrayed?",Q164782,Ashton Kutcher,Q392825,Jobs,,,,,2,Q19837,Steve Jobs,text,Steve Jobs,tvseries,566-4,5.6
2625,Was the song Wait and Bleed by the band slipknot nominated for a grammy?,Q929774,Wait and Bleed,Q743725,Slipknot,,,,,2,Yes,Yes,text,Yes,music,884-4,5.6
4810,How many goals did Pele scored for New York Cosmos in the year 1975?,Q646135,New York Cosmos,Q12897,Pel\u00E9,,,,,2,17,17,table,17,soccer,1628-1,5.6
3777,How old was John Grisham when his novel A Time to Kill was published?,Q1213715,A Time to Kill,Q106465,John Grisham,,,,,2,34,34,kb,34,books,1280-4,5.6
1942,What was the actors name who played Zack Morris in Saved by the Bell?,Q1026823,Saved by the Bell,Q4023613,Zack Morris,,,,,2,Q719330,Mark-Paul Gosselaar,kb,Mark-Paul Gosselaar,tvseries,647-0,5.6
2130,Who starred as the title character in the movie adaptation of the book Carrie?,Q39829,Stephen King,Q190994,Sissy Spacek,,,,,2,Q190994,Sissy Spacek,kb,Sissy Spacek,books,710-1,5.6
1882,Who was the actor who portrayed Captain Kirk in the original Star Trek series?,Q1077,Star Trek: The Original Series,Q16311,James T. Kirk,,,,,2,Q16297,William Shatner,text,William Shatner,tvseries,627-0,5.6
3509,In Oliver Twist what city did young Oliver run away to after a fight?,Q164974,Oliver Twist,Q7087902,Oliver Twist,,,,,2,Q84,London,text,London,books,1190-3,5.6
2530,What year was the book Angry Blonde written by the rapper Eminem get published?,Q16825144,Angry Blonde,Q5608,Eminem,,,,,2,2000-01-01T00:00:00Z,2000,table,2000,music,844-2,5.6
1749,"When was the final James Bond Movie, No Time to Die released in theaters?",Q21534241,No Time to Die,Q21534241,No Time to Die,,,,,2,2021-01-01T00:00:00Z,2021,infobox,2021,movies,582-4,5.6
92,What is the name of Emily Brontë's sibling who authored the book Jane Eyre?,Q80137,Emily Bront\u00EB,Q182961,Jane Eyre,,,,,2,Q127332,Charlotte Bront\u00EB,text,Charlotte Brontë,books,30-2,5.6
2071,How many time was Aldous Huxley was nominated for the Nobel Prize in Literature?,Q81447,Aldous Huxley,Q37922,Nobel Prize in Literature,,,,,2,9,9,text,9,books,690-2,5.6
3800,Who scored a goal against Algeria during group stage at the 2010 World Cup?,Q164134,United States men's national soccer team,Q188578,2010 FIFA World Cup Group C,,,,,2,Q202237,Landon Donovan,text,Landon Donovan,soccer,1288-3,5.6
3161,Who was the guitar player that replaced Tom Topham in the band The Yardbirds?,Q457160,Top Topham,Q192725,The Yardbirds,,,,,2,Q48187,Eric Clapton,text,Eric Clapton,music,1074-0,5.6
2281,What is the name of the summer camp where Percy goes in Long Island?,Q5027225,Camp Half-Blood chronicles,Q3899725,Percy Jackson,,,,,2,Q12060105,Camp Half-Blood,kb,Camp Half-Blood,books,760-4,5.6
1416,What actor played the titular character in Star Trek II: The Wrath of Khan?,Q465478,Star Trek II: The Wrath of Khan,Q23031,Khan Noonien Singh,,,,,2,Q333595,Ricardo Montalb\u00E1n,text,Ricardo Montalbán,movies,472-1,5.6
2046,Did Sandra Bullock win an Academy Award for best actress for the movie Gravity?,Q40791,Sandra Bullock,Q13419956,86th Academy Awards,,,,,2,No,No,table,No,movies,682-1,5.6
1447,What is the title of the second film in the Star Wars prequel trilogy?,Q25540924,Star Wars prequel trilogy,Q462,Star Wars,,,,,2,Q18486021,Star Wars: The Last Jedi,table,Star Wars: The Last Jedi,movies,482-2,5.6
4481,"What was the first year in which Second City Television, or SCTV, was broadcast?",Q1767756,Second City Television,Q2480,1976,,,,,2,1976-01-01T00:00:00Z,1976,kb,1976,tvseries,1517-0,5.6
4910,Who is Rand al'Thor from the Wheel of Time book series the reincarnation of?,Q2362626,Rand al'Thor,Q4470,The Wheel of Time,,,,,2,Q2727041,Lews Therin Telamon,text,Lews Therin Telamon,books,1660-4,5.6
4122,"Was Gene Roddenberry the creator of the previous series, Star Trek: The Original Series?",Q191716,Gene Roddenberry,Q1077,Star Trek: The Original Series,,,,,2,Yes,Yes,text,Yes,tvseries,1396-2,5.6
2293,What is the name of the band where Pete Townshend played before The Who?,Q26933,Pete Townshend,Q93346,The Who,,,,,2,Q26933,Pete Townshend,text,the Detours,music,764-4,5.6
1441,Which book of Honoré de Balzac is third to feature the character called Rastignac?,Q9711,Honor\u00E9 de Balzac,Q1610690,Eug\u00E8ne de Rastignac,,,,,2,Q3235378,Les Secrets de la princesse de Cadignan,text,Les Secrets de la princesse de Cadignan,books,480-2,5.6
4811,How many goals did Pele scored for New York Cosmos in the year 1976?,Q646135,New York Cosmos,Q12897,Pel\u00E9,,,,,2,26,26,table,26,soccer,1628-2,5.6
1413,What was the name of the police officer chasing Jean Valjean in Les Misérables?,Q180736,Les Mis\u00E9rables,Q1156620,Jean Valjean,,,,,2,Q2585477,Javert,text,Javert,books,470-4,5.6
4128,What team did New York FC defeated to win the MLS Cup in 2021?,Q13361030,New York City FC,Q577698,MLS Cup,,,,,2,Q1031200,Portland Timbers,table,Portland Timbers,soccer,1398-2,5.6
1755,What year was Michael Jackson inducted into the Rock and Roll Hall of Fame?,Q17506997,featured list badge,Q1785694,list of Rock and Roll Hall of Fame inductees,,,,,2,Q1785694,list of Rock and Roll Hall of Fame inductees,table,"1997, 2001",music,584-4,5.6
2884,Who starred as T.S. Garp in the 1982 motion picture adaptation of the novel?,Q2507282,The World According to Garp,Q994248,The World According to Garp,,,,,2,Q83338,Robin Williams,kb,Robin Williams,books,980-4,5.6
2158,What terminology is used as a more formalized name for the sport of soccer?,Q17437796,featured article,Q2736,soccer,,,,,2,Q2736,soccer,kb,Association football,soccer,719-0,5.6
3357,"When was Angels & Demons, the first book in the Robert Landon series, published?",Q83561430,Robert Langdon series,Q182502,Angels & Demons,,,,,2,2000-05-01T00:00:00Z,1 May 2000,table,01 May 2000,books,1140-1,5.6
3146,In what year did the El Salvador national football team win the CCCF Championship?,Q188228,El Salvador national football team,Q732052,CCCF Championship,,,,,2,1943-01-01T00:00:00Z,1943,table,1943,soccer,1068-3,5.6
1869,Who did Terence Stamp play in Star Wars: Episode I – The Phantom Menace?,Q77298,Terence Stamp,Q165713,Star Wars: Episode I \u2013 The Phantom Menace,,,,,2,Q51805,list of Star Wars characters,table,Finis Valorum,movies,622-4,5.6
2618,Who was the spouse of Roger Rabbit in the film Who Framed Roger Rabbit?,Q2265878,Roger Rabbit,Q379873,Who Framed Roger Rabbit,,,,,2,Q1631670,Jessica Rabbit,infobox,Jessica Rabbit,movies,882-3,5.6
4360,Who played the character of Bob Saget's youngest daughter in the series Full House?,Q333544,Bob Saget,Q465472,Full House,,,,,2,Q1151944,Mary-Kate Olsen,kb,Mary Kate Olsen;Ashley Fuller Olsen,tvseries,1476-2,5.6
4476,In what year did the syndicated comedy series Second City Television (SCTV) first appear?,Q1767756,Second City Television,Q2480,1976,,,,,2,1976-01-01T00:00:00Z,1976,kb,1976,tvseries,1516-0,5.6
2065,Which was the team that Hugo Lloris debuted against after he joined Tottenham Hotspur?,Q1907,Hugo Lloris,Q18741,Tottenham Hotspur F.C.,,,,,2,Q2609,S.S. Lazio,text,S.S. Lazio,soccer,688-2,5.6
1329,How did WetaFX created apes for Rise of the Planet of the Apes movie?,Q243983,Rise of the Planet of the Apes,Q842482,WetaFX,,,,,2,Q676252,motion capture,text,Motion capture,movies,442-3,5.6
1236,"In which 1995 action thriller movie did Antonio Banderas play an assassin, Miguel Bain?",Q41548,Antonio Banderas,Q17085476,Antonio Banderas filmography,,,,,2,Q739498,Assassins,table,Assassins,movies,412-0,5.6
3160,Which actor plays the part of John Keating in the movie Dead Poet's Society?,Q106316,Dead Poets Society,Q25926941,John Keating,,,,,2,Q83338,Robin Williams,text,Robin Williams,movies,1073-0,5.6
5006,Who played the part of the character Aragorn in The Lord of the Rings?,Q190214,The Lord of the Rings trilogy,Q180322,Aragorn,,,,,2,Q171363,Viggo Mortensen,table,Viggo Mortensen,movies,1692-4,5.6
5331,Who created the original language for the film or television series Sense and Sensibility?,Q150,French,Q643263,Sense and Sensibility,,,,,2,Q1860,English,text,"English, French",books,1800-4,5.6
5582,Who was Tim Rice's composing partner for the 1994 version of The Lion King?,Q36479,The Lion King,Q298295,Tim Rice,,,,,2,Q2808,Elton John,text,Elton John,music,1884-3,5.6
6057,name of the movie that won the 93rd Oscar Award for the Best Picture?,Q57246152,93rd Academy Awards,Q102427,Academy Award for Best Picture,,,,,2,Q61740820,Nomadland,table,Nomadland,movies,2043-0,5.6
5155,What is the date of birth of the The Incredible Hulk's writer Zak Penn?,Q466611,The Incredible Hulk,Q19031,Zak Penn,,,,,2,1968-03-23T00:00:00Z,23 March 1968,infobox,23 March 1968,movies,1742-2,5.6
5364,Who is the writer of the movies The Breakfast Club and Pretty in Pink?,Q499152,The Breakfast Club,Q777564,Pretty in Pink,,,,,2,Q311263,John Hughes,text,John Hughes,movies,1812-1,5.6
5157,What is the date of birth of the The Incredible Hulk's director Louis Leterrier?,Q466611,The Incredible Hulk,Q525332,Louis Leterrier,,,,,2,1973-06-17T00:00:00Z,17 June 1973,text,17 June 1973,movies,1742-4,5.6
5030,Does Aslan appear in all of the books in the Chronicles of Narnia series?,Q762731,Aslan,Q483412,The Chronicles of Narnia,,,,,2,Yes,Yes,text,Yes,books,1700-4,5.6
5053,Who scored the most goals for 1. FC Köln during the first Bundesliga season?,Q104770,1. FC K\u00F6ln,Q82595,Bundesliga,,,,,2,Q895723,Karl-Heinz Thielen,text,Karl-Heinz Thielen,soccer,1708-3,5.6
6222,After Cristiano Ronaldo left Manchester United the first time what team did he join?,Q11571,Cristiano Ronaldo,Q18656,Manchester United F.C.,,,,,2,Q8682,Real Madrid C.F.,infobox,Real Madrid CF,soccer,2098-2,5.6
6418,"Which artist sang the theme song ""Skyfall"" for the 2012 James Bond movie Skyfall?",Q4941,Skyfall,Q326790,Skyfall,,,,,2,Q23215,Adele,kb,Adele,music,2164-0,5.6
5048,Which actor played the role of Tony Soprano on the TV series The Sopranos?,Q1049580,Tony Soprano,Q23628,The Sopranos,,,,,2,Q308722,James Gandolfini,text,James Gandolfini,tvseries,1706-4,5.6
6147,What actor played the character Agent K in the movie Men in Black 3?,Q327713,Men in Black 3,Q2071077,Agent K,,,,,2,Q170587,Tommy Lee Jones,text,Tommy Lee Jones,movies,2073-0,5.6
6006,What year was the actress who played Stella in Fate: The Winx Saga born?,Q68210731,Fate: The Winx Saga,Q98406804,Hannah van der Westhuysen,,,,,2,1995-01-01T00:00:00Z,1995,kb,1995,tvseries,2026-2,5.6
6554,How many matches has Franz Beckenbauer played for Germany national football team in 1965?,Q4457,Franz Beckenbauer,Q43310,Germany national association football team,,,,,2,3,3,table,3,soccer,2208-4,5.6
5996,How many children did the director of Willy Wonka and the Chocolate Factory have?,Q936327,Willy Wonka & the Chocolate Factory,Q1380505,Mel Stuart,,,,,2,3,3,infobox,3,movies,2022-4,5.6
7668,Which award was won by the Naguib Mahfouz - author of the Cairo Trilogy?,Q5017794,Cairo Trilogy,Q7176,Naguib Mahfouz,,,,,2,Q37922,Nobel Prize in Literature,infobox,Nobel Prize in Literature,books,2580-3,5.6
8855,Who managed Liverpool F.C. when the won the final of the FA Cup 2000-01?,Q1130849,Liverpool F.C.,Q1386640,2000\u201301 FA Cup,,,,,2,Q295615,G\u00E9rard Houllier,text,Gérard Houllier,soccer,2898-3,5.6
7786,What is the date of publication of the first book of the Outland series?,Q18153036,Outlander series,Q943712,Outlander,,,,,2,1991-06-01T00:00:00Z,1 June 1991,infobox,1 June 1991,books,2620-1,5.6
9331,Who contributed to Twoism but did not remain a member of Boards of Canada?,Q1951695,Twoism,Q722778,Boards of Canada,,,,,2,Q5108649,christ.,text,Christopher Horne,music,2984-9,5.6
8202,What's the US release date for the second film in the Mad Max series?,Q3275141,Mad Max film series,Q1125262,Mad Max 2,,,,,2,1981-12-24T00:00:00Z,24 December 1981,table,24 December 1981,movies,2762-2,5.6
9016,How many matches has Jan Oblak played for Slovenia national football team in 2014?,Q2058682,Jan Oblak,Q172221,Slovenia national football team,,,,,2,1,1,table,1,soccer,2928-2,5.6
8213,Which actor played the role of Dick Solomon on 3rd Rock from the Sun?,Q870490,3rd Rock from the Sun,Q5273398,Dick Solomon,,,,,2,Q311271,John Lithgow,kb,John Lithgow,tvseries,2766-1,5.6
7124,In a 2014 Word Cup game which American goalkeeper made 15 saves against Belgium?,Q79859,2014 FIFA World Cup,Q15267652,2014 FIFA World Cup knockout stage,,,,,2,Q200785,Tim Howard,text,Tim Howard,soccer,2399-0,5.6
7268,What is the name of the actor of Damon Salvatore in The Vampire Diaries?,Q28537,The Vampire Diaries,Q641424,Damon Salvatore,,,,,2,Q130447,Ian Somerhalder,kb,Ian Somerhalder,tvseries,2447-0,5.6
8716,What is the name of Vito Corleone's youngest son in The Godfather film series?,Q745077,Vito Corleone,Q47703,The Godfather,,,,,2,Q835154,Michael Corleone,text,Michael Corleone,movies,2872-7,5.6
7529,What is the date of birth of lead singer of the Band Bon Jovi?,Q259254,Bon Jovi,Q150916,Jon Bon Jovi,,,,,2,1962-03-02T00:00:00Z,2 March 1962,infobox,2 March 1962,music,2534-2,5.6
7176,For which movie did Hansal Mehta won the National Film Award for Best Direction?,Q16732431,Hansal Mehta,Q1435635,National Film Award for Best Direction,,,,,2,Q7461626,Shahid,text,Shahid,tvseries,2416-3,5.6
9337,Which shows besides The 100 won the Saturn Award for Best Youth-Oriented Television Series?,Q13098946,The 100,Q15844072,Saturn Award for Best Youth-Oriented Television Series,,,,,2,Q836393,Teen Wolf,table,Teen Wolf,tvseries,2986-4,5.6
6853,Who was the winner of the last World Cup that Oliver Kahn played in?,Q131261,Oliver Kahn,Q37285,2006 FIFA World Cup,,,,,2,Q676899,Italy national association football team,kb,Italy,soccer,2308-3,5.6
7925,What was the name of the role played by Michelle Dockery in Downton Abbey?,Q259760,Michelle Dockery,Q83071,Downton Abbey,,,,,2,Lady Mary Crawley,Lady Mary Crawley,text,Lady Mary Crawley,tvseries,2666-2,5.6
8035,Which actor played the character who killed Marion Crane in the shower in Psycho?,Q6765157,Marion Crane,Q163038,Psycho,,,,,2,Q193146,Anthony Perkins,text,Anthony Perkins,movies,2702-4,5.6
7095,who wrote the novel that the 1997 science fiction movie Contact was based on?,Q270215,Contact,Q741013,Contact,,,,,2,Q410,Carl Sagan,kb,Carl Sagan,books,2390-0,5.6
6977,In the first edition of Charlie and the Chocolate Factory what were the Oompa-Loompas?,Q466605,Charlie and the Chocolate Factory,Q19238836,list of Charlie and the Chocolate Factory characters,,,,,2,Q171927,Pygmy people,text,African Pygmies,books,2350-1,5.6
8203,Did Mel Gibson reprised his role as Mad Max Rockatansky in Mad Max 2?,Q1125262,Mad Max 2,Q2442950,Max Rockatansky,,,,,2,Yes,Yes,text,Yes,movies,2762-3,5.6
9379,What is the name of the Sepultura member who replaced Max Cavalera in 1998?,Q239074,Sepultura,Q307391,Max Cavalera,,,,,2,Q2340448,Derrick Green,text,Derrick Green,music,2994-2,5.6
7495,Which is the year in which the director Stephen Chow his very first movie?,Q311179,Stephen Chow,Q692863,From Beijing with Love,,,,,2,1994-01-01T00:00:00Z,1994,table,1994,movies,2522-4,5.6
6847,"Does the star of Mission: Impossible III, Tom Cruise, have any television work experience?",Q37079,Tom Cruise,Q3467556,Tom Cruise filmography,,,,,2,Yes,Yes,table,Yes,tvseries,2306-3,5.6
9021,On which date did Enrique Cerezo joined office as president of Atlético de Madrid?,Q2457791,Enrique Cerezo,Q8701,Atl\u00E9tico Madrid,,,,,2,2003-05-28T00:00:00Z,28 May 2003,infobox,28 May 2003,soccer,2928-7,5.6
3985,Who is the author of the book The Girl Who Takes an Eye for an Eye?,Q41103935,The Girl Who Takes an Eye for an Eye,,,,,,,1,Q4276189,David Lagercrantz,kb,David Lagercrantz,books,1350-2,5.5
2636,What player scored the lone goal for West Germany in the 1982 Men's World Cup Final?,Q46934,1982 FIFA World Cup,,,,,,,1,Q44458,Paul Breitner,text,Paul Breitner,soccer,888-3,5.5
937,What is the name of the film that was the sequel to The Terminator ( movie?,Q162255,The Terminator,,,,,,,1,Q170564,Terminator 2: Judgment Day,table,Terminator 2: Judgment Day,movies,312-2,5.5
1065,"Who were the song writers of the song ""I am not a woman, I’m a god""?",Q108822278,"I Am Not a Woman, I'm a God",,,,,,,1,"Ashley Frangipane,Trent Reznor,Atticus Ross,Johnathan Cunningham","Ashley Frangipane,Trent Reznor,Atticus Ross,Johnathan Cunningham",infobox,"Ashley Frangipane,Trent Reznor,Atticus Ross,Johnathan Cunningham",music,354-4,5.5
3172,What is the number of episodes in the TV show Only Connect until 26 July 2021?,Q7094164,Only Connect,,,,,,,1,375,375,infobox,375,tvseries,1077-0,5.5
1809,What is the movie starring Alicia Silverstone that won her a multi-million dollar Colombia Pictures deal?,Q199945,Alicia Silverstone,,,,,,,1,Q931165,Clueless,text,Clueless,movies,602-4,5.5
1808,Which actress played the role of The Princess of France in the film Love's Labour's Lost?,Q2064278,Love's Labour's Lost,,,,,,,1,Q199945,Alicia Silverstone,text,Alicia Silverstone,movies,602-3,5.5
3167,How many episodes of the TV series Only Connect are there as of 26 July 2021?,Q7094164,Only Connect,,,,,,,1,375,375,infobox,375,tvseries,1076-0,5.5
2056,What is the name of the band that produced the single My Generation in year 1965?,Q8353114,My Generation,,,,,,,1,Q93346,The Who,text,The Who,music,685-0,5.5
2279,What is the name of the second book in the series Percy Jackson and the Olympians?,Q213167,Percy Jackson & the Olympians,,,,,,,1,Q901384,The Sea of Monsters,kb,The Sea of Monsters,books,760-2,5.5
464,"When was released the song ""Shape of You"" in United Kingdom in the digital download format?",Q28132505,Shape of You,,,,,,,1,2017-02-10T00:00:00Z,10 February 2017,table,10 February 2017,music,154-2,5.5
1364,"Did Tom Tom Club's song ""Genius of Love"" reach No. 1 position on any Billboard charts?",Q5533282,Genius of Love,,,,,,,1,Yes,Yes,table,Yes,music,454-2,5.5
2882,"What is the occupation of T.S. Garp, the main character in The World According to Garp?",Q2507282,The World According to Garp,,,,,,,1,Q36180,Writer,text,writer,books,980-2,5.5
1357,Which author wrote the novel of the the same name that the movie was based on?,Q1058512,The Running Man,,,,,,,1,Q3495759,Richard Bachman,infobox,Richard Bachman,movies,452-1,5.5
283,"When was released the song ""Into You"" in United States in the format of rhythmic contemporary?",Q24026109,Into You,,,,,,,1,2016-06-28T00:00:00Z,28 June 2016,table,"June 28, 2016",music,94-1,5.5
421,What award did the book The Old Man and the Sea win in the year 1953?,Q26505,The Old Man and the Sea,,,,,,,1,Q833633,Pulitzer Prize for Fiction,infobox,Pulitzer Prize for Fiction,books,140-1,5.5
864,What has the home venue of the Kansas City Wizards been from 2011 to the present?,Q329812,Sporting Kansas City,,,,,,,1,Q1787141,Children's Mercy Park,table,Children's Mercy Park,soccer,288-1,5.5
3037,"Who is the director of The Chronicles of Narnia: The Lion, the Witch and the Wardrobe?",Q1211909,The Chronicles of Narnia,,,,,,,1,Q432845,Andrew Adamson,table,Andrew Adamson,movies,1032-2,5.5
1952,Totally how many book were there in the series of the book A Study in Scarlet?,Q223131,A Study in Scarlet,,,,,,,1,Q76440535,Four,text,Four,books,650-3,5.5
4475,"Name the ""grunge"" artist who revolutionized the music industry before ending his own life in 1994.",Q11365,grunge,,,,,,,1,Q8446,Kurt Cobain,text,Kurt Cobain,music,1515-0,5.5
4391,What year was the actor who played Gary in Are you Afraid of the Dark born?,Q1281148,Ross Hull,,,,,,,1,1975-01-01T00:00:00Z,1975,kb,1975,tvseries,1486-3,5.5
3139,How many daily views did the Rachael Ray Show get on average during its first season?,Q2299337,Rachael Ray,,,,,,,1,2.6 million,2.6 million,text,2.6 million,tvseries,1066-2,5.5
2079,The type of car driven by James Dean when he was killed in an automobile accident?,Q83359,James Dean,,,,,,,1,Q1134282,Porsche 550,text,Porsche 550,movies,692-4,5.5
1844,Which music channel bought the right to broadcast the ARIA Hall of Fame ceremony in 2006?,Q4653736,ARIA Hall of Fame,,,,,,,1,Q6718671,MTV Classic Australia,text,VH1 Australia,music,614-3,5.5
3285,What is the award nominated for the tv series wizards of waverly place in year 2008?,Q5280671,Directors Guild of America Award for Outstanding Directing \u2013 Children's Programs,,,,,,,1,Q184342,Wizards of Waverly Place,table,Directors Guild of America Award for Outstanding Directing – Children's Programs,tvseries,1116-0,5.5
4695,"What year was the first book of the series ""A Song of Ice and Fire' Published?",Q45875,A Song of Ice and Fire,,,,,,,1,1996-01-01T00:00:00Z,1996,infobox,1996,books,1590-0,5.5
4378,Who was the actor that played Freddy Kreuger in the 1984 A Nightmare on Elm Street?,Q329434,A Nightmare on Elm Street,,,,,,,1,Q310389,Robert Englund,text,Robert Englund,movies,1482-2,5.5
2298,What was the name of the charactr played by Matthew Morrison in American Horror Story: 1984?,Q63085806,American Horror Story: 1984,,,,,,,1,Q63085806,American Horror Story: 1984,text,Trevor Kirchner,tvseries,766-3,5.5
2921,Which film by Clint Eastwood has won the maximum number of Academy Awards and BAFTA Awards?,Q43203,Clint Eastwood,,,,,,,1,Q104137,Unforgiven,table,Unforgiven,movies,993-0,5.5
4182,What is the name of the actor who played the lead role in the series Joey?,Q319817,Joey,,,,,,,1,Q186896,Matt LeBlanc,infobox,Matt LeBlanc,tvseries,1416-2,5.5
4694,What is the name of the manager in 2017 of the soccer club Manchester United F.C.?,Q18656,Manchester United F.C.,,,,,,,1,Q79983,Jos\u00E9 Mourinho,table,José Mourinho,soccer,1589-0,5.5
6570,How high did Waiting for a Star to Fall get on the US Hot 100 chart?,Q679545,Waiting for a Star to Fall,,,,,,,1,5,5,table,5,music,2214-2,5.5
6610,As of 2020 how many gold medals has the United States women's national soccer team won?,Q334526,United States women's national soccer team,,,,,,,1,4,4,infobox,4,soccer,2228-0,5.5
5401,Was the falling down song on the Selena Gomez & The Scene album Kiss & tell?,Q430233,Falling Down,,,,,,,1,Yes,Yes,text,Yes,music,1824-2,5.5
6193,What was the name of Megan Rapinoe's youth soccer team when she was in high school?,Q260725,Megan Rapinoe,,,,,,,1,Q7397010,Sacramento Pride,infobox,Elk Grove Pride,soccer,2088-3,5.5
6184,What is the name of the American sitcom that was created as a spin-off of Cheers?,Q732063,Cheers,,,,,,,1,Q209282,Frasier,kb,Frasier,tvseries,2086-0,5.5
6413,John McClane in Die Hard series was based on a detective from which Roderick Torp novel?,Q2082223,John McClane,,,,,,,1,Q7062779,Nothing Lasts Forever,text,Nothing Lasts Forever,movies,2162-1,5.5
6012,What year did André Jardine become head coach of the mens olympic soccer team for Brazil?,Q58755430,Andr\u00E9 Jardine,,,,,,,1,2019-01-01T00:00:00Z,2019,text,2019,soccer,2028-2,5.5
5264,"When the soccer ""United States men's national soccer team"" has appeared in ten FIFA World Cups?",Q164134,United States men's national soccer team,,,,,,,1,1930-01-01T00:00:00Z,1930,text,1930,soccer,1778-3,5.5
6615,How many gold medals has the United States women's national soccer team won as of 2020?,Q334526,United States women's national soccer team,,,,,,,1,4,4,infobox,4,soccer,2229-0,5.5
6003,What is the name of the band that made the song A Horse with no Name?,Q943979,A Horse with No Name,,,,,,,1,Q463081,America,kb,America,music,2025-0,5.5
5151,What is the date of publication of the novel Diary of a Wimpy Kid: Big Shot?,Q107490260,Diary of a Wimpy Kid: Big Shot,,,,,,,1,2021-10-26T00:00:00Z,26 October 2021,infobox,26 October 2021,books,1740-4,5.5
6179,"Which R&B singer made a cover of ""This Is for the Lover in You"" in 1996?",Q7786031,This Is for the Lover in You,,,,,,,1,Q344983,Babyface,infobox,Babyface,music,2084-1,5.5
5687,what year was the first book of the series To the Ends of the Earth Books?,Q3937279,Rites of Passage,,,,,,,1,1980-01-01T00:00:00Z,1980,text,1980,books,1920-0,5.5
6183,"The 1980 single ""This Is for the Lover in You"" was recorded by which R&B act?",Q7786031,This Is for the Lover in You,,,,,,,1,Q1329167,Shalamar,kb,Shalamar,music,2085-0,5.5
8222,Which country played the United States men's national soccer team on their first official international match?,Q164134,United States men's national soccer team,,,,,,,1,Q160826,Sweden national association football team,text,Sweden national football team,soccer,2768-4,5.5
9082,"What year was the book ""And to Think That I Saw It on Mulberry Street"" published?",Q864476,And to Think That I Saw It on Mulberry Street,,,,,,,1,1937-01-01T00:00:00Z,1937,table,1937,books,2940-1,5.5
8317,What is the name of the performer who played the role of Katniss Everdeen in film?,Q2071301,Katniss Everdeen,,,,,,,1,Q189490,Jennifer Lawrence,kb,Jennifer Lawrence,books,2800-3,5.5
9101,What was the name of the actor who played Bilbo Baggins in Lord of the Rings?,Q190214,The Lord of the Rings trilogy,,,,,,,1,Q483771,Elijah Wood,infobox,Elijah Wood,movies,2942-9,5.5
8702,What is the first name of the Cardinal that Thomas Cromwell advises Wolf Hall book series?,Q2657795,Wolf Hall,,,,,,,1,Q206512,Thomas Wolsey,text,Thomas Wolsey,books,2870-4,5.5
7097,In 1985 which Stephen King novel also made the Publishers Weekly list of best selling novels?,Q6273350,Publishers Weekly list of bestselling novels in the United States in the 1980s,,,,,,,1,Q874295,Skeleton Crew,text,Skeleton Crew,books,2390-2,5.5
8957,What was the original language of the All of Us Are Dead film or television show?,Q96414952,Q96414952,,,,,,,1,Q108699473,Q108699473,infobox,Korean,tvseries,2916-7,5.5
8736,"In what county is Highclere Castle, used in the TV Show Downton Abbey, actually located in?",Q1508450,Highclere Castle,,,,,,,1,Q67531563,Hampshire,infobox,Hampshire,tvseries,2876-5,5.5
9405,Which soccer player scored the second highest number of goals for the Poland national football team?,Q166196,Poland national football team,,,,,,,1,Q313446,W\u0142odzimierz Luba\u0144ski,table,Włodzimierz Lubański,soccer,2998-6,5.5
8755,"What year was the book Kingdom Come, the final book in the left behind series released?",Q6412485,Kingdom Come,,,,,,,1,2017-01-01T00:00:00Z,2017,kb,2017,books,2880-2,5.5
7978,Which album by The Beach Boys was released first: Surfin' Safari or Little Deuce Coupe ?,Q183048,The Beach Boys,,,,,,,1,Q678555,Surfin' Safari,text,Surfin' Safari,music,2684-1,5.5
3513,Did Dan Aykroyd and Harold Ramis play any roles in Ghostbusters?,Q105221,Dan Aykroyd,Q286890,Harold Ramis,Q108745,Ghostbusters,,,3,Yes,Yes,text,Yes,movies,1192-1,5.3999999999999995
2302,When did Lionel Messi make his competitive debut in F.C. Barcelona?,Q615,Lionel Messi,Q46,Europe,Q7156,FC Barcelona,,,3,Q615,Lionel Messi,text,October 2004,soccer,768-1,5.3999999999999995
4346,How many years after The Bourne Identity was its sequel released?,Q868683,Bourne,Q105624,The Bourne Identity,Q156608,The Bourne Supremacy,,,3,2,2,table,2,movies,1472-0,5.3999999999999995
6215,Is Seth MacFarlane thhe voice of Steve Smith in American Dad!?,Q210311,American Dad!,Q188492,Seth MacFarlane,Q2532395,Steve Smith,,,3,No,No,table,No,tvseries,2096-1,5.3999999999999995
8542,What did Bella and Edward name their daughter in Breaking Dawn?,Q223757,Bella Swan,Q191527,Edward Cullen,Q53945,Breaking Dawn,,,3,Q2456444,Renesmee Cullen,text,Renesmee,books,2840-8,5.3999999999999995
1693,What is the title of the second single on OneRepublic's third album Native?,Q935670,OneRepublic discography,Q1940766,Native,,,,,2,Q13422120,Counting Stars,text,Counting Stars,music,564-2,5.3
3129,Who plays the role of Indiana Jones in Raiders of the Lost Ark?,Q148659,Indiana Jones,Q174284,Raiders of the Lost Ark,,,,,2,Q81328,Harrison Ford,kb,Harrison Ford,movies,1062-4,5.3
2094,Which football club Kaka was playing for when he won the Ballon d'Or?,Q531814,Kak\u00E1,Q166177,Ballon d'Or,,,,,2,Q1543,A.C. Milan,infobox,A.C. Milan,soccer,698-1,5.3
2526,Which actress played the part of Rose DeWitt Bukater in the film Titanic?,Q4892194,Rose DeWitt Bukater,Q44578,Titanic,,,,,2,Q202765,Kate Winslet,text,Kate Winslet,movies,842-4,5.3
1617,What other club than Inter Milan has Stadio Giuseppe Meazza as home ground?,Q631,Inter Milan,Q133566,Stadio Giuseppe Meazza,,,,,2,Q1543,A.C. Milan,kb,A.C. Milan,soccer,538-4,5.3
1299,How many Golden Globe Awards did One Flew Over the Cuckoo's Nest get?,Q1011547,Golden Globe Award,Q171669,One Flew Over the Cuckoo's Nest,,,,,2,6,6,table,6,movies,432-3,5.3
1354,Who was the Spanish king when part 1 of Don Quixote was published?,Q480,Don Quixote,Q173053,list of Spanish monarchs,,,,,2,Q34464,Philip III of Spain,table,Philip III of Spain,books,450-4,5.3
1440,In which year did Honoré de Balzac write the work La Comédie humaine?,Q9711,Honor\u00E9 de Balzac,Q50188,La Com\u00E9die humaine,,,,,2,1829-01-01T00:00:00Z,1829,kb,1829,books,480-1,5.3
2060,Name of the director who directed the first episode of the show Vikings?,Q15978694,list of Vikings episodes,Q2579463,Vikings,,,,,2,Q1373742,Johan Renck,table,Johan Renck,tvseries,686-3,5.3
1706,What was New England Revolution's final position after the 2021 regular MLS season?,Q103821894,2021 Major League Soccer season,Q309095,New England Revolution,,,,,2,Q12470229,1st,table,1st,soccer,568-3,5.3
2234,Has A. R. Rahman awarded by Padma Bhushan in 2010 by Indian Governement?,Q108560,A. R. Rahman,Q932650,Padma Bhushan,,,,,2,Yes,Yes,text,Yes,music,744-4,5.3
1495,Who did Chelsea Football Club lose to in the 1915 FA Cup Final?,Q9616,Chelsea F.C.,Q4484479,1915 FA Cup Final,,,,,2,Q19607,Sheffield United F.C.,text,Sheffield United,soccer,498-2,5.3
1485,What year did Gordon Lightfoot receive the Canadian Songwriters Hall of Fame award?,Q359552,Gordon Lightfoot,Q3362498,Canadian Songwriters Hall of Fame,,,,,2,2003-01-01T00:00:00Z,2003,kb,2003,music,494-4,5.3
3407,Who is the Rose Patten Preceded by Chancellor of the University of Toronto?,Q180865,University of Toronto,Q58416650,Rose Patten,,,,,2,Q3308582,Michael Wilson,table,Michael Wilson,tvseries,1156-3,5.3
3786,What was Black Eyed Peas' debut album after being signed by Interscope Records?,Q134541,Black Eyed Peas,Q1326921,Black Eyed Peas discography,,,,,2,Q290548,Behind the Front,table,Behind the Front,music,1284-1,5.3
4483,The FIFA World Cup has taken place every four years since what year?,Q19317,FIFA World Cup,Q18787,1930,,,,,2,1930-01-01T00:00:00Z,1930,kb,1930,soccer,1518-1,5.3
4666,What book other than To Kill a Mockingbird of Harper Lee got published?,Q212340,To Kill a Mockingbird,Q182658,Harper Lee,,,,,2,Q18949486,Go Set a Watchman,text,Go Set a Watchman,books,1580-1,5.3
3155,Who plays the role of John Keating in the film Dead Poet's Society?,Q106316,Dead Poets Society,Q25926941,John Keating,,,,,2,Q83338,Robin Williams,text,Robin Williams,movies,1072-0,5.3
2296,What is the name of the actor who played Will Schuester on Glee?,Q152178,Glee,Q520069,Will Schuester,,,,,2,Q152178,Glee,text,Matthew Morrison,tvseries,766-1,5.3
2538,Which actor played the role of Eric Murphy in the TV series Entourage?,Q3056356,Eric Murphy,Q253205,Entourage,,,,,2,Q359331,Kevin Connolly,kb,Kevin Connolly,tvseries,846-4,5.3
1878,How many episodes of the original Twilight Zone did William Shatner appear in?,Q16297,William Shatner,Q742103,The Twilight Zone,,,,,2,2,2,text,2,tvseries,626-1,5.3
4677,Which famous singer was a member of the bands Aerosmith and Chain Reaction?,Q126826,Aerosmith,Q5067900,Chain Reaction,,,,,2,Q194045,Steven Tyler,infobox,Steven Tyler,music,1584-0,5.3
4421,Did James Gandolfini win any awards for play Tony Soprano in The Sopranos?,Q308722,James Gandolfini,Q1049580,Tony Soprano,,,,,2,Yes,Yes,text,Yes,tvseries,1496-3,5.3
1328,Which company did visual effects for Rise of the Planet of the Apes?,Q243983,Rise of the Planet of the Apes,Q842482,WetaFX,,,,,2,Q842482,WetaFX,text,WetaFX,movies,442-2,5.3
1436,How many goals did Harry Kane score in the 2020-2021 Premier league season?,Q69622172,2020\u201321 Premier League,Q969725,Harry Kane,,,,,2,23,23,table,23,soccer,478-3,5.3
4801,What is the date of birth of the Queen's lead guitarist Brian May?,Q15873,Brian May,Q15862,Queen,,,,,2,1947-07-19T00:00:00Z,19 July 1947,infobox,19 July 1947,music,1624-4,5.3
1854,Was Sean Johnson drafted in the first round of the 2010 MLS SuperDraft?,Q2458826,Sean Johnson,Q4617785,2010 MLS SuperDraft,,,,,2,No,No,text,No,soccer,618-1,5.3
1947,In the Laws of the Game for soccer what is rule 3 about,Q2736,soccer,Q506630,Laws of the Game,,,,,2,Q4611891,football positions,text,Number of players,soccer,648-4,5.3
3834,Who is the writer of the books State of Fear and Jurassic Park?,Q2164310,State of Fear,Q756866,Jurassic Park,,,,,2,Q172140,Michael Crichton,infobox,Michael Crichton,books,1300-1,5.3
2497,Who was the actor who starred as Scott Calvin in The Santa Clause?,Q24573094,Scott Calvin,Q497850,The Santa Clause,,,,,2,Q208408,Tim Allen,text,Tim Allen,movies,833-0,5.3
4805,Did Yeon Sang-ho wrote and directed the animated film The King of Pigs?,Q19947205,Yeon Sang-ho,Q7744577,The King of Pigs,,,,,2,Yes,Yes,table,Yes,tvseries,1626-2,5.3
1680,Which author wrote The Adventures of Tom Sawyer and Adventures of Huckleberry Finn?,Q215410,Adventures of Huckleberry Finn,Q326914,The Adventures of Tom Sawyer,,,,,2,Q7245,Mark Twain,infobox,Mark Twain,books,560-1,5.3
2613,Who was the daughter of Alexandre Manette in A Tale of Two Cities?,Q308918,A Tale of Two Cities,Q4720870,Alexandre Manette,,,,,2,Q6696983,Lucie Manette,text,Lucie Manette,books,880-4,5.3
4461,Who directed the 1981 motion picture adaptation of Peter Straub's novel Ghost Story?,Q5557174,Ghost Story,Q230488,Ghost Story,,,,,2,Q1700561,John Irvin,text,John Irvin,books,1510-3,5.3
1241,"Antonio Banderas played an assassin, Miguel Bain, in which 1995 action thriller film?",Q41548,Antonio Banderas,Q17085476,Antonio Banderas filmography,,,,,2,Q739498,Assassins,table,Assassins,movies,413-0,5.3
435,What is the number of children Jennifer Lopez and Marc Anthony together have?,Q40715,Jennifer Lopez,Q26625,Marc Anthony,,,,,2,2,2,kb,2,music,144-3,5.3
4604,How many goals did Paul Pogba scored for France national under-18 football team?,Q129027,Paul Pogba,Q1450557,France national under-18 football team,,,,,2,1,1,table,1,soccer,1558-3,5.3
2624,What is the fourth track on the album Slipknot by the band Slipknot?,Q743725,Slipknot,Q254138,Slipknot,,,,,2,Q929774,Wait and Bleed,table,Wait and Bleed,music,884-3,5.3
633,What is the name of the Captain of the ship Pequod in Moby-Dick?,Q7166594,Pequod,Q174596,Moby-Dick,,,,,2,Q2630009,Captain Ahab,text,Captain Ahab,books,210-4,5.3
4603,How many matches did Paul Pogba played for France national under-18 football team?,Q129027,Paul Pogba,Q1450557,France national under-18 football team,,,,,2,6,6,table,6,soccer,1558-2,5.3
4596,Has developer Jason Rothenberg wrote any episodes of the TV series The 100?,Q13098946,The 100,Q21063576,Jason Rothenberg,,,,,2,Yes,Yes,text,Yes,tvseries,1556-1,5.3
1744,What was the name of the book that James Bond first appeared in?,Q17437796,featured article,Q1047711,Casino Royale,,,,,2,Q1047711,Casino Royale,kb,Casino Royale,books,581-0,5.3
1814,What is the name of the co-founder of Megadeth along with Dave Mustaine?,Q83431,Megadeth,Q187165,Dave Mustaine,,,,,2,Q289647,David Ellefson,infobox,David Ellefson,music,604-3,5.3
2137,"In the 1970 film Airport, from what city does the doomed plane depart?",Q409022,Airport,Q1297,Chicago,,,,,2,Q1297,Chicago,text,Chicago,movies,712-2,5.3
2131,What was the year of publication of the book Carrie by Stephen King?,Q39829,Stephen King,Q623394,Carrie,,,,,2,1974-01-01T00:00:00Z,1974,kb,1974,books,710-2,5.3
4586,What is the date of birth of the Cars movie director John Lasseter?,Q182153,Cars,Q269214,John Lasseter,,,,,2,1957-01-12T00:00:00Z,12 January 1957,infobox,12 January 1957,movies,1552-3,5.3
2145,From what city and state do the members of the band Hanson originate?,Q768621,Hanson,Q44989,Tulsa,,,,,2,Q44989,Tulsa,kb,"Tulsa, Oklahoma",music,714-4,5.3
1603,What is the name of the label that released the album Purple Rain?,Q7542,Prince,Q253004,Purple Rain,,,,,2,Q67030918,Warner Records Inc.,text,Warner Records,music,534-2,5.3
1227,What year did the football club Stoke City F.C. own the Victoria Ground?,Q18736,Stoke City F.C.,Q1592109,Victoria Ground,,,,,2,1919-01-01T00:00:00Z,1919,kb,1919,soccer,408-3,5.3
2063,Who is the captain of both French football team and Tottenham Hotspur F.C.?,Q47774,France national association football team,Q18741,Tottenham Hotspur F.C.,,,,,2,Q1907,Hugo Lloris,table,Hugo Lloris,soccer,688-0,5.3
1238,What year did Sylvester Stallone started the ensemble action movie franchise The Expendables?,Q40026,Sylvester Stallone,Q3062086,The Expendables,,,,,2,2010-01-01T00:00:00Z,2010,text,2010,movies,412-2,5.3
4560,Who was the lyricist of title song Maa Tujhe Salaam of Vande Mataram?,Q12452104,Vande Mataram,Q6809256,Mehboob Kotwal,,,,,2,Q6809256,Mehboob Kotwal,table,Mehboob Kotwal,music,1544-1,5.3
1235,The novel Nineteen Eighty-Four's first feature film adaptation came out in what year?,Q208460,Nineteen Eighty-Four,Q31071951,Nineteen Eighty-Four in other media,,,,,2,1956-01-01T00:00:00Z,1956,text,1956,books,411-0,5.3
6191,Did Alex Morgan score any goal in the 2019 FIFA Women's World Cup?,Q4630361,2019 FIFA Women's World Cup,Q233510,Alex Morgan,,,,,2,Yes,Yes,text,Yes,soccer,2088-1,5.3
5004,Who played the character of Frodo Baggins in The Lord of the Rings?,Q190214,The Lord of the Rings trilogy,Q177329,Frodo Baggins,,,,,2,Q483771,Elijah Wood,table,Elijah Wood,movies,1692-2,5.3
6223,In what year did Real Madrid CF win their first FIFA World Cup?,Q8682,Real Madrid C.F.,Q223366,FIFA Club World Cup,,,,,2,2014-01-01T00:00:00Z,2014,table,2014,soccer,2098-3,5.3
5070,Which year Grammy Award for Best Rock Instrumental Performance awarded to Pink Floyd?,Q1542186,Grammy Award for Best Rock Instrumental Performance,Q2306,Pink Floyd,,,,,2,1994-01-01T00:00:00Z,1994,kb,1994,music,1714-2,5.3
5622,Who was the captain of Germany when they won the 2014 world cup?,Q183,Germany,Q15926885,2014 FIFA World Cup Final,,,,,2,Q43682,Philipp Lahm,text,Philipp Lahm,soccer,1898-1,5.3
5052,How many matches did 1. FC Köln win during the first Bundesliga season?,Q104770,1. FC K\u00F6ln,Q82595,Bundesliga,,,,,2,17,17,table,17,soccer,1708-2,5.3
5782,Which actress plays a role in the movies Freaky Friday and True Lies?,Q110397,True Lies,Q118713,Freaky Friday,,,,,2,Q106997,Jamie Lee Curtis,text,Jamie Lee Curtis,movies,1952-0,5.3
5169,What is the release date of the Jeff Russo's first album Lemon Parade?,Q6174877,Jeff Russo,Q6521325,Lemon Parade,,,,,2,1996-07-16T00:00:00Z,16 July 1996,infobox,16 July 1996,tvseries,1746-4,5.3
5472,How many International matches played for Portugal national football team by João Félix?,Q27049064,Jo\u00E3o F\u00E9lix,Q267245,Portugal national association football team,,,,,2,20,20,table,20,soccer,1848-1,5.3
6494,Which clubs in the Superclasico won the Primera Division league title in 2021?,Q170703,Boca Juniors,Q15799,Club Atl\u00E9tico River Plate,,,,,2,Q6562135,list of Argentine football champions,table,River Plate,soccer,2188-4,5.3
6161,How many titles has Chicago Fire FC won in the US Open Cup?,Q27192,U.S. Open Cup,Q308683,Chicago Fire Soccer Club,,,,,2,4,4,table,4,soccer,2078-1,5.3
6493,"In Bueno Aires, the Superclasico refers to the rivalry between which two clubs?",Q1486,Buenos Aires,Q523991,Supercl\u00E1sico,,,,,2,Q170703,Boca Juniors,infobox,Boca Juniors;River Plate,soccer,2188-3,5.3
6182,What is LL Cool J's role on the 2009 police procedural tv series?,Q52440,LL Cool J,Q4525,NCIS,,,,,2,Q12334421,Sam Hanna,table,Sam Hanna,music,2084-4,5.3
6165,Bethlehem Steel's won how many titles in the Lamar Hunt U.S. Open Cup?,Q27192,U.S. Open Cup,Q620722,Bethlehem Steel F.C.,,,,,2,5,5,table,5,soccer,2079-0,5.3
6344,What is the total number of goals secured by Marco Reus for Germany?,Q152377,Robert Lewandowskis Side Ting,Q183,Germany,,,,,2,15,15,table,15,soccer,2138-4,5.3
5095,How many nominations for the Academy Award did The Wizard of Oz receive?,Q193695,The Wizard of Oz,Q19020,Academy Awards,,,,,2,6,6,text,6,movies,1722-2,5.3
6475,Michael B. Jordan played a character name Wallace in which HBO crime-drama series?,Q3308007,Michael B. Jordan,Q7962731,Wallace,,,,,2,Q478360,The Wire,table,The Wire,movies,2182-3,5.3
9108,"What is the real name of the member of the Beatles, Ringo Starr?",Q2632,Ringo Starr,Q1299,The Beatles,,,,,2,Sir Richard Starkey,Sir Richard Starkey,text,Sir Richard Starkey,music,2944-5,5.3
6892,Who won the Oscar for Best Actor for the film The King's Speech?,Q160060,The King's Speech,Q103916,Academy Award for Best Actor,,,,,2,Q162492,Colin Firth,table,Colin Firth,movies,2322-0,5.3
8859,Who did Arsenal F.C. defeat in the semi-final of the FA Cup 2000-01?,Q3110441,2001 FA Cup Final,Q1386640,2000\u201301 FA Cup,,,,,2,Q18741,Tottenham Hotspur F.C.,table,Tottenham Hotspur F.C.,soccer,2898-7,5.3
6672,What is the name of the Croatian national  team captain before Luka Modrić,Q483837,Luka Modri\u0107,Q134479,Croatia national association football team,,,,,2,Q184269,Darijo Srna,table,Darijo Srna,soccer,2248-2,5.3
7536,What is the date of birth of the Permanent Roommates' actor Sumeet Vyas?,Q24521502,Permanent Roommates,Q27681043,Sumeet Vyas,,,,,2,1983-07-27T00:00:00Z,27 July 1983,infobox,27 July 1983,tvseries,2536-3,5.3
9099,In what countries were the movies of The Lord of the Rings filmed?,Q7245089,Q7245089,Q190214,The Lord of the Rings trilogy,,,,,2,Q2498169,protected area of New Zealand,kb,New Zealand; United States,movies,2942-7,5.3
7804,What is the date of birth of the Special OPS's creator Neeraj Pandey?,Q86751099,Special OPS,Q6986928,Neeraj Pandey,,,,,2,1973-12-17T00:00:00Z,17 December 1973,infobox,17 December 1973,tvseries,2626-1,5.3
9317,Which lead actress appeared in both Terms of Endearment and The Evening Star?,Q185071,Terms of Endearment,Q1678645,The Evening Star,,,,,2,Q95026,Shirley MacLaine,text,Shirley MacLaine,movies,2982-6,5.3
6851,How many games did Oliver Kahn played with Die Mannschaft before his retirement?,Q131261,Oliver Kahn,Q43310,Germany national association football team,,,,,2,86,86,text,86,soccer,2308-1,5.3
6827,"What was the date of birth of Crime and Punishment's author, Fyodor Dostoevsky?",Q165318,Crime and punishment,Q991,Fyodor Dostoyevsky,,,,,2,1881-02-09T00:00:00Z,9 February 1881,infobox,09 February 1881,books,2300-1,5.3
7716,Did Milo Ventimiglia also act in The Art of Racing in the Rain?,Q83733,Milo Ventimiglia,Q55642249,The Art of Racing in the Rain,,,,,2,Yes,Yes,text,Yes,tvseries,2596-3,5.3
7792,Who is the director of the first movie of the The Expendables series?,Q3062086,The Expendables,Q206374,The Expendables,,,,,2,Q40026,Sylvester Stallone,table,Sylvester Stallone,movies,2622-1,5.3
6768,Did Robert Jordan author the last book in the Wheel of Time series?,Q477994,The Eye of the World,Q166351,Robert Jordan,,,,,2,No,No,text,No,books,2280-2,5.3
8700,What is the name of the second book in the Wolf Hall trilogy?,Q2657795,Wolf Hall,Q3644822,Bring Up the Bodies,,,,,2,Q3644822,Bring Up the Bodies,text,Bring Up the Bodies,books,2870-2,5.3
8956,Who from the cast of All of Us Is Dead is still alive?,Q96414952,Q96414952,Q96189818,Q96189818,,,,,2,Q18328892,Yoon Chan-yeong,,"Yoon Chan-yeong, Park Juko",tvseries,2916-6,5.3
9387,Name the band from Brazil whose members were Paulo Jr and Andreas Kisser.,Q2088127,Paulo Jr.,Q465799,Andreas Kisser,,,,,2,Q239074,Sepultura,text,Sepultura,music,2995-0,5.3
9185,What was Croatia national football team placing in the 2018 FIFA world cup?,Q134479,Croatia national football team,Q170645,2018 FIFA World Cup,,,,,2,2,2,infobox,2,soccer,2958-5,5.3
7794,Who is the director of the second movie of the The Expendables series?,Q3062086,The Expendables,Q210812,The Expendables 2,,,,,2,Q442740,Simon West,table,Simon West,movies,2622-3,5.3
2916,Which Clint Eastwood movie has won the most number of Academy Awards and BAFTA  Awards?,Q43203,Clint Eastwood,,,,,,,1,Q104137,Unforgiven,table,Unforgiven,movies,992-0,5.2
1253,The science fiction tv series Space: Above and Beyond originally aired on which tv network?,Q729265,Space: Above and Beyond,,,,,,,1,Q166419,Fox Broadcasting Company,infobox,Fox,tvseries,417-0,5.2
476,Who was the shirt sponsor of the Chicago Fire Football Club in 2019 to present?,Q308683,Chicago Fire Soccer Club,,,,,,,1,Q259011,Motorola,table,Motorola,soccer,158-2,5.2
4482,"In the game of soccer (or association football), how many players are on each team?",Q2736,soccer,,,,,,,1,11,11,text,11,soccer,1518-0,5.2
3778,Did a real life court case inspired John Grisham to write A Time to Kill?,Q1213715,A Time to Kill,,,,,,,1,Yes,Yes,infobox,Yes,books,1281-0,5.2
3632,Who played the voice actor for Batman in the movie Batman: Death in the Family?,Q98537283,Batman: Death in the Family,,,,,,,1,Q342788,Bruce Greenwood,infobox,Bruce Greenwood,movies,1232-2,5.2
1062,"What was the genre of the song ""I am not a woman, I’m a god""?",Q108822278,"I Am Not a Woman, I'm a God",,,,,,,1,"Rock,Pop","Rock,Pop",infobox,"Rock,Pop",music,354-1,5.2
945,What is the album from the band Def Leppard that follows On Through the Night?,Q182890,Def Leppard,,,,,,,1,Q944387,High 'n' Dry,text,High 'n' Dry,music,314-4,5.2
1893,What is the award received in 1981 by the book The Name of the Rose?,Q172850,The Name of the Rose,,,,,,,1,Q731542,Strega Prize,text,Strega Prize,books,630-4,5.2
1690,In 1995 which Midway Games' fighting game franchise was turned into a live action movie?,Q241163,Mortal Kombat,,,,,,,1,Q819196,Mortal Kombat,infobox,Mortal Kombat,movies,563-0,5.2
1371,Which science fiction tv series did Charles Shaughnessy appeared in for one episode in 2004?,Q122473,Charles Shaughnessy,,,,,,,1,Q187462,Stargate SG-1,table,Stargate SG-1,tvseries,456-3,5.2
3522,"Which Coldplay song, ""Fix You"" or "" Viva la Vida"", has a longer album version?",Q1991309,Fix You,,,,,,,1,Q1991309,Fix You,infobox,Fix You,music,1194-4,5.2
115,Which football club was represented by the soccer player Raúl González in the year 2002?,Q11576,Ra\u00FAl,,,,,,,1,Q12217,Real Madrid Castilla,table,Real Madrid,soccer,38-1,5.2
819,"Who won the Best Film Editing award in Academy Awards for the movie ""The Matrix""?",Q83495,The Matrix,,,,,,,1,Q139384,Zach Staenberg,table,Zach Staenberg,movies,272-4,5.2
1464,What was the name of the football club Mikel Arteta represented in the year 2003?,Q185572,Mikel Arteta,,,,,,,1,Q19597,Rangers F.C.,table,Rangers F.C.,soccer,488-1,5.2
3471,Which soccer player scored the most number of goals in the UEFA Euro 2004 tournament?,Q102920,UEFA Euro 2004,,,,,,,1,Q180581,Milan Baro\u0161,table,Milan Baroš,soccer,1178-1,5.2
4610,What was the date that Knickerbocker Building added to the National Register of Historic Places?,Q6422047,Knickerbocker Building,,,,,,,1,Q6422047,Knickerbocker Building,infobox,"May 11, 2000",books,1560-3,5.2
3563,Who was the kit manufacturer from 2015 to present for New York City Football club?,Q13361030,New York City FC,,,,,,,1,Q4033399,Adidas,table,Adidas,soccer,1208-4,5.2
3802,In 2010 who coached the United States men's national soccer team at the World Cup?,Q164134,United States men's national soccer team,,,,,,,1,Q442325,Bob Bradley,text,Bob Bradley,soccer,1289-0,5.2
1816,What is the name of the album that featured bass player Cliff Burton the last?,Q188973,Cliff Burton,,,,,,,1,Q187507,Master of Puppets,text,Master of Puppets,music,605-0,5.2
4732,Which actor plays the character of Daniel Kaffee in the movie A Few Good Men?,Q108946,A Few Good Men,,,,,,,1,Q37079,Tom Cruise,text,Tom Cruise,movies,1602-1,5.2
2891,What is the spoof of Western movies by Mel Brooks that was released in 1974?,Q104266,Mel Brooks,,,,,,,1,Q957323,Blazing Saddles,text,Blazing Saddles,movies,983-0,5.2
3206,When did The United States Soccer Federation become affiliated and a full member with FIFA?,Q222131,United States Soccer Federation,,,,,,,1,1914-01-01T00:00:00Z,1914,table,1914,soccer,1088-3,5.2
4320,"What award won the National Board of Review Awards in December 2, 2021 for ""Encanto""?",Q103372692,Encanto,,,,,,,1,Best Animated Film,Best Animated Film,table,Best Animated Film,movies,1462-4,5.2
292,"Who was the Walter's cooking partner and former student in the series ""Breaking Bad"" ?",Q1079,Breaking Bad,,,,,,,1,Q6186746,Jesse Pinkman,text,Jesse Pinkman,tvseries,96-4,5.2
823,"When the song ""Cold Heart"" released in Italy in the format of Digital download streaming?",Q108072305,Cold Heart,,,,,,,1,2021-08-13T00:00:00Z,13 August 2021,table,13 August 2021,music,274-2,5.2
3467,Name the actor playing the role of Ethan Burke in the TV series Wayward Pines?,Q16867394,Wayward Pines,,,,,,,1,Q193070,Matt Dillon,table,Matt Dillon,tvseries,1176-3,5.2
845,Who is the author of the book the movie Kramer vs. Kramer is based on?,Q193577,Kramer vs. Kramer,,,,,,,1,Q352325,Avery Corman,text,Avery Corman,movies,282-0,5.2
1067,"What was the genre of the song ""I am not a woman, I'm a god""?",Q108822278,"I Am Not a Woman, I'm a God",,,,,,,1,"Rock,Pop","Rock,Pop",infobox,"Rock,Pop",music,355-1,5.2
842,What is the name of the father of the narrator in To Kill a Mockingbird?,Q212340,To Kill a Mockingbird,,,,,,,1,Q525777,Atticus Finch,text,Atticus Finch,books,280-3,5.2
2533,What is the rap name of the rapper who also is famous as Slim Shady?,Q19929372,Slim Shady,,,,,,,1,Q5608,Eminem,text,Eminem,music,845-0,5.2
3788,Which Black Eyed Peas member sang vocal on all the tracks for Behind the Front?,Q290548,Behind the Front,,,,,,,1,Q185610,will.i.am,text,will.i.am,music,1284-3,5.2
128,What's the run time for all the movies in the Harry Potter film series combined?,Q216930,Harry Potter film series,,,,,,,1,1179 minutes,1179 minutes,infobox,1179 minutes,movies,42-2,5.2
2099,What year was the last book of the series Percy Jackson & the Olympians published?,Q213167,Percy Jackson & the Olympians,,,,,,,1,2009-01-01T00:00:00Z,2009,infobox,2009,books,700-0,5.2
1066,"Who was the singer of the song ""I Am Not a Woman, I'm a God""?",Q108822278,"I Am Not a Woman, I'm a God",,,,,,,1,Q2254254,Halsey,kb,Halsey,music,355-0,5.2
4841,Who was the top goal player as of 2021 in FIFA Beach Soccer World Cup?,Q610865,FIFA Beach Soccer World Cup,,,,,,,1,Q1367228,Madjer,table,Madjer,soccer,1638-2,5.2
1534,What is the name of the author of the book Dream of the Red Chamber?,Q8265,Dream of the Red Chamber,,,,,,,1,Q182874,Cao Xueqin,kb,Cao Xueqin,books,511-0,5.2
4120,Which actor portray Captain Jean-Luc Picard in the tv series Star Trek: The Next Generation?,Q16290,Star Trek: The Next Generation,,,,,,,1,Q16296,Patrick Stewart,kb,Patrick Stewart,tvseries,1396-0,5.2
4335,Who was the Kit manufacturer from 2012 to present for New England Revolution soccer club?,Q309095,New England Revolution,,,,,,,1,Q4033399,Adidas,table,Adidas,soccer,1468-1,5.2
1907,"Who directs season 1 episode ""Welcome to Matheson"" in the tv series locke & key?",Q56274745,Locke & Key,,,,,,,1,Q6832915,Michael Morris,table,Michael Morris,tvseries,636-0,5.2
1063,"What was the label of the song ""I am not a woman, I’m a god""?",Q108822278,"I Am Not a Woman, I'm a God",,,,,,,1,Q50842365,Capitol,infobox,Capitol,music,354-2,5.2
445,What is the name of the club Wayne Rooney played for in the year 2003?,Q266613,Wayne Rooney,,,,,,,1,Q5794,Everton F.C.,table,Everton F.C.,soccer,148-1,5.2
2216,What is the name of the football club Iker Casillas represented in the year 2002?,Q11584,Iker Casillas,,,,,,,1,Q12217,Real Madrid Castilla,table,Real Madrid Castilla,soccer,738-3,5.2
1686,Which actor portrayed the Shaolin monk character Liu Kang in the 1995 movie Mortal Kombat?,Q819196,Mortal Kombat,,,,,,,1,Q353049,Robin Shou,kb,Robin Shou,movies,562-1,5.2
1953,What was the flat number of Sherlock Holmes in the novel A Study in Scarlet?,Q223131,A Study in Scarlet,,,,,,,1,221B,221B,text,221B,books,650-4,5.2
1061,"Who was the singer of the song ""I am not a woman, I’m a god""?",Q108822278,"I Am Not a Woman, I'm a God",,,,,,,1,Q2254254,Halsey,kb,Halsey,music,354-0,5.2
2139,What was the name of the 1980 movie which spoofed the Airport series of films?,Q409022,Airport,,,,,,,1,Q497256,Airplane!,text,Airplane!,movies,712-4,5.2
2066,What is the name of the footballer who captained the club S.S. Lazio in 2000?,Q2609,S.S. Lazio,,,,,,,1,Q227892,Alessandro Nesta,text,Alessandro Nesta,soccer,688-3,5.2
2785,What is the football player Pelé's full given name in his native language Brazilian Portuguese?,Q12897,Pel\u00E9,,,,,,,1,Edson Arantes do Nascimento,Edson Arantes do Nascimento,kb,Edson Arantes do Nascimento,soccer,948-1,5.2
4507,What is the name of the actress playing the role of Vicki in Small Wonder?,Q2347191,Small Wonder,,,,,,,1,Q2278470,Tiffany Brissette,kb,Tiffany Brissette,tvseries,1526-2,5.2
3290,What is the  Award recieved in 2008 by the tv series wizards of waverly place?,Q5280671,Directors Guild of America Award for Outstanding Directing \u2013 Children's Programs,,,,,,,1,Q184342,Wizards of Waverly Place,table,Directors Guild of America Award for Outstanding Directing – Children's Programs,tvseries,1117-0,5.2
1362,"Which Tom Tom Club song is sampled by Mark Morrison's song ""Return of the Mack""?",Q3933840,Return of the Mack,,,,,,,1,Q5533282,Genius of Love,text,Genius of Love,music,454-0,5.2
5616,In what year did Rob Brydon start hosting the show Would I Lie to You?,Q655817,Would I Lie to You?,,,,,,,1,2009-01-01T00:00:00Z,2009,kb,2009,tvseries,1896-1,5.2
5374,What is the name of the singer who sang the song Kiss from a Rose?,Q385974,Kiss from a Rose,,,,,,,1,Q218091,Seal,text,Seal,music,1815-0,5.2
5005,Who was the creator of the character Frodo Baggins in The Lord of the Rings?,Q177329,Frodo Baggins,,,,,,,1,Q892,J. R. R. Tolkien,kb,J. R. R. Tolkien,movies,1692-3,5.2
5965,Which is the production company of the movie Dora and the Lost City of Gold?,Q56064745,Dora and the Lost City of Gold,,,,,,,1,Q1637250,Walden Media,kb,Walden Media,movies,2012-3,5.2
5963,Who is the screen writer of the movie Dora and the Lost City of Gold?,Q56064745,Dora and the Lost City of Gold,,,,,,,1,Q2624066,Nicholas Stoller,infobox,Nicholas Stoller,movies,2012-1,5.2
5917,Which character in the TV series The Marvelous Mrs. Maisel was played by Michael Arden,Q4068927,Michael Arden,,,,,,,1,Q30634329,The Marvelous Mrs. Maisel,text,Milken Prince,tvseries,1996-3,5.2
5098,What was the name of the actress who played Dorothy in The Wizard of Oz?,Q193695,The Wizard of Oz,,,,,,,1,Q11637,Judy Garland,infobox,Judy Garland,movies,1723-0,5.2
6178,"Which R&B group recorded the single ""This Is for the Lover in You"" in 1980?",Q7786031,This Is for the Lover in You,,,,,,,1,Q1329167,Shalamar,kb,Shalamar,music,2084-0,5.2
6437,What is the name of the creator of the characters of The Hardy Boys series?,Q1471089,The Hardy Boys,,,,,,,1,Q1293795,Edward Stratemeyer,text,Edward Stratemeyer,books,2170-1,5.2
9307,Mary Robinette Kowal was president of which organization for professional writers between 2019 and 2021?,Q4225496,Mary Robinette Kowal,,,,,,,1,Q1364364,Science Fiction and Fantasy Writers of America,text,Science Fiction and Fantasy Writers of America,books,2980-7,5.2
9119,"What country did Robin Scherbatsky come from in the show, How I Met Your Mother?",Q2347474,Robin Scherbatsky,,,,,,,1,Q16,Canada,kb,Canada,tvseries,2946-5,5.2
7007,What is the name of the composer in the The Old Man and the Sea?,Q7754883,The Old Man and the Sea,,,,,,,1,Q991563,Bruce Broughton,kb,Bruce Broughton,books,2360-2,5.2
8042,Which Warren G hip-hop single reached No. 2 on the Billboard Hot 100 in 1994?,Q319585,Warren G,,,,,,,1,Q7309633,Regulate,text,Regulate,music,2705-0,5.2
7509,What is the date of birth of the soccer player Neymar da Silva Santos Júnior?,Q142794,Neymar,,,,,,,1,1992-02-05T00:00:00Z,5 February 1992,kb,5 February 1992,soccer,2528-0,5.2
8367,When was the next World Cup after the 2010 FIFA World Cup in South Africa?,Q176883,2010 FIFA World Cup,,,,,,,1,2014-01-01T00:00:00Z,2014,kb,2014,soccer,2808-9,5.2
6891,What was the name of the novel written in 1818 by Percy Bysshe Shelley's spouse?,Q93343,Percy Bysshe Shelley,,,,,,,1,Q150827,"Frankenstein; or, The Modern Prometheus",text,Frankenstein,books,2321-0,5.2
6666,What is the name of the chef that won the Master Chef Australia season twelve?,Q85784212,"MasterChef Australia, series 12",,,,,,,1,Q97576729,Emelia Jackson,table,Emelia Jackson,tvseries,2246-2,5.2
8221,When did the United States men's national soccer team play their first official international match?,Q164134,United States men's national soccer team,,,,,,,1,1916-08-20T00:00:00Z,20 August 1916,text,20 August 1916,soccer,2768-3,5.2
7326,Who played as mother character of the Maitreyi Ramakrishnan in Never have i ever series?,Q90138922,Never Have I Ever,,,,,,,1,Q12060833,Poorna Jagannathan,kb,Poorna Jagannathan,tvseries,2466-3,5.2
8809,Which novel is the closest prequel to The Spy Who Came in from the Cold?,Q468071,The Spy Who Came in from the Cold,,,,,,,1,Q1305005,A Murder of Quality,text,A Murder of Quality,books,2890-1,5.2
9083,"What year did the book The Cat in the Hat, by Dr Seuss come out?",Q973053,The Cat in the Hat,,,,,,,1,1957-01-01T00:00:00Z,1957,table,1957,books,2940-2,5.2
8157,Director name of the first season “somebody’s dead” in the tv series Big Little Lies?,Q500611,Jean-Marc Vall\u00E9e,,,,,,,1,Q19873404,Big Little Lies,table,Jean-Marc Vallée,tvseries,2747-0,5.2
8735,What castle was used for exterior shots to represent Downton Abbey in the TV series?,Q83071,Downton Abbey,,,,,,,1,Q1508450,Highclere Castle,text,Highclere Castle,tvseries,2876-4,5.2
9368,What is the name of the director of the film A Night at the Opera?,Q943992,A Night at the Opera,,,,,,,1,Q457269,Sam Wood,infobox,Sam Wood,movies,2992-2,5.2
7325,"Who played the lead role as teen Indian girl in ""Never have i ever"" series?",Q90138922,Never Have I Ever,,,,,,,1,Q91224020,Maitreyi Ramakrishnan,kb,Maitreyi Ramakrishnan,tvseries,2466-2,5.2
7009,What is the name of the company that distributes The Old Man and the Sea?,Q7754883,The Old Man and the Sea,,,,,,,1,Q907311,Netflix,infobox,Netflix,books,2360-4,5.2
2501,Did John Prine win a Grammy for Fair & Square?,Q520296,John Prine,Q41254,Grammy Award,Q5429755,Fair & Square,,,3,Yes,Yes,table,Yes,music,834-3,5.1
2541,What number of World Cups has Brazil won in total?,Q19317,FIFA World Cup,Q155,Brazil,Q83459,Brazil national football team,,,3,5,5,text,5,soccer,848-1,5.1
2750,Who played the character of Krishna of Goloka in RadhaKrishn?,Q56485183,RadhaKrishn,Q42891,Krishna,Q1335949,Goloka,,,3,Q107649730,Himanshu Soni,table,Himanshu Soni,tvseries,936-2,5.1
2881,In what year was The World According to Garp published?,Q2507282,The World According to Garp,Q310379,John Irving,Q2483,1978,,,3,1978-01-01T00:00:00Z,1978,kb,1978,books,980-1,5.1
2493,Who played Scott Calvin's son Charlie in The Santa Clause?,Q24573094,Scott Calvin,Q42412129,Charlie Calvin,Q497850,The Santa Clause,,,3,Q286942,Eric Lloyd,text,Eric Lloyd,movies,832-1,5.1
8583,When was David & Victoria Beckham's son Brooklyn Beckham born?,Q10520,David Beckham,Q19810,Victoria Beckham,Q17410449,Brooklyn Beckham,,,3,1999-03-04T00:00:00Z,4 March 1999,kb,4 March 1999,soccer,2848-6,5.1
3263,How many matches have Eden Hazard played for Belgium national football team?,Q214204,Eden Hazard,Q166776,Belgium national football team,,,,,2,116,116,infobox,116,soccer,1108-2,5.0
3059,What year the first book of the series The Dark Tower released?,Q280898,The Dark Tower,Q1422318,The Dark Tower: The Gunslinger,,,,,2,1982-01-01T00:00:00Z,1982,kb,1982,books,1040-0,5.0
2075,Did Paul Verhoeven direct all three RoboCop movies from the original trilogy?,Q129079,Paul Verhoeven,Q2080591,RoboCop,,,,,2,No,No,table,No,movies,692-0,5.0
1843,When was Men at Work inducted into the ARIA Hall of Fame?,Q831111,Men at Work,Q4653736,ARIA Hall of Fame,,,,,2,1994-01-01T00:00:00Z,1994,table,1994,music,614-2,5.0
1756,"Which American singer, songwriter and dancer was dubbed the ""King of Pop""?",Q17437796,featured article,Q2831,Michael Jackson,,,,,2,Q2831,Michael Jackson,text,Michael Jackson,music,585-0,5.0
2757,How many matches have Zinedine Zidane played for France national football team?,Q1835,Zinedine Zidane,Q47774,France national association football team,,,,,2,108,108,infobox,108,soccer,938-3,5.0
1602,In which year was the singer Prince's sixth album Purple Rain released?,Q7542,Prince,Q253004,Purple Rain,,,,,2,1984-01-01T00:00:00Z,1984,text,1984,music,534-1,5.0
3173,Who captained the football club Chelsea in the 2012 Champions League final?,Q9616,Chelsea F.C.,Q719820,2012 UEFA Champions League Final,,,,,2,Q41533,Frank Lampard,text,Frank Lampard,soccer,1078-0,5.0
4348,Who is the director of the third film in the Bourne series?,Q868683,Bourne,Q107226,The Bourne Ultimatum,,,,,2,Q356275,Paul Greengrass,table,Paul Greengrass,movies,1472-2,5.0
520,Who was the distributor of the picture 12 Years as a Slave?,Q1097348,InterCom,Q3023357,12 Years a Slave,,,,,2,Q907311,Netflix,table,"InterCom, ProVideo, Netflix",movies,172-4,5.0
897,How many number of national matches did Cristiano Ronaldo played for Portugal?,Q11571,Cristiano Ronaldo,Q45,Portugal,,,,,2,Q24056547,Six,table,Six,soccer,298-4,5.0
2153,"By what other, more formal name is the sport of soccer known?",Q17437796,featured article,Q2736,soccer,,,,,2,Q2736,soccer,kb,Association football,soccer,718-0,5.0
3164,What song did Eric Clapton write following his son Conor Clapton's death?,Q48187,Eric Clapton,Q11855489,Conor Clapton,,,,,2,Q978005,Tears in Heaven,text,Tears in Heaven,music,1074-3,5.0
2889,What famous American jazz musician makes an anachronistic cameo in Blazing Saddles?,Q957323,Blazing Saddles,Q104266,Mel Brooks,,,,,2,Q107008,Count Basie,kb,Count Basie,movies,982-3,5.0
2050,What science fiction thriller movie featuring Sandra Bullock came out in 2013?,Q40791,Sandra Bullock,Q471839,science fiction film,,,,,2,Q2579784,Gravity,text,Gravity,movies,683-0,5.0
135,Which of the Black Eyed Peas albums did Fergie first appear on?,Q180004,Fergie,Q134541,Black Eyed Peas,,,,,2,Q832375,Elephunk,text,Elephunk,music,44-3,5.0
1647,How many matches has Roque Júnior played for Brazil national football team?,Q315831,Roque J\u00FAnior,Q83459,Brazil national football team,,,,,2,48,48,text,48,soccer,548-4,5.0
2345,What is the date of birth of the Sooryavanshi director Rohit Shetty?,Q61994951,Sooryavanshi,Q6716074,Rohit Shetty,,,,,2,1974-03-14T00:00:00Z,14 March 1974,infobox,14 March 1974,movies,782-2,5.0
1879,What was the first episode William Shatner appeared in in Twilight Zone?,Q16297,William Shatner,Q742103,The Twilight Zone,,,,,2,Q2617903,Nick of Time,text,Nick of Time,tvseries,626-2,5.0
4799,Is John Deacon an active member of the Queen band right now?,Q15862,Queen,Q192103,John Deacon,,,,,2,No,No,infobox,No,music,1624-2,5.0
4920,What's the name of the label that released Garlands by Cocteau Twins?,Q3758381,Garlands,Q588820,Cocteau Twins,,,,,2,Q238095,4AD,infobox,4AD,music,1664-2,5.0
3840,Which actor played the character of Ivan Vanko in Iron Man 2?,Q23900364,Ivan Vanko,Q205028,Iron Man 2,,,,,2,Q178552,Mickey Rourke,kb,Mickey Rourke,movies,1302-1,5.0
1580,What profession did Caleb have on the show Buffy the Vampire Slayer?,Q183513,Buffy the Vampire Slayer,Q1118020,Caleb,,,,,2,Q42603,Priest,text,Priest,tvseries,526-3,5.0
2179,"Who played Detective Rustin ""Rust"" Cohle in season one of True Detective?",Q7847400,True Detective,Q17509066,Rust Cohle,,,,,2,Q188955,Matthew McConaughey,kb,Matthew McConaughey,tvseries,726-2,5.0
4846,Name of the book published in 2002 in Dragonriders of Pern series?,Q1254342,Dragonriders of Pern,Q4657002,A Gift of Dragons,,,,,2,Q4657002,A Gift of Dragons,infobox,A Gift of Dragons,books,1640-1,5.0
3695,Name the actor who had Angelina Jolie and Jennifer Aniston as spouses?,Q13909,Angelina Jolie,Q32522,Jennifer Aniston,,,,,2,Q35332,Brad Pitt,text,Brad Pitt,movies,1253-0,5.0
493,What is the rating given by Entertainment Weekly to the album Confident?,Q20886070,Confident,Q275033,Entertainment Weekly,,,,,2,Q4833641,B+,table,B+,music,164-1,5.0
1868,Was Terence Stamp in Star Wars: Episode I – The Phantom Menace?,Q77298,Terence Stamp,Q165713,Star Wars: Episode I \u2013 The Phantom Menace,,,,,2,Yes,Yes,table,Yes,movies,622-3,5.0
2965,How many matches did Eden Hazard played for Belgium national football team?,Q214204,Eden Hazard,Q166776,Belgium national football team,,,,,2,116,116,table,116,soccer,1008-2,5.0
2899,On what date did the first episode of Saturday Night Live air?,Q13979,Saturday Night Live,Q69292449,"October 11, 1975",,,,,2,1975-10-11T00:00:00Z,11 October 1975,table,"October 11, 1975",tvseries,986-1,5.0
690,What is the release year of Leviathan Wakes of The Expanse series?,Q19610143,The Expanse,Q6535598,Leviathan Wakes,,,,,2,2011-01-01T00:00:00Z,2011,kb,2011,books,230-1,5.0
2631,"In what war did Frank Costanza from the sitcom Seinfeld, serve in?",Q106471752,Frank Costanza,Q23733,Seinfeld,,,,,2,Q8663,Korean War,text,Korean War,tvseries,886-4,5.0
434,Was Jennifer Lopez in a married relationship with the singer Mark Anthony?,Q40715,Jennifer Lopez,Q26625,Marc Anthony,,,,,2,Yes,Yes,,Yes,music,144-2,5.0
2630,What actor played the father of George Costanza in the sitcom Seinfeld?,Q2777013,George Costanza,Q23733,Seinfeld,,,,,2,Q106471752,Frank Costanza,kb,Jerry Stiller,tvseries,886-3,5.0
2097,What year did Inter Milan win their first FIFA Club World Cup?,Q631,Inter Milan,Q39087916,list of Inter Milan honours,,,,,2,2010-01-01T00:00:00Z,2010,table,2010,soccer,698-4,5.0
2853,Is Sirius Black a member of Prisoner of Azkaban in harry potter?,Q713701,Sirius Black,Q47598,Harry Potter and the Prisoner of Azkaban,,,,,2,Yes,Yes,table,Yes,books,970-4,5.0
389,Which country was the winner of the FIFA World Cup in 2010?,Q19317,FIFA World Cup,Q176883,2010 FIFA World Cup,,,,,2,Q42267,Spain national association football team,infobox,Spain,soccer,129-0,5.0
4928,What was the name of Lucille Ball's character on I Love Lucy?,Q209662,Lucille Ball,Q181943,I Love Lucy,,,,,2,Q17379228,Lucy,text,Lucy Ricardo,tvseries,1666-4,5.0
566,How many matches has Joshua Kimmich played for Germany national football team?,Q13865408,Joshua Kimmich,Q43310,Germany national association football team,,,,,2,64,64,infobox,64,soccer,188-3,5.0
2966,How many goals did Eden Hazard scored for Belgium national football team?,Q214204,Eden Hazard,Q166776,Belgium national football team,,,,,2,33,33,table,33,soccer,1008-3,5.0
942,Is Joe Elliot the singer a member of the band Def Leppard?,Q182890,Def Leppard,Q541573,Joe Elliott,,,,,2,Yes,Yes,text,Yes,music,314-1,5.0
2513,How many times has Spain's Olympic football team played in the Olympics?,Q2637337,Spain national under-23 football team,Q5389,Olympic Games,,,,,2,5,5,infobox,5,soccer,838-3,5.0
4479,"During its run on NBC, how many Emmy nominations did SCTV earn?",Q1767756,Second City Television,Q38701,15,,,,,2,15,15,text,15,tvseries,1516-3,5.0
1482,What year was Gordon Lightfoot inducted into the Songwriters Hall of Fame?,Q359552,Gordon Lightfoot,Q861660,Songwriters Hall of Fame,,,,,2,2012-01-01T00:00:00Z,2012,text,2012,music,494-1,5.0
1583,What English football club was the first to achieve the European treble?,Q2736,soccer,Q845101,treble,,,,,2,Q18656,Manchester United F.C.,text,Manchester United F.C.,soccer,528-0,5.0
1296,Who stars in One Flew Over the Cuckoo's Nest as Randle McMurphy?,Q2089370,Randle McMurphy,Q171669,One Flew Over the Cuckoo's Nest,,,,,2,Q39792,Jack Nicholson,text,Jack Nicholson,movies,432-0,5.0
1439,Which novelist's mother was Anne-Charlotte-Laure Sallambier and also won the Légion d'honneur?,Q19112644,Anne-Charlotte-Laure Sallambier,Q163700,Legion of Honour,,,,,2,Q9711,Honor\u00E9 de Balzac,text,Honoré de Balzac,books,480-0,5.0
1143,Who first named the zeroth law of Robotics in Robots and Empire?,Q23758,Three Laws of Robotics,Q377230,Robots and Empire,,,,,2,Q901072,R. Daneel Olivaw,text,R. Daneel Olivaw,books,380-3,5.0
2093,In which year did the Brazilian footballer Kaka win the Ballon d'Or?,Q531814,Kak\u00E1,Q166177,Ballon d'Or,,,,,2,2007-01-01T00:00:00Z,2007,kb,2007,soccer,698-0,5.0
1567,What was the first movie Mike Myers won an MTV award for?,Q185724,Mike Myers,Q1062026,MTV Movie Award for Best Villain,,,,,2,Q501703,Austin Powers: International Man of Mystery,kb,Austin Powers: International Man of Mystery,movies,522-2,5.0
1159,Was Sean Maguire in Kröd Mändoon and the Flaming Sword of Fire?,Q717304,Kr\u00F6d M\u00E4ndoon and the Flaming Sword of Fire,Q2094185,Sean Maguire,,,,,2,Yes,Yes,text,Yes,tvseries,386-1,5.0
3609,What TV show used Sweet and Low by Augustana in an episode?,Q7655599,Sweet and Low,Q765947,Augustana,,,,,2,Q685481,Kyle XY,text,Kyle XY,music,1224-3,5.0
1376,Which club was Gareth Bale loaned to from Real Madrid in 2020?,Q184586,Gareth Bale,Q8682,Real Madrid C.F.,,,,,2,Q18741,Tottenham Hotspur F.C.,infobox,Tottenham Hotspur F.C.,soccer,458-2,5.0
4005,Has Kevin Alejandro played a role in the web series Gemini Division?,Q1282510,Kevin Alejandro,Q5530649,Gemini Division,,,,,2,Yes,Yes,table,Yes,tvseries,1356-4,5.0
1758,Who were the main three stars of the show when it premiered?,Q245996,Three's Company,Q245996,Three's Company,,,,,2,Q245996,Three's Company,text,John Ritter; Joyce DeWitt; Suzanne Somers,tvseries,586-1,5.0
6445,Who is the voice actor for adult Simba in The Lion King?,Q1649583,Simba,Q36479,The Lion King,,,,,2,Q28755,Matthew Broderick,text,Matthew Broderick,movies,2172-3,5.0
5576,What's Queen Elizabeth's relation to the main character in The King's speech?,Q10633,Queen Elizabeth The Queen Mother,Q160060,The King's Speech,,,,,2,Q188830,Wife,text,wife,movies,1882-3,5.0
4968,What is the date of birth of the Divergent's author Veronica Roth?,Q627192,Divergent,Q328212,Veronica Roth,,,,,2,1988-08-19T00:00:00Z,19 August 1988,text,19 August 1988,books,1680-2,5.0
6160,How many titles has Bethlehem Steel won in the US Open Cup?,Q27192,U.S. Open Cup,Q620722,Bethlehem Steel F.C.,,,,,2,5,5,table,5,soccer,2078-0,5.0
6152,Which island was Billy Joel living on when he wrote Captain Jack?,Q194333,Billy Joel,Q5036681,Captain Jack,,,,,2,Q18438,Long Island,text,Long Island,music,2074-4,5.0
5577,Which Beethoven symphony was part of the soundtrack for The King's Speech?,Q255,Ludwig van Beethoven,Q160060,The King's Speech,,,,,2,Q260957,Symphony No. 7,table,Symphony No. 7,movies,1882-4,5.0
5144,In what year did Álvaro Morata begin playing with Real Madrid CF?,Q48770,\u00C1lvaro Morata,Q8682,Real Madrid C.F.,,,,,2,2010-01-01T00:00:00Z,2010,text,2010,soccer,1738-3,5.0
6420,Who named Adele the Artist of the Year twice in the 2010s?,Q23215,Adele,Q28454082,Billboard Music Award for Top Artist,,,,,2,Q485240,Billboard,table,Billboard,music,2164-2,5.0
5167,What is the genre of the TV series Cursed composer Jeff Russo?,Q55608702,Cursed,Q6174877,Jeff Russo,,,,,2,Q11399,rock music,infobox,Rock music,tvseries,1746-2,5.0
5942,What is the Metacritic rating of the album Here We Go Again?,Q940194,Here We Go Again,Q150248,Metacritic,,,,,2,65/100,65/100,table,65/100,music,2004-4,5.0
6429,Which American period sitcom did Topher Grace and Ashton Kutcher starred in?,Q277978,Topher Grace,Q164782,Ashton Kutcher,,,,,2,Q208072,That '70s Show,text,That '70s Show,tvseries,2167-0,5.0
6588,Has George R. R. Martin write a New York Times best seller?,Q9684,The New York Times,Q181677,George R. R. Martin,,,,,2,Yes,Yes,text,Yes,books,2220-2,5.0
5843,Which movie got Vivien Liegh the Oscar for best actress in 1952?,Q129429,Vivien Leigh,Q917184,24th Academy Awards,,,,,2,Q212129,A Streetcar Named Desire,table,A Streetcar Named Desire,movies,1972-1,5.0
5086,What is the year pele received the award honorary citizen of Baltimore?,Q15124393,honorary citizen of Baltimore,Q12897,Pel\u00E9,,,,,2,1973-01-01T00:00:00Z,1973,kb,1973,soccer,1719-0,5.0
6474,"Which actor played Apollo's son, Adonis in the Rocky franchise spin-offs, Creed?",Q1078084,Rocky,Q18822138,Creed,,,,,2,Q3308007,Michael B. Jordan,text,Michael B. Jordan,movies,2182-2,5.0
6221,In what year did Cristiano Ronaldo leave Manchester United the first time?,Q11571,Cristiano Ronaldo,Q18656,Manchester United F.C.,,,,,2,2009-01-01T00:00:00Z,2009,infobox,2009,soccer,2098-1,5.0
5363,Which actress starred in both The Breakfast Club and Pretty in Pink?,Q499152,The Breakfast Club,Q777564,Pretty in Pink,,,,,2,Q231460,Molly Ringwald,text,Molly Ringwald,movies,1812-0,5.0
5421,Was Charles Dickens granted the Fellow of the Royal Society of Arts?,Q5686,Charles Dickens,Q15271633,Fellow of the Royal Society of Arts,,,,,2,Yes,Yes,kb,Yes,books,1830-4,5.0
6339,Which TV series with actor Charlie Sheen was created by Chuck Lorre?,Q430844,Chuck Lorre,Q103939,Charlie Sheen,,,,,2,Q189267,Two and a Half Men,infobox,Two and a Half Men,tvseries,2137-0,5.0
6270,What is the ranking of Kid A on rolling stone in 2009?,Q220726,Kid A,Q33511,Rolling Stone,,,,,2,1,1,table,1,music,2114-2,5.0
5383,How many years did John Terry play for the club Chelsea F.C.?,Q83456,John Terry,Q9616,Chelsea F.C.,,,,,2,19,19,kb,19,soccer,1818-2,5.0
7159,When was first novel in the The Hunger Games Trilogy series released?,Q11679,The Hunger Games,Q11678,The Hunger Games,,,,,2,2008-09-14T00:00:00Z,14 September 2008,kb,14 September 2008,books,2410-4,5.0
8792,Who plays the Red Blood Cell in English for Cells at Work!?,Q37187,red blood cell,Q22123892,Cells at Work!,,,,,2,Q138188,Cherami Leigh,text,Cherami Leigh,tvseries,2886-6,5.0
7246,In which country was the novel The Stand by Stephen King published?,Q149552,The Stand,Q39829,Stephen King,,,,,2,Q30,United States of America,table,United States of America,books,2440-1,5.0
9377,Which Brazilian band had Paulo Jr. and Andreas Kisser as band members?,Q2088127,Paulo Jr.,Q465799,Andreas Kisser,,,,,2,Q239074,Sepultura,text,Sepultura,music,2994-0,5.0
9188,What year did France national football win the FIFA world cup first?,Q47774,France national football team,Q19317,FIFA World Cup,,,,,2,1998-01-01T00:00:00Z,1998,infobox,1998,soccer,2958-8,5.0
8198,When was the publisher of The Demon-Haunted World by Carl Sagan founded?,Q2482106,The Demon-Haunted World,Q744182,Random House,,,,,2,1927-01-01T00:00:00Z,1927,kb,1927,books,2760-4,5.0
8209,Was Do You Wanna Ride? on Billboard's US Top R&B/Hip-Hop Album chart?,Q5286394,Do You Wanna Ride?,Q2001897,Top R&B/Hip-Hop Albums,,,,,2,Yes,Yes,table,Yes,music,2764-3,5.0
8772,Which actress played Christine Daaé in The Phantom of the Opera film?,Q276407,The Phantom of the Opera,Q2713628,Christine Daa\u00E9,,,,,2,Q35912,Emmy Rossum,text,Emmy Rossum,movies,2882-8,5.0
8036,Which 1960 psychological horror film was produced and directed by Alfred Hitchcock?,Q7374,Alfred Hitchcock,Q2395037,Alfred Hitchcock filmography,,,,,2,Q163038,Psycho,table,Psycho,movies,2703-0,5.0
7123,Was the White Star Lines ocean liner RMS Titanic build in Liverpool?,Q24826,Liverpool,Q25173,Titanic,,,,,2,Yes,Yes,text,Yes,soccer,2398-4,5.0
8999,Is Jason white active member of the band Green day or not?,Q47871,Green Day,Q349101,Jason White,,,,,2,No,No,infobox,No,music,2924-7,5.0
9147,Who played Charline in the movie Willy Wonka and the Chocolate Factory?,Q936327,Willy Wonka & the Chocolate Factory,Q19238836,list of Charlie and the Chocolate Factory characters,,,,,2,Q386564,Peter Ostrum,table,Peter Ostrum,movies,2952-0,5.0
6842,Which country does the company that bought out Columbia Records come from?,Q183387,Columbia Records,Q41187,Sony,,,,,2,Q17,Japan,infobox,Japan,music,2304-4,5.0
8574,"Who did Melvin Frohike call ""hot"" on the tv series The X-Files?",Q3305307,Melvin Frohike,Q2744,The X-Files,,,,,2,Q2741,Dana Scully,text,Dana Scully,tvseries,2846-7,5.0
9017,How many goals has Jan Oblak scored for Slovenia national football team?,Q2058682,Jan Oblak,Q172221,Slovenia national football team,,,,,2,0,0,table,0,soccer,2928-3,5.0
8048,Ray Romano was the main star in which 1996 CBS sitcom series?,Q220836,Ray Romano,Q107619406,Q107619406,,,,,2,Q208568,Everybody Loves Raymond,text,Everybody Loves Raymond,tvseries,2707-0,5.0
7787,Who is the author of the first book of the Outland series?,Q18153036,Outlander series,Q943712,Outlander,,,,,2,Q272492,Diana Gabaldon,infobox,Diana Gabaldon,books,2620-2,5.0
7534,What is date of birth of the Permanent Roommates' creator Arunabh Kumar?,Q24521502,Permanent Roommates,Q19666417,Arunabh Kumar,,,,,2,1982-11-26T00:00:00Z,26 November 1982,infobox,26 November 1982,tvseries,2536-1,5.0
8801,What year did St Johnstone F.C. win the Scottish Cup before 2021?,Q308822,Scottish Cup,Q268776,St. Johnstone F.C.,,,,,2,2014-01-01T00:00:00Z,2014,text,2014,soccer,2888-4,5.0
6840,"Which record label released Shakira's second English album, Oral Fixation, Vol. 2?",Q1341002,Shakira discography,Q732900,Oral Fixation Vol. 2,,,,,2,Q216364,Epic Records,table,Epic,music,2304-2,5.0
8550,What was the name of John Travolta's character in the movie Carrie?,Q80938,John Travolta,Q162672,Carrie,,,,,2,Q63884029,Billy Nolan,kb,Billy Nolan,movies,2842-5,5.0
7057,How many total episodes were produced in 10 seasons of Hawaii Five-O?,https://en.wikipedia.org/wiki/Hawaii_Five-0_(2010_TV_series),https://en.wikipedia.org/wiki/Hawaii_Five-0_(2010_TV_series),Q728443,Hawaii Five-0,,,,,2,Q728443,Hawaii Five-0,infobox,240,tvseries,2376-4,5.0
8043,What's the name of the 1996 CBS sitcom series starring Ray Romano?,Q220836,Ray Romano,Q107619406,Q107619406,,,,,2,Q208568,Everybody Loves Raymond,text,Everybody Loves Raymond,tvseries,2706-0,5.0
8562,When was the single Love Is a Stranger by the Eurythmics released?,Q596054,Love Is a Stranger,Q207706,Eurythmics,,,,,2,1982-11-08T00:00:00Z,8 November 1982,infobox,8 November 1982,music,2844-6,5.0
7121,What is the founding year of Tim Howard's last Premier League club?,Q200785,Tim Howard,Q5794,Everton F.C.,,,,,2,1878-01-01T00:00:00Z,1878,kb,1878,soccer,2398-2,5.0
7493,What is the birth date of the Shaolin Soccer's director Stephen Chow?,Q536299,Shaolin Soccer,Q311179,Stephen Chow,,,,,2,1962-06-22T00:00:00Z,22 June 1962,infobox,22 June 1962,movies,2522-2,5.0
7354,What is the character played by Andrew Lincoln in The Walking Dead?,Q296843,Andrew Lincoln,Q232737,The Walking Dead,,,,,2,Q605417,Rick Grimes,kb,Rick Grimes,tvseries,2476-1,5.0
8045,Which real newspaper did Ray Barone on Everybody Loves Raymond work for?,Q208568,Everybody Loves Raymond,Q6570454,list of Everybody Loves Raymond characters,,,,,2,Q1140593,Newsday,text,Newsday,tvseries,2706-2,5.0
8277,Who was the voice of Hank Hill in King of the Hill?,Q1135966,King of the Hill,Q2027168,Hank Hill,,,,,2,Q434585,Mike Judge,text,Mike Judge,tvseries,2787-0,5.0
8559,When was the song Never Gonna Cry Again by the Eurythmics released?,Q1450437,Never Gonna Cry Again,Q207706,Eurythmics,,,,,2,Q3277968,May 1981,infobox,May 1981,music,2844-3,5.0
8822,Oliver Stone received his first Academy Award by working on which film?,Q179497,Oliver Stone,Q19020,Academy Awards,,,,,2,Q174699,Midnight Express,text,Midnight Express,movies,2892-3,5.0
9111,"What is the album that contains the song, Help by the Beatles?",Q201816,Help!,Q1299,The Beatles,,,,,2,Q201816,Help!,text,Help!,music,2944-8,5.0
7003,Manchester United F.C. last won the FIFA world cup in what year?,Q18656,Manchester United F.C.,Q223366,FIFA Club World Cup,,,,,2,2008-01-01T00:00:00Z,2008,table,2008,soccer,2358-4,5.0
1158,In which year did Kröd Mändoon and the Flaming Sword of Fire come out?,Q717304,Kr\u00F6d M\u00E4ndoon and the Flaming Sword of Fire,,,,,,,1,2009-01-01T00:00:00Z,2009,infobox,2009,tvseries,386-0,4.9
954,What is the name of the club he played for in the year 2000?,Q624,Alessandro Del Piero,,,,,,,1,Q1422,Juventus F.C.,,Juventus F.C.,soccer,318-1,4.9
4110,Did Sigourney Weaver reprise her role as Ripley in any of the Alien sequels?,Q96388493,list of Sigourney Weaver performances,,,,,,,1,Yes,Yes,table,Yes,movies,1392-2,4.9
3363,Who did Michael Bay worked for when he was an intern at age 15?,Q59259,Michael Bay,,,,,,,1,Q38222,George Lucas,text,George Lucas,movies,1142-1,4.9
1248,Which tv network originally aired the science fiction tv series Space: Above and Beyond?,Q729265,Space: Above and Beyond,,,,,,,1,Q166419,Fox Broadcasting Company,infobox,Fox,tvseries,416-0,4.9
1664,What is the award received in 1990 for Most Promising Actress by Vanessa Paradis?,Q174389,C\u00E9sar Award,,,,,,,1,Q51023,Vanessa Paradis,table,César Award,music,554-3,4.9
666,who won the best visual effects award in 2021 satellite award for Tenet movie?,Q63985561,Tenet,,,,,,,1,Q20488060,Andrew Jackson,table,Andrew Jackson,movies,222-1,4.9
3195,What place did G N' R Lies get to on the Billboard 200 charts?,Q11895,Guns N\u2019 Roses,,,,,,,1,Q11895,Guns N\u2019 Roses,text,2,music,1084-4,4.9
765,What was the first ever number one song on the US Billboard Hot 100?,Q180072,Billboard Hot 100,,,,,,,1,Q7228786,Poor Little Fool,text,Poor Little Fool,music,254-4,4.9
2043,Which novel of the author Colson Whitehead won him another Pulitzer Prize for fiction?,Q509662,Colson Whitehead,,,,,,,1,Q85808003,The Nickel Boys,text,The Nickel Boys,books,680-4,4.9
1098,who is the actor played as Sheldon Sampson/The Utopian in Tv series Jupiter's Legacy?,Q65120863,Jupiter's Legacy,,,,,,,1,Q19794,Josh Duhamel,infobox,Josh Duhamel,tvseries,366-0,4.9
4577,Which is the first book of the novel series Little House on the Prairie?,Q5400672,Little House on the Prairie,,,,,,,1,Q7173181,Little House in the Big Woods,table,Little House in the Big Woods,books,1550-0,4.9
3995,What is the release date of the album Made in India in CD form?,Q18127630,Made in India,,,,,,,1,1995-05-08T00:00:00Z,8 May 1995,kb,8 May 1995,music,1354-0,4.9
865,What is the first year the Kansas City Wizards competed in the MLS Cup?,Q329812,Sporting Kansas City,,,,,,,1,2004-01-01T00:00:00Z,2004,text,2004,soccer,288-2,4.9
4407,What was the next feature film Robert Zemeckis directed after Back to the Future?,Q187364,Robert Zemeckis,,,,,,,1,Q379873,Who Framed Roger Rabbit,table,Who Framed Roger Rabbit,movies,1492-1,4.9
1699,Who played the character of Lieutenant Commander JoAnne Galloway in A Few Good Men?,Q108946,A Few Good Men,,,,,,,1,Q43044,Demi Moore,text,Demi Moore,tvseries,566-2,4.9
1683,Which government official nominated Orion Clemens to the position of Secretary of Nevada Territory?,Q7102773,Orion Clemens,,,,,,,1,Q91,Abraham Lincoln,infobox,Abraham Lincoln,books,560-4,4.9
1369,"Which character played the main love interest of Francine ""Fran"" Fine on The Nanny?",Q464865,The Nanny,,,,,,,1,Q3375743,list of The Nanny characters,infobox,Maxwell Sheffield,tvseries,456-1,4.9
332,which is the country of orgin of the book the Tale of peter Rabbit?,Q580463,The Tale of Peter Rabbit,,,,,,,1,Q21,England,kb,England,books,110-2,4.9
3776,Was Carl Lee Hailey acquitted at the end of A Time to Kill novel?,Q1213715,A Time to Kill,,,,,,,1,Yes,Yes,text,Yes,books,1280-3,4.9
1698,Which 1992 legal drama movie starring Tom Cruise that was written by Aaron Sorkin?,Q299194,Aaron Sorkin,,,,,,,1,Q108946,A Few Good Men,table,A Few Good Men,tvseries,566-1,4.9
1565,Who played the Cat  in the 2003 adaptation of The Cat in the Hat?,Q1286387,The Cat in the Hat,,,,,,,1,Q185724,Mike Myers,kb,Mike Myers,movies,522-0,4.9
4686,Who was the first winner of the first season of the TV series Survivor?,Q28856068,Survivor,,,,,,,1,Q3364044,Richard Hatch,table,Richard Hatch,tvseries,1586-3,4.9
730,What is the name of the producer of the movie The Devil Wears Prada?,Q223316,The Devil Wears Prada,,,,,,,1,Q459177,Wendy Finerman,infobox,Wendy Finerman,movies,243-0,4.9
298,"How many players in the Columbus Crew Soccer Club as of December 1, 2021?",Q457163,Columbus Crew,,,,,,,1,31,31,table,31,soccer,98-4,4.9
4367,What is the name of the head coach of the club Hellas Verona F.C.?,Q8639,Hellas Verona F.C.,,,,,,,1,Q556688,Ivan Juri\u0107,kb,Ivan Jurić,soccer,1478-3,4.9
3914,Which character in the TV series The Conners was played by Johnny Galecki ?,Q295739,Johnny Galecki,,,,,,,1,Q56471830,The Conners,text,David Healy,tvseries,1326-3,4.9
2178,What's the name of the theme song for the first season of True Detective?,Q7847400,True Detective,,,,,,,1,Q28003823,Far From Any Road,infobox,Far from Any Road,tvseries,726-1,4.9
4609,What building did the publishing company's printing and manufacturing office move into in 1889?,Q3093062,G. P. Putnam's Sons,,,,,,,1,Q6422047,Knickerbocker Building,text,Knickerbocker Building,books,1560-2,4.9
3240,What is the publication date of the book The Monk Who Sold His Ferrari?,Q17069725,The Monk Who Sold His Ferrari,,,,,,,1,1999-04-21T00:00:00Z,21 April 1999,infobox,21 April 1999,books,1100-1,4.9
4464,For which 1979 movie did Dustin Hoffman win an Academy Award for Best Actor?,Q42930,Dustin Hoffman,,,,,,,1,Q193577,Kramer vs. Kramer,table,Kramer vs. Kramer,movies,1512-0,4.9
4913,What is the name of the first feature length film directed by Alfred Hitchcock?,Q7374,Alfred Hitchcock,,,,,,,1,Q39005,The Pleasure Garden,text,The Pleasure Garden,movies,1662-1,4.9
4608,What was the original name of the G. P. Putnam's Sons and publishing company?,Q3093062,G. P. Putnam's Sons,,,,,,,1,Q3093062,G. P. Putnam's Sons,text,Wiley & Putnam,books,1560-1,4.9
1891,What is the language of work of the book The Name of the Rose?,Q652,Italian,,,,,,,1,Q172850,The Name of the Rose,infobox,Italian,books,630-2,4.9
2278,What is the name of the first novel of Percy Jackson and the Olympians?,Q213167,Percy Jackson & the Olympians,,,,,,,1,Q501514,The Lightning Thief,infobox,The Lightning Thief,books,760-1,4.9
1232,What is the name of the ruthless dictator who rules Oceania in Nineteen Eighty-Four?,Q208460,Nineteen Eighty-Four,,,,,,,1,Q751417,Big Brother,text,Big Brother,books,410-2,4.9
4023,who is win the favorite Bad Boys for Life of people choice awards win?,Q29021224,Bad Boys for Life,,,,,,,1,Q56528891,Will Smith,table,Will Smith,movies,1362-4,4.9
4000,What is the launch date of the album Made in India in CD form?,Q18127630,Made in India,,,,,,,1,1995-05-08T00:00:00Z,8 May 1995,kb,8 May 1995,music,1355-0,4.9
3322,"Who was the owner of the soccer club ""New York Red Bulls"" soccer team?",Q204220,New York Red Bulls,,,,,,,1,Q698639,Red Bull GmbH,infobox,Red Bull GmbH,soccer,1128-2,4.9
1848,Which two actors portrayed the titular protagonists in the tv sitcom Will & Grace?,Q212135,Will & Grace,,,,,,,1,Q436686,Eric McCormack,text,Eric McCormack;Debra Messing,tvseries,616-1,4.9
4845,What year is the first year of the book series Dragonriders of Pern published?,Q1254342,Dragonriders of Pern,,,,,,,1,1968-01-01T00:00:00Z,1968,infobox,1968,books,1640-0,4.9
1313,What was the first year the prime time soap opera Dallas was on TV?,Q168708,Dallas,,,,,,,1,1978-01-01T00:00:00Z,1978,text,1978,tvseries,437-0,4.9
1446,What is the title of the fourth film in the Star Wars film series?,Q21527419,list of Star Wars films,,,,,,,1,Q165713,Star Wars: Episode I \u2013 The Phantom Menace,table,Star Wars: Episode I – The Phantom Menace,movies,482-1,4.9
673,in which award won the best song of MTV Europe music awards in 2021?,Q107341752,Bad Habits,,,,,,,1,Q4840323,Bad Habits,table,Bad Habits,music,224-2,4.9
4607,"What company originally published the 1973 novel ""The Taking of Pelham One Two Three?""",Q14752446,The Taking of Pelham One Two Three,,,,,,,1,Q3093062,G. P. Putnam's Sons,text,G. P. Putnam's Sons,books,1560-0,4.9
231,Which character in the TV series Better call saul was played by Maximino Arciniega?,Maximino Arciniega,Maximino Arciniega,,,,,,,1,Q14925221,Better Call Saul,text,Domingo Molina,tvseries,76-3,4.9
3841,What is the title of the movie that is sequel to Iron Man 2?,Q205028,Iron Man 2,,,,,,,1,Q209538,Iron Man 3,text,Iron Man 3,movies,1302-2,4.9
2528,What is the professional name of the popular rapper also known as Slim Shady?,Q19929372,Slim Shady,,,,,,,1,Q5608,Eminem,text,Eminem,music,844-0,4.9
4936,What year was the first book of Discworld the comic fantasy book series released?,Q3257270,Discworld books,,,,,,,1,1983-01-01T00:00:00Z,1983,kb,1983,books,1670-0,4.9
3374,Who played the central character Jack Bauer in the action drama tv series 24?,Q56194,24,,,,,,,1,Q103946,Kiefer Sutherland,infobox,Kiefer Sutherland,tvseries,1146-0,4.9
2635,In what city was the Final Match of the 1982 Men's World Cup played?,Q46934,1982 FIFA World Cup,,,,,,,1,Q2807,Madrid,text,"Madrid, Spain",soccer,888-2,4.9
2550,What magazine was Oliver Twist published in before it was published as a book?,Q164974,Oliver Twist,,,,,,,1,Q2896754,Bentley's Miscellany,text,Bentley's Miscellany,books,860-1,4.9
1374,What year did Gareth Bale get his first cap with the Wales national team?,Q184586,Gareth Bale,,,,,,,1,2006-01-01T00:00:00Z,2006,infobox,2006,soccer,458-0,4.9
2511,What team won the silver medal for men's soccer in the 2020 Summer Olympics?,Q61056311,football at the 2020 Summer Olympics \u2013 men's tournament,,,,,,,1,Q2637337,Spain national under-23 football team,infobox,Spain,soccer,838-1,4.9
1233,"Who honored George Orwell as one of ""The 50 greatest British writers since 1945""?",Q208460,Nineteen Eighty-Four,,,,,,,1,Q50008,The Times,text,The Times,books,410-3,4.9
1244,How many tracks were on side two of The Police's debut album Outlandos d'Amour?,Q862386,Outlandos d'Amour,,,,,,,1,5,5,table,5,music,414-2,4.9
3358,"Who directed the first Dan Brown novel adaptation, The da Vinci Code in 2006?",Q160560,The Da Vinci Code,,,,,,,1,Q103646,Ron Howard,infobox,Ron Howard,books,1140-2,4.9
1437,How many goals did the second place score in the 2020-2021 Premier league season?,Q69622172,2020\u201321 Premier League,,,,,,,1,22,22,table,22,soccer,478-4,4.9
793,What was the name of the next album released by Alexandra Stan after Saxobeats?,Q1933848,Saxobeats,,,,,,,1,Q17625735,Clich\u00E9 (Hush Hush),kb,Cliché (Hush Hush),music,264-2,4.9
2515,What team won the gold medal for men's soccer during the 2020 Summer Olympics?,Q61056311,football at the 2020 Summer Olympics \u2013 men's tournament,,,,,,,1,Q899189,Brazil Olympic football team,infobox,Brazil,soccer,839-0,4.9
4345,in what year was the first appearance of the character Jeeves in a book?,Q521812,Jeeves,,,,,,,1,1915-01-01T00:00:00Z,1915,kb,1915,books,1471-0,4.9
210,what year was the first book published of the series The Kent Family Chronicles?,Q7715785,The Bastard,,,,,,,1,1974-01-01T00:00:00Z,1974,text,1974,books,70-0,4.9
1675,What is the sports team played in 2012 to 2014 by Alessandro Del Piero?,Q624,Alessandro Del Piero,,,,,,,1,Q330143,Sydney FC,table,Sydney FC,soccer,558-2,4.9
4473,What was the song that catapulted Kurt Cobain and his Nirvana bandmates to fame?,Q8446,Kurt Cobain,,,,,,,1,Q485907,Smells Like Teen Spirit,text,Smells Like Teen Spirit,music,1514-3,4.9
1836,Which actor portrayed Frank Abagnale in the 2002 film Catch Me If You Can?,Q208108,Catch Me If You Can,,,,,,,1,Q38111,Leonardo DiCaprio,text,Leonardo DiCaprio,movies,612-1,4.9
4336,Who was the head coach of the soccer club New England Revolution soccer club?,Q309095,New England Revolution,,,,,,,1,Q241378,Brad Friedel,infobox,Brad Friedel,soccer,1468-2,4.9
3469,Who were the directors of the episode named MADMAX of the series Stranger Things?,Q42155612,"Stranger Things, season 2",,,,,,,1,Q26097618,Duffer Brothers,table,Duffer brothers,tvseries,1177-0,4.9
3907,Was the down home girl on Rolling stones album The Rolling Stones 2 ?,Q930757,The Rolling Stones No. 2,,,,,,,1,Yes,Yes,text,Yes,music,1324-2,4.9
4256,Who played the Venom character role in the movie Venom: Let There Be Carnage?,Q60498064,Venom: Let There Be Carnage,,,,,,,1,Q208026,Tom Hardy,text,Tom Hardy,movies,1442-0,4.9
3773,Is John Grisham's novel A Time to Kill based on a real life case?,Q1213715,A Time to Kill,,,,,,,1,Yes,Yes,infobox,Yes,books,1280-0,4.9
1570,Who played the Cat in the film adaptation of The Cat in the Hat?,Q1286387,The Cat in the Hat,,,,,,,1,Q185724,Mike Myers,kb,Mike Myers,movies,523-0,4.9
4072,What is the name of the first book of the series The Farseer Trilogy?,Q2512889,The Farseer Trilogy,,,,,,,1,Q2498822,Assassin's Apprentice,infobox,Assassin's Apprentice,books,1380-0,4.9
1219,What is the name of the father character in the TV series Family Guy?,Q5930,Family Guy,,,,,,,1,Q28465,Peter Griffin,table,Peter Griffin,tvseries,406-1,4.9
422,What is the narrative place in the work The Old Man and the Sea?,Q26505,The Old Man and the Sea,,,,,,,1,Q419,Peru,kb,Peru,books,140-2,4.9
2771,What is the number of movies in the Home Alone series as of 2021?,Q3627883,Home Alone,,,,,,,1,6,6,table,6,movies,943-0,4.9
3321,"What was the nickname of the soccer club ""New York Red Bulls"" soccer team?",Q204220,New York Red Bulls,,,,,,,1,The Red Bulls Metro,The Red Bulls Metro,infobox,The Red Bulls Metro,soccer,1128-1,4.9
1652,What is the form of creative work of the book Lord of the Flies?,Q271764,Lord of the Flies,,,,,,,1,Q8261,novel,text,novel,books,550-3,4.9
4578,Which is the second book of the novel series Little House on the Prairie?,Q5400672,Little House on the Prairie,,,,,,,1,Q5435715,Farmer Boy,table,Farmer Boy,books,1550-1,4.9
732,What is the name of the band Sting belonged to in the year 1977?,Q483203,Sting,,,,,,,1,Q178095,The Police,text,The Police,music,244-1,4.9
3782,What's the last movie Viggo Mortensen acted in before The Fellowship of the Ring?,Q171363,Viggo Mortensen,,,,,,,1,Q221098,28 Days,table,28 Days,movies,1282-3,4.9
3712,What is the number of goals scored by Julio Salinas for Spain in football?,Q155290,Julio Salinas,,,,,,,1,22,22,table,22,soccer,1258-4,4.9
475,Who was the Who was the head coach of the Chicago Fire Football Club?,Q308683,Chicago Fire Soccer Club,,,,,,,1,Q1008088,Ezra Hendrickson,infobox,Ezra Hendrickson,soccer,158-1,4.9
5428,Who is the actor playing the role of Raymond in the movie Rain Man?,Q188845,Rain Man,,,,,,,1,Q42930,Dustin Hoffman,text,Dustin Hoffman,movies,1833-0,4.9
5567,What is the first book published in the Loyal League series by Alyssa Cole?,Q62894817,Alyssa Cole,,,,,,,1,Q110363123,Q110363123,table,An Extraordinary Union,books,1880-0,4.9
5964,Who is the composer of the movie Dora and the Lost City of Gold?,Q56064745,Dora and the Lost City of Gold,,,,,,,1,Q48975,John Debney,infobox,John Debney,movies,2012-2,4.9
5976,What is the original language of the tv series On the Wings of Love?,Q19954660,On the Wings of Love,,,,,,,1,Q33298,Filipino,text,Filipino,tvseries,2016-2,4.9
5700,Which album by The Beatles was released first:Please Please Me or Let It Be?,Q1299,The Beatles,,,,,,,1,Q181826,Please Please Me,text,Please Please Me,music,1924-1,4.9
5966,Who is the Distributor of the movie Dora and the Lost City of Gold?,Q56064745,Dora and the Lost City of Gold,,,,,,,1,Q30644098,Paramount Players,text,Paramount Players,movies,2012-4,4.9
5847,Which actress won the Academy Awards for the best actress in the year 1952?,Q917184,24th Academy Awards,,,,,,,1,Q129429,Vivien Leigh,table,Vivien Leigh,movies,1973-0,4.9
5876,"What was the review score by Rotten Tomatoes for the movie ""The Night House""?",Q77906196,The Night House,,,,,,,1,87%,87%,kb,87%,movies,1982-4,4.9
6484,The superhero tv series Agents of S.H.I.E.L.D. was a part of which superhero franchise?,Q537911,Agents of S.H.I.E.L.D.,,,,,,,1,Q642878,Marvel Cinematic Universe,kb,Marvel Cinematic Universe,tvseries,2186-0,4.9
5282,"When was the song ""Shivers"" released the format of Adult contemporary radio in USA?",Q108489043,Shivers,,,,,,,1,2021-09-13T00:00:00Z,13 September 2021,text,13 September 2021,music,1784-3,4.9
5528,Who is the Original Broadcaster of Season 1 of the tv series The Tunnel?,Q15104549,The Tunnel,,,,,,,1,Q3510971,Sky Atlantic,table,Sky Atlantic,tvseries,1866-3,4.9
5978,What is the narrative location of the tv series On the Wings of Love?,Q19954660,On the Wings of Love,,,,,,,1,Q62,San Francisco,kb,San Francisco,tvseries,2016-4,4.9
6335,What is the number of seasons in the Two and a Half Men series?,Q189267,Two and a Half Men,,,,,,,1,12,12,infobox,12,tvseries,2136-1,4.9
5147,Which is the first novel of the book series Diary of a Wimpy Kid?,Q1339580,Diary of a Wimpy Kid,,,,,,,1,Q3285408,Diary of a Wimpy Kid,text,Diary of a Wimpy Kid (book),books,1740-0,4.9
5152,Which is the initial novel of the book series Diary of a Wimpy Kid?,Q1339580,Diary of a Wimpy Kid,,,,,,,1,Q3285408,Diary of a Wimpy Kid,text,Diary of a Wimpy Kid (book),books,1741-0,4.9
6073,What is the name of the chairman of the football club Manchester City F.C.?,Q50602,Manchester City F.C.,,,,,,,1,Q515133,Khaldoon Al Mubarak,infobox,Khaldoon Al Mubarak,soccer,2048-3,4.9
5150,Which is the last novel of the book series Diary of a Wimpy Kid?,Q1339580,Diary of a Wimpy Kid,,,,,,,1,Q107490260,Diary of a Wimpy Kid: Big Shot,table,Diary of a Wimpy Kid: Big Shot,books,1740-3,4.9
5408,Which character in the TV series Saturday night live was played by Norman Reedus?,Q503545,Norman Reedus,,,,,,,1,Q6122059,Saturday Night Live,text,Daryl Dixon,tvseries,1826-3,4.9
5714,In which competition did FC Barcelona play Portugal national association football team in 2012?,Q35572,UEFA,,,,,,,1,Q22669,UEFA Euro 2012,text,UEFA Euro 2012,soccer,1928-3,4.9
6454,Which series co-created by Jeffrey Lieber was an adaptation of the film Cast Away?,Q376260,Jeffrey Lieber,,,,,,,1,Q23567,Lost,text,Lost,tvseries,2176-0,4.9
6457,In which sitcom did the actor Nestor Carbonell play the role of Luis Rivera?,Q225933,Nestor Carbonell,,,,,,,1,Q643894,Suddenly Susan,text,Suddenly Susan,tvseries,2176-3,4.9
6465,Which football player was the recipient of 2001 FIFA World Player of the Year?,Q994943,2001 FIFA World Player of the Year,,,,,,,1,Q483145,Lu\u00EDs Figo,table,Luís Figo,soccer,2179-0,4.9
5480,"Who was the Huck's best friend in the book of ""Adventures of Huckleberry Finn""?",Q215410,Adventures of Huckleberry Finn,,,,,,,1,Q944203,Tom Sawyer,text,Tom Sawyer,books,1850-3,4.9
6210,What year was number 1 in the 1993 year end chart for pop singles?,Q1849077849077,Q1849077849077,,,,,,,1,Q666856,I Will Always Love You,text,I Will Always Love You,music,2094-2,4.9
5277,"Who won the best actor award in Empire Awards for the movie ""American Sniper""?",Q16970789,American Sniper,,,,,,,1,Q19919731,Bradley Cooper,table,Bradley Cooper,movies,1782-4,4.9
5620,Who hosted the TV show Would I Lie to You in the year 2019?,Q655817,Would I Lie to You?,,,,,,,1,Q2322261,Rob Brydon,text,Rob Brydon,tvseries,1897-0,4.9
5975,Who is the original broadcaster of the tv series On the Wings of Love?,Q19954660,On the Wings of Love,,,,,,,1,Q287617,ABS-CBN Corporation,kb,ABS-CBN Corporation,tvseries,2016-1,4.9
9097,"Who in the movie The Lord of the Rings, was the music produced by?",Q190214,The Lord of the Rings trilogy,,,,,,,1,Q207773,Howard Shore,infobox,Howard Shore,movies,2942-5,4.9
8153,Who received the award golden globe in the tv series Big Little Lies ?,Q19873404,Big Little Lies,,,,,,,1,Q37459,Nicole Kidman,table,Nicole Kidman,tvseries,2746-1,4.9
6900,What is the name of the lead vocalist of the band Guns N' Roses?,Q11895,Guns N\u2019 Roses,,,,,,,1,Q11885,Axl Rose lml,text,Axl Rose,music,2324-2,4.9
6771,What is the name of the first book in the Wheel of Time series?,Q4470,The Wheel of Time,,,,,,,1,Q477994,The Eye of the World,infobox,The Eye of the World,books,2281-0,4.9
7145,Who was the actress who played the second version of Xev Bellringer on Lexx?,Q657308,Lexx,,,,,,,1,Q76113,Xenia Seeberg,kb,Xenia Seeberg,tvseries,2406-2,4.9
7727,What is the name of the illustrator for A Tale of Two Cities ?,Q308918,A Tale of Two Cities,,,,,,,1,Q2737410,Hablot Knight Browne,kb,Hablot Knight Browne,books,2600-2,4.9
9356,What is the name of the school that was the basis of Malory Towers?,Q1235800,Malory Towers,,,,,,,1,Q4887508,Benenden School,text,Benenden School,books,2990-1,4.9
9127,"What country was Gianni Infantino originally from, who is the current president of FIFA?",Q124138,Gianni Infantino,,,,,,,1,Q39,Switzerland,infobox,Switzerland,soccer,2948-2,4.9
8092,What was the Main subject of the Once Upon a Time in Hollywood movie?,Q47300912,Once Upon a Time in Hollywood,,,,,,,1,Q1722708,Manson Family,text,Manson Family,movies,2722-1,4.9
9309,Who was the first president of the Science Fiction and Fantasy Writers of America?,Q1364364,Science Fiction and Fantasy Writers of America,,,,,,,1,Q534599,Damon Knight,text,Damon Knight,books,2980-9,4.9
9408,What was the name of the home ground for the club K.S.C. Lokeren Oost-Vlaanderen?,Q221940,K.S.C. Lokeren Oost-Vlaanderen,,,,,,,1,Q677582,Daknamstadion,kb,Daknamstadion,soccer,2998-9,4.9
8379,What is the name of first part of the book Lord of the Rings?,Q15228,The Lord of the Rings,,,,,,,1,Q208002,The Fellowship of the Ring,text,The Fellowship of the Ring,books,2811-0,4.9
8288,How many day did Piscine survive in sea in the book Life of Pi?,Q374204,Life of Pi,,,,,,,1,227 days,227 days,text,227 days,books,2790-4,4.9
8028,"Who was the bookshop owner that Little, Brown and Company traces its roots to?",Q552959,"Little, Brown and Company",,,,,,,1,Q5331649,Ebenezer Battelle,text,Ebenezer Battelle,books,2700-3,4.9
8588,What is the name of the first book of the series The Mortal Instruments?,Q478151,The Mortal Instruments,,,,,,,1,Q589106,City of Bones,kb,City of Bones,books,2850-0,4.9
8575,Who composed the music for the opening theme of the tv series The X-Files?,Q2744,The X-Files,,,,,,,1,Q534413,Mark Snow,infobox,Mark Snow,tvseries,2846-8,4.9
7567,Name of the actor who played the role Walter White in Breaking bad series?,Q1079,Breaking Bad,,,,,,,1,Q23547,Bryan Cranston,kb,Bryan Cranston,tvseries,2547-0,4.9
7644,What is the name of the first part of the Harry Potter film series?,Q216930,Harry Potter film series,,,,,,,1,Q102438,Harry Potter and the Philosopher's Stone,kb,Harry Potter and the Philosopher's Stone,movies,2572-3,4.9
7840,Date of the first goal scored by wayne rooney in FIFA Club World Cup?,Q266613,Wayne Rooney,,,,,,,1,2008-12-18T00:00:00Z,18 December 2008,infobox,18 December 2008,soccer,2638-1,4.9
9096,"What is the second movie in the film series, The Lord of the Rings?",Q190214,The Lord of the Rings trilogy,,,,,,,1,Q164963,The Lord of the Rings: The Two Towers,table,The Lord of the Rings: The Two Towers,movies,2942-4,4.9
9076,When was the first time the US women's soccer team received a gold medal?,Q334526,United States women's national soccer team,,,,,,,1,1996-01-01T00:00:00Z,1996,table,1996,soccer,2938-6,4.9
8732,In what county was Downton Abbey be located in for the fictional TV Series?,Q83071,Downton Abbey,,,,,,,1,Q163,Yorkshire,text,Yorkshire,tvseries,2876-1,4.9
8851,In what year in the 1980s were new Mission: Impossible TV shows first released?,Q715107,Mission: Impossible,,,,,,,1,1988-01-01T00:00:00Z,1988,kb,1988,tvseries,2897-0,4.9
6671,What is the name of the captain of the Croatia national association football team?,Q134479,Croatia national association football team,,,,,,,1,Q483837,Luka Modri\u0107,infobox,Luka Modrić,soccer,2248-1,4.9
8424,What is the name of the first book of the series The Dark Tower,Q280898,The Dark Tower,,,,,,,1,Q1422318,The Dark Tower: The Gunslinger,infobox,The Gunslinger,books,2820-0,4.9
8259,What is the name of the author who wrote A Tale of Two Cities?,Q308918,A Tale of Two Cities,,,,,,,1,Q5686,Charles Dickens,table,Charles Dickens,books,2781-0,4.9
9374,Who was the Chief Executive Officer of the company Paramount Pictures in August 2021?,Q159846,Paramount Pictures,,,,,,,1,Q6195201,Jim Gianopulos,kb,Jim Gianopulos,movies,2992-8,4.9
7845,What is the first book called in the The Lord of the Rings Trilogy?,Q208002,The Fellowship of the Ring,,,,,,,1,Q208002,The Fellowship of the Ring,kb,The Fellowship of the Ring,books,2640-0,4.9
7645,What is the name of the production company of the Harry Potter film series?,Q216930,Harry Potter film series,,,,,,,1,Q126399,Warner Bros.,kb,Warner Bros.,movies,2572-4,4.9
7010,In which year did the novel The Old Man and the Sea come out?,Q7754883,The Old Man and the Sea,,,,,,,1,1990-01-01T00:00:00Z,1990,table,1990,books,2361-0,4.9
9306,What other career does Mary Robinette Kowal have in addition to being an author?,Q4225496,Mary Robinette Kowal,,,,,,,1,Q2629392,puppeteer,text,puppeteer,books,2980-6,4.9
8958,What is the country of origin for the serial All of Us Are Dead?,Q96414952,Q96414952,,,,,,,1,Q108649473,Q108649473,infobox,South Korea,tvseries,2916-8,4.9
8095,who was the film editor of the Once Upon a Time in Hollywood movie?,Q47300912,Once Upon a Time in Hollywood,,,,,,,1,Q3086942,Fred Raskin,text,Fred Raskin,movies,2722-4,4.9
6918,What is the name of the first part of the book series The Expanse?,Q19610143,The Expanse,,,,,,,1,Q6535598,Leviathan Wakes,table,Leviathan Wakes,books,2330-2,4.9
7637,What is the name of the publisher of the book The Origin of Species?,Q21948575,The Origin of Species,,,,,,,1,Q1232629,John Murray,kb,John Murray,books,2570-2,4.9
8537,Who got a paper cut on their 18th birthday in the book New Moon?,Q191540,New Moon,,,,,,,1,Q223757,Bella Swan,text,Bella Swan,books,2840-3,4.9
9075,When was the first time the US women's soccer team went to the Olympics?,Q334526,United States women's national soccer team,,,,,,,1,1996-01-01T00:00:00Z,1996,table,1996,soccer,2938-5,4.9
9406,What is the name of the Belgian club where Włodzimierz Lubański was a member?,Q313446,W\u0142odzimierz Luba\u0144ski,,,,,,,1,Q221940,K.S.C. Lokeren Oost-Vlaanderen,table,K.S.C. Lokeren Oost-Vlaanderen,soccer,2998-7,4.9
8094,who was the director of the Once Upon a Time in Hollywood movie ?,Q47300912,Once Upon a Time in Hollywood,,,,,,,1,Q3772,Quentin Tarantino,text,Quentin Tarantino,movies,2722-3,4.9
7965,What year was the first book of the series Alfred A. Knopf Inc published?,Q1069956,The Bluest Eye,,,,,,,1,1970-01-01T00:00:00Z,1970,text,1970,books,2680-0,4.9
7108,Adam Levine is a member of which pop rock band that formed in 1994?,Q219631,Adam Levine,,,,,,,1,Q182223,Maroon 5,text,Maroon 5,music,2394-1,4.9
8743,Did the US Women's National Soccer Team win the Women's World Cup in 2015?,Q334526,United States women's national soccer team,,,,,,,1,Yes,yes,kb,yes,soccer,2878-1,4.9
7624,"Which actress played the lead role in the TV series, Buffy the Vampire Slayer?",Q183513,Buffy the Vampire Slayer,,,,,,,1,Q180665,Sarah Michelle Gellar,table,Sarah Michelle Gellar,tvseries,2566-1,4.9
8752,"In 2019, did the US Women's National Soccer Team win the Women's World Cup?",Q334526,United States women's national soccer team,,,,,,,1,Yes,yes,text,yes,soccer,2879-0,4.9
8152,Who directs the first season “somebody’s dead” in the tv series Big Little Lies?,Q500611,Jean-Marc Vall\u00E9e,,,,,,,1,Q19873404,Big Little Lies,table,Jean-Marc Vallée,tvseries,2746-0,4.9
9321,What movie starring Jack Nicholson was the last to be released in the 1990s?,Q39792,Jack Nicholson,,,,,,,1,Q221594,As Good as It Gets,table,As Good as It Gets,movies,2983-0,4.9
7871,What is the capacity of The City of Manchester stadium for domestic football games?,Q48159,City of Manchester Stadium,,,,,,,1,Q48159,City of Manchester Stadium,infobox,"53,400",soccer,2648-2,4.9
8026,The name of the book J.D. Salinger released after The Catcher in the Rye?,Q79904,J. D. Salinger,,,,,,,1,Q795062,Nine Stories,text,Nine Stories,books,2700-1,4.9
8375,What is the award received in 2009 by the book Lord of the Rings?,Q15228,The Lord of the Rings,,,,,,,1,Q142392,Prometheus Award,kb,Prometheus Award,books,2810-6,4.9
3739,Who is a part of Luis Suárez sports team?,Q81888,AFC Ajax,Q24711,FC Groningen,Q26517,Luis Su\u00E1rez,,,3,Q499616,Club Nacional de Football,infobox,"AFC Ajax, FC Groningen, Liverpool F.C.",soccer,1268-1,4.799999999999999
5336,Who is responsible for the distribution of Seven Movies?,Q79202,New Line Cinema,Q80948336,FandangoNow,Q190908,Seven,,,3,Q907311,Netflix,infobox,"Netflix, New Line Cinema, FandangoNow",movies,1802-3,4.799999999999999
3792,Did Trey Parker and Matt Stone voice any South Park characters?,Q44414,Trey Parker,Q44410,Matt Stone,,,,,2,Yes,Yes,text,Yes,tvseries,1286-1,4.699999999999999
1575,Lin-Manuel Miranda played the role of who in the musical Hamilton?,Q28659892,list of awards and nominations received by Lin-Manuel Miranda,Q19320959,Hamilton,,,,,2,Q178903,Alexander Hamilton,table,Alexander Hamilton,music,524-4,4.699999999999999
2788,In which year did the soccer player Pelé marry Marcia Aoki?,Q12897,Pel\u00E9,Q26155745,Marcia Aoki,,,,,2,2016-01-01T00:00:00Z,2016,kb,2016,soccer,948-4,4.699999999999999
1168,Has the Japan national football team ever won a world cup?,Q170566,Japan national football team,Q19317,FIFA World Cup,,,,,2,No,No,infobox,No,soccer,388-4,4.699999999999999
2068,Who captains the French soccer team and the club Tottenham Hotspur?,Q47774,France national association football team,Q18741,Tottenham Hotspur F.C.,,,,,2,Q1907,Hugo Lloris,table,Hugo Lloris,soccer,689-0,4.699999999999999
4925,Who played Ethel Mertz in the TV series I Love Lucy?,Q5403172,Ethel Mertz,Q181943,I Love Lucy,,,,,2,Q271871,Vivian Vance,text,Vivian Vance,tvseries,1666-1,4.699999999999999
1849,Was Will & Grace in the NBC's Must See TV lineup?,Q212135,Will & Grace,Q4044675,Q4044675,,,,,2,Yes,Yes,text,Yes,tvseries,616-2,4.699999999999999
196,What is the name of Chris Martin and Gwyneth Paltrow's daughter?,Q712860,Chris Martin,Q34460,Gwyneth Paltrow,,,,,2,Q47493349,Apple Martin,text,Apple Martin,music,64-4,4.699999999999999
1417,Did Ricardo Montalbán have a role in Spy Kids 3-D:game Over?,Q333595,Ricardo Montalb\u00E1n,Q550196,Spy Kids 3-D: Game Over,,,,,2,Yes,Yes,text,Yes,movies,472-2,4.699999999999999
3596,What award did the American Library Association give The Night Diary?,Q65083326,Q65083326,Q465584,American Library Association,,,,,2,Q622813,Newbery Medal,infobox,Newbery Honor,books,1220-2,4.699999999999999
3836,Pseudonym of Michael Crichton used while writing the novel Grave Descend?,Q172140,Michael Crichton,Q5597786,Grave Descend,,,,,2,Q11775531,John Lange,text,John Lange,books,1300-3,4.699999999999999
2181,When did Season 2 of True Detective first air on HBO?,Q7847400,True Detective,Q23633,HBO,,,,,2,2015-06-21T00:00:00Z,21 June 2015,text,"June 21, 2015",tvseries,726-4,4.699999999999999
3793,What year did Isaac Hayes who voiced Chef quit South Park?,Q16538,South Park,Q206439,Isaac Hayes,,,,,2,2006-01-01T00:00:00Z,2006,text,2006,tvseries,1286-2,4.699999999999999
2305,From which club did Lionel Messi come from before joining PSG?,Q615,Lionel Messi,Q483020,Paris Saint-Germain F.C.,,,,,2,Q615,Lionel Messi,text,F.C. Barcelona,soccer,768-4,4.699999999999999
4169,What Daniel Craig movie came after Casino Royale in the series?,Q4547,Daniel Craig,Q151904,Casino Royale,,,,,2,Q181540,Quantum of Solace,text,Quantum of Solace,movies,1412-1,4.699999999999999
4284,Which is the next book after Coolie of Mulk Raj Anand?,Q5167484,Coolie,Q732434,Mulk Raj Anand,,,,,2,Q7859039,Two Leaves and a Bud,infobox,Two Leaves and a Bud,books,1450-4,4.699999999999999
1429,What actor portrayed Fargo in the Warehouse 13 and Eureka crossover?,Q595889,Warehouse 13,Q614574,Eureka,,,,,2,Q1139494,Neil Grayston,text,Neil Grayston,tvseries,476-2,4.699999999999999
2489,What Jane Austen book was published next after Pride and Prejudice?,Q36322,Jane Austen,Q170583,Pride and Prejudice,,,,,2,Q469690,Mansfield Park,infobox,Mansfield Park,books,830-3,4.699999999999999
4198,Who played the title role in the 1996 adaptation of Matilda?,Q280400,Matilda,Q6787521,Matilda Wormwood,,,,,2,Q237270,Mara Wilson,text,Mara Wilson,movies,1422-0,4.699999999999999
3159,What is the name of Robin Williams and Valerie Velardi's child?,Q83338,Robin Williams,Q47739341,Valerie Velardi,,,,,2,Q61473291,Zachary Williams,kb,Zachary Williams,movies,1072-4,4.699999999999999
861,How many Daytime Emmy Awards did The Oprah Winfrey Show get?,Q1179189,Daytime Emmy Award,Q694106,The Oprah Winfrey Show,,,,,2,47,47,text,47,tvseries,286-4,4.699999999999999
4663,How many goals have Lionel Messi scored for Paris Saint-Germain F.C.?,Q615,Lionel Messi,Q483020,Paris Saint-Germain F.C.,,,,,2,1,1,table,1,soccer,1578-4,4.699999999999999
1166,What was France national football team first FIFA World Cup win?,Q47774,France national association football team,Q19317,FIFA World Cup,,,,,2,Q493052,2001 FIFA Confederations Cup,infobox,2001 FIFA Confederations Cup,soccer,388-2,4.699999999999999
494,What is the rating given by Metacritic to the album Confident?,Q20886070,Confident,Q150248,Metacritic,,,,,2,74/100,74/100,table,74/100,music,164-2,4.699999999999999
4402,How many of the Ryanverse books were written by Tom Clancy?,Q55163199,Ryanverse,Q105167,Tom Clancy,,,,,2,17,17,table,17,books,1490-2,4.699999999999999
639,How many Academy Awards was won by the film The Matrix?,Q19020,Academy Awards,Q83495,The Matrix,,,,,2,Q76440535,Four,table,Four,movies,212-4,4.699999999999999
1886,Did Netherlands women's national football team win UEFA Women's Euro 2017?,Q841563,Netherlands women's national football team,Q4630361,2019 FIFA Women's World Cup,,,,,2,Yes,Yes,infobox,Yes,soccer,628-3,4.699999999999999
4296,What is the length of the Brutal song of Sour album?,Q106316694,Sour,Q107123213,Brutal,,,,,2,2:23,2:23,table,2:23,music,1454-4,4.699999999999999
4585,Who is the spouse of the Cars movie director John Lasseter?,Q182153,Cars,Q269214,John Lasseter,,,,,2,Nancy Lasseter,Nancy Lasseter,infobox,Nancy Lasseter,movies,1552-2,4.699999999999999
2304,In what date Lionel Messi score his first goal with PSG?,Q615,Lionel Messi,Q483020,Paris Saint-Germain F.C.,,,,,2,2021-09-28T00:00:00Z,28 September 2021,text,28 September 2021,soccer,768-3,4.699999999999999
1745,How many James Bond Films have been produced by Eon Productions?,Q17437798,good article,Q95686467,production of the James Bond films,,,,,2,Q95686467,production of the James Bond films,text,25,movies,582-0,4.699999999999999
3400,What is the rating on Entertainment Weekly of the album Funeral?,Q526196,Funeral,Q275033,Entertainment Weekly,,,,,2,Q4833641,B+,table,B+,music,1154-2,4.699999999999999
4563,What is the first Hollywood movie A. R. Rahman scored music?,Q108560,A. R. Rahman,Q1462222,Couples Retreat,,,,,2,Q1462222,Couples Retreat,text,Couples Retreat,music,1544-4,4.699999999999999
3690,Which actor was once married to Angelina Jolie and Jennifer Aniston?,Q13909,Angelina Jolie,Q32522,Jennifer Aniston,,,,,2,Q35332,Brad Pitt,text,Brad Pitt,movies,1252-0,4.699999999999999
1378,Did Gareth Bale play for Tottenham Hotspur before joining Real Madrid?,Q184586,Gareth Bale,Q18741,Tottenham Hotspur F.C.,,,,,2,Yes,Yes,text,Yes,soccer,458-4,4.699999999999999
436,What are the names of Jennifer Lopez and Marc Anthony's children?,Q40715,Jennifer Lopez,Q26625,Marc Anthony,,,,,2,Q40484771,Maximilian David Anthony,kb,Maximilian David Anthony;Emme Muñiz‎,music,144-4,4.699999999999999
134,Which year did Fergie start collaborating with the Black Eyed Peas?,Q180004,Fergie,Q134541,Black Eyed Peas,,,,,2,2002-01-01T00:00:00Z,2002,text,2002,music,44-2,4.699999999999999
158,Who is the spouse of the The Body's director Jeethu Joseph?,Q85532356,The Body,Q14566057,Jeethu Joseph,,,,,2,Linta Jeethu,Linta Jeethu,text,Linta Jeethu,movies,52-2,4.699999999999999
2637,In how many Men's World Cups did Paul Breitner play in?,Q19317,FIFA World Cup,Q44458,Paul Breitner,,,,,2,Q44458,Paul Breitner,text,Two,soccer,888-4,4.699999999999999
4420,Which actor played the role of Tony Soprano in The Sopranos?,Q23628,The Sopranos,Q1049580,Tony Soprano,,,,,2,Q308722,James Gandolfini,infobox,James Gandolfini,tvseries,1496-2,4.699999999999999
1434,Liverpool F.C. got what position in the 2020-2021 Premier league season?,Q1130849,Liverpool F.C.,Q9448,Premier League,,,,,2,3,3,infobox,3,soccer,478-1,4.699999999999999
2142,"What number of brothers comprise the ""boy band"" known as Hanson?",Q768621,Hanson,Q768621,Hanson,,,,,2,3,3,kb,3,music,714-1,4.699999999999999
2135,What movie started the air disaster series of films in 1970?,Q409022,Airport,Q409022,Airport,,,,,2,Q409022,Airport,text,Airport,movies,712-0,4.699999999999999
2173,Was the song Fade to Black on Metallica's Ride the Lightning?,Q190989,Ride the Lightning,Q15920,Metallica,,,,,2,Yes,Yes,text,Yes,music,724-2,4.699999999999999
4191,Total number of goals scored by Franz Beckenbauer for Bayern Munich?,Q4457,Franz Beckenbauer,Q15789,FC Bayern Munich,,,,,2,75,75,table,75,soccer,1419-0,4.699999999999999
3845,Which boy band had Justin Timberlake and Lance Bass as members?,Q43432,Justin Timberlake,Q443120,Lance Bass,,,,,2,Q154454,NSYNC,text,NSYNC,music,1304-0,4.699999999999999
2078,In 1955 which James Dean movies did Leonard Rosenman worked on?,Q1346580,Leonard Rosenman,Q83359,James Dean,,,,,2,Q1129778,East of Eden,text,East of Eden;Rebel Without a Cause,movies,692-3,4.699999999999999
4168,Which was the first James Bond movie to feature Daniel Craig?,Q2009573,James Bond,Q4547,Daniel Craig,,,,,2,Q151904,Casino Royale,text,Casino Royale,movies,1412-0,4.699999999999999
4662,How many matches have Lionel Messi played for Paris Saint-Germain F.C.?,Q615,Lionel Messi,Q483020,Paris Saint-Germain F.C.,,,,,2,10,10,table,10,soccer,1578-3,4.699999999999999
253,What is the gating on Entertainment Weekly of the album Demi?,Q9343810,Demi,Q275033,Entertainment Weekly,,,,,2,Q1181180,C+,table,C+,music,84-1,4.699999999999999
1831,Which streaming platform made the novel into a six parts miniseries?,Q278208,Catch-22,Q48743233,Catch-22,,,,,2,Q1630304,Hulu,text,Hulu,books,610-2,4.699999999999999
1370,Which actor portrayed Maxwell Sheffield on the US sitcom The Nanny?,Q464865,The Nanny,Q3375743,list of The Nanny characters,,,,,2,Q122473,Charles Shaughnessy,kb,Charles Shaughnessy,tvseries,456-2,4.699999999999999
2080,Where the original RoboCop trilogy movies all direct by Paul Verhoeven?,Q129079,Paul Verhoeven,Q2080591,RoboCop,,,,,2,No,No,table,No,movies,693-0,4.699999999999999
4931,Which team won the first MLS Cup in Major League Soccer?,Q18543,Major League Soccer,Q577698,MLS Cup,,,,,2,Q238593,D.C. United,table,D.C. United,soccer,1668-1,4.699999999999999
1880,Who wrote Nick of Time in the original Twilight Zone series?,Q2617903,Nick of Time,Q742103,The Twilight Zone,,,,,2,Q325130,Richard Matheson,infobox,Richard Matheson,tvseries,626-3,4.699999999999999
4605,Has Paul Pogba played for Manchester United F.C. Reserves and Academy?,Q129027,Paul Pogba,Q2593147,Manchester United F.C. Reserves and Academy,,,,,2,Yes,Yes,text,Yes,soccer,1558-4,4.699999999999999
4807,Is The King of Pigs debut movie of the Yeon Sang-ho?,Q7744577,The King of Pigs,Q19947205,Yeon Sang-ho,,,,,2,Yes,Yes,text,Yes,tvseries,1626-4,4.699999999999999
3850,What band comprised of Justin Timberlake and Lance Bass in it?,Q43432,Justin Timberlake,Q443120,Lance Bass,,,,,2,Q154454,NSYNC,text,NSYNC,music,1305-0,4.699999999999999
5136,Who was the voice actor for Meg Griffin in Family Guy?,Q908772,Meg Griffin,Q5930,Family Guy,,,,,2,Q37628,Mila Kunis,kb,Mila Kunis,tvseries,1736-1,4.699999999999999
6487,"Who played the Marvel character, Daredevil, in a 2003 movie first?",Q327553,Daredevil,Q751805,Daredevil,,,,,2,Q483118,Ben Affleck,text,Ben Affleck,tvseries,2186-3,4.699999999999999
5606,Did Charlize Theron have a relationship with the actor Sean Penn?,Q80046,Charlize Theron,Q44221,Sean Penn,,,,,2,Yes,Yes,kb,Yes,movies,1892-3,4.699999999999999
5432,What is the name of Elvis Presley and Priscilla Presley's daughter?,Q303,Elvis Presley,Q234773,Priscilla Presley,,,,,2,Q237324,Lisa Marie Presley,kb,Lisa Marie Presley,music,1834-3,4.699999999999999
6414,Which actor played Zeus Carver in Die Hard with a Vengeance?,Q2716420,Die Hard,Q106871,Die Hard with a Vengeance,,,,,2,Q172678,Samuel L. Jackson,text,Samuel L. Jackson,movies,2162-2,4.699999999999999
6480,What year did Yo-Yo Ma receive the National Medal of Arts?,Q234891,Yo-Yo Ma,Q1789030,National Medal of Arts,,,,,2,2001-01-01T00:00:00Z,2001,text,2001,music,2184-2,4.699999999999999
5091,What is the name of Paul's father in the novel Dune?,Q190192,Dune,Q939956,Paul Atreides,,,,,2,Q5219165,List of Dune secondary characters,table,Leto I Atreides,books,1720-4,4.699999999999999
6332,Which band was Jacquie O'Sullivan a member of before joining Bananarama?,Q6121072,Jacquie O'Sullivan,Q725926,Bananarama,,,,,2,Q7496661,Shillelagh Sisters,text,Shillelagh Sisters,music,2134-4,4.699999999999999
6236,What job does Veronica Vaughn have in the movie Billy Madison?,Q372299,Billy Madison,Q238432,Bridgette Wilson,,,,,2,Q2251335,school teacher,text,school teacher,movies,2102-4,4.699999999999999
5040,Did the album The Smiths include the song Hand in Glove?,Q974045,The Smiths,Q2705605,Hand in Glove,,,,,2,Yes,Yes,table,Yes,music,1704-2,4.699999999999999
5473,How many matches has João Félix played for Portugal in 2019?,Q27049064,Jo\u00E3o F\u00E9lix,Q267245,Portugal national association football team,,,,,2,5,5,table,5,soccer,1848-2,4.699999999999999
6485,What was the first MCU tv series that aired on Netflix?,Q642878,Marvel Cinematic Universe,Q18152514,list of Marvel Cinematic Universe television series,,,,,2,Q16977365,Daredevil,table,Daredevil,tvseries,2186-1,4.699999999999999
5042,"When did The Smiths release the album Strangeways, Here We Come?",Q180598,The Smiths,Q1065130,"Strangeways, Here We Come",,,,,2,1987-09-28T00:00:00Z,28 September 1987,text,28 September 1987,music,1704-4,4.699999999999999
5449,What is the date of birth of 2666's writer Roberto Bolaño?,Q219437,2666,Q297532,Roberto Bola\u00F1o,,,,,2,1953-04-28T00:00:00Z,28 April 1953,text,28 April 1953,books,1840-2,4.699999999999999
5474,How many goals has João Félix scored for Portugal in 2020?,Q27049064,Jo\u00E3o F\u00E9lix,Q267245,Portugal national association football team,,,,,2,3,3,table,3,soccer,1848-3,4.699999999999999
5145,How many years did Álvaro Morata play for Real Madrid CF?,Q48770,\u00C1lvaro Morata,Q8682,Real Madrid C.F.,,,,,2,Q48770,\u00C1lvaro Morata,kb,4,soccer,1738-4,4.699999999999999
5054,How many seasons did Karl-Heinz Thielen play for 1. FC Köln?,Q895723,Karl-Heinz Thielen,Q104770,1. FC K\u00F6ln,,,,,2,10,10,text,10,soccer,1708-4,4.699999999999999
6407,When did Ray Bradbury published his first novel The Martian Chronicles?,Q40640,Ray Bradbury,Q918052,The Martian Chronicles,,,,,2,1950-05-04T00:00:00Z,4 May 1950,infobox,04 May 1950,books,2160-1,4.699999999999999
6408,Who awarded Ray Bradbury a special citation for his distinguished career?,Q40640,Ray Bradbury,Q7259350,Pulitzer Prize Special Citations and Awards,,,,,2,Q46525,Pulitzer Prize,table,Pulitzer Prize,books,2160-2,4.699999999999999
5034,Did Stephen Fry have a role in the movie Gosford Park?,Q192912,Stephen Fry,Q165392,Gosford Park,,,,,2,Yes,Yes,infobox,Yes,movies,1702-2,4.699999999999999
6424,Topher Grace and Ashton Kutcher starred in what American period sitcom?,Q277978,Topher Grace,Q164782,Ashton Kutcher,,,,,2,Q208072,That '70s Show,text,That '70s Show,tvseries,2166-0,4.699999999999999
6423,"Who sang the 2012 James Bond movie Skyfall's theme song ""Skyfall""?",Q4941,Skyfall,Q326790,Skyfall,,,,,2,Q23215,Adele,kb,Adele,music,2165-0,4.699999999999999
5575,What character does Helena Bonham Carter play in The King's Speech?,Q170428,Helena Bonham Carter,Q160060,The King's Speech,,,,,2,Q10633,Queen Elizabeth The Queen Mother,text,Queen Elizabeth,movies,1882-2,4.699999999999999
6143,In which movie does Tommy Lee Jones play the character Two-Face?,Q170587,Tommy Lee Jones,Q295599,Two-Face,,,,,2,Q221345,Batman Forever,text,Batman Forever,movies,2072-1,4.699999999999999
8760,What did Rayford Steele from Left Behind do as a job?,Q2307461,Left Behind,Q7298452,Rayford Steele,,,,,2,Q2095549,Pilot,kb,aircraft pilot,books,2880-7,4.699999999999999
7290,Who is the producer of the song Love Buzz by Nirvana?,Q11649,Nirvana,Q1753055,Love Buzz,,,,,2,Q427917,Jack Endino,infobox,Jack Endino,music,2454-3,4.699999999999999
6769,Who authored the last book in the Wheel of Time Series?,Q4470,The Wheel of Time,Q2819819,A Memory of Light,,,,,2,Q457608,Brandon Sanderson,text,Brandon Sanderson,books,2280-3,4.699999999999999
8557,When did Annie Lennox from the Eurythmics begin her solo career?,Q151231,Annie Lennox,Q207706,Eurythmics,,,,,2,1992-01-01T00:00:00Z,1992,text,1992,music,2844-1,4.699999999999999
6863,Is 365 days nominated for worst picture in Golden Raspberry Awards?,Q85520182,365 Days,Q40237,Golden Raspberry Awards,,,,,2,Yes,Yes,table,Yes,movies,2312-1,4.699999999999999
9162,What year did Ozzy Osbourne leave Black Sabbath the first time?,Q47670,Black Sabbath,Q133151,Ozzy Osbourne,,,,,2,1978-01-01T00:00:00Z,1978,text,1978,music,2954-4,4.699999999999999
6911,Which club was Neymar transferred to from the football club Barcelona?,Q142794,Neymar,Q7156,FC Barcelona,,,,,2,Q483020,Paris Saint-Germain F.C.,table,Paris Saint-Germain F.C.,soccer,2328-1,4.699999999999999
6871,What is the length of Karma Police song in Ok Computer?,Q202996,OK Computer,Q1750699,Karma Police,,,,,2,4:25,4:25,table,4:25,music,2314-3,4.699999999999999
8052,Which soccer club won the U.S. Open Cup title in 2019?,Q27192,U.S. Open Cup,Q6600871,list of U.S. Open Cup finals,,,,,2,Q16836317,Atlanta United FC,table,Atlanta United FC,soccer,2708-3,4.699999999999999
7351,Was Michael Jackson a member of the band The Jackson 5?,Q2831,Michael Jackson,Q43267,The Jackson 5,,,,,2,Yes,Yes,text,Yes,music,2474-4,4.699999999999999
8460,What was the character Justin Chatwin played in Another Life series?,Q129978,Justin Chatwin,Q55604025,Another Life,,,,,2,a scientist employed by United States Interstellar Command,a scientist employed by United States Interstellar Command,text,a scientist employed by United States Interstellar Command,tvseries,2826-3,4.699999999999999
9396,Which Emmy Award did Gideon Raff win in the year 2012?,Q5559656,Gideon Raff,Q123737,Emmy Award,,,,,2,Q3123491,Primetime Emmy Award for Outstanding Writing for a Drama Series,text,Primetime Emmy Award for Outstanding Writing for a Drama Series,tvseries,2996-8,4.699999999999999
8833,Which Tears for Fears member wrote the songs on The Hurting?,Q269091,Tears for Fears,Q1779880,The Hurting,,,,,2,Q554025,Roland Orzabal,table,Roland Orzabal,music,2894-3,4.699999999999999
7699,What city is the company who published Maisie Dobbs based in?,Q3278529,Maisie Dobbs,Q7554766,Soho Press,,,,,2,Q60,New York City,text,New York City,books,2590-4,4.699999999999999
7288,In which year did Nirvana released its first song Love Buzz?,Q11649,Nirvana,Q1753055,Love Buzz,,,,,2,1988-01-01T00:00:00Z,1988,infobox,1988,music,2454-1,4.699999999999999
7115,Did Millennium or The Lone Gunmen lasted more than one season?,Q1477859,Millennium,Q1218201,The Lone Gunmen,,,,,2,Yes,Yes,infobox,Yes,tvseries,2396-2,4.699999999999999
9404,Number of goals by Michal Helik for Poland national football team?,Q16236772,Micha\u0142 Helik,Q166196,Poland national football team,,,,,2,0,0,table,0,soccer,2998-5,4.699999999999999
6848,Did J.J. Abrams do any work on Lost after his departure?,Q23567,Lost,Q188137,J. J. Abrams,,,,,2,Yes,Yes,text,Yes,tvseries,2306-4,4.699999999999999
7914,What role did Christoph Waltz play in the film Inglorious Basterds?,Q76819,Christoph Waltz,Q153723,Inglourious Basterds,,,,,2,Q3120776,Hans Landa,kb,Hans Landa,movies,2662-3,4.699999999999999
8769,What movie did Rob Lowe win a Golden Raspberry Awards for?,Q296505,Rob Lowe,Q40237,Golden Raspberry Awards,,,,,2,Q1406821,St. Elmo's Fire,table,St. Elmo's Fire,movies,2882-5,4.699999999999999
8781,Is The Murder of My Sweet under the label Frontiers Records?,Q1470264,Frontiers Records,Q1689109,The Murder of My Sweet,,,,,2,Yes,Yes,text,Yes,music,2884-6,4.699999999999999
8170,In which movie did Ryan Gosling and Rachel McAdams appear together?,Q193815,Ryan Gosling,Q190386,Rachel McAdams,,,,,2,Q223374,The Notebook,text,The Notebook,movies,2752-0,4.699999999999999
7158,Katniss Everdeen belongs to which district in The Huger Games Trilogy?,Q11679,The Hunger Games,Q2071301,Katniss Everdeen,,,,,2,Q14136664,District 12,kb,District 12,books,2410-3,4.699999999999999
9342,Which season of Teen Wolf did Tyler Posey become a co-producer?,Q836393,Teen Wolf,Q324753,\u05E9\u05D5\u05DC\u05D9 \u05D7\u05D9\u05EA\u05D5\u05DC\u05D9,,,,,2,5,5,text,5,tvseries,2986-9,4.699999999999999
